produto;descrição;qut;precro_bruto;prateleira
153754; ANEL ORING RESFRIADOR RADIADOR ÓLEO TROCADOR CALO;0,;53,25;
15153318ML; JTA CABE AÇO INOX 0,70MM  BMW X1 118I 218I MINI C;0,;414,50;
15153317ML; JTA CABE AÇO INOX 0.70MM BMW 120I 125I 135I 320I ;0,;346,90;
15156807ML; JTA CABE AÇO INOX SUZUKI S-CROSS VITARA MTR TURBO;0,;394,04;
144010049; KIT SELO METAL FIAT IDEA MOBI PALIO STRADA UNO MT;0,;65,06;
15158601ML1;,JTA CABE ACO INOX 0.75MM RENAULT LOGAN SANDERO KW;6,;361,04;E15_E.7
141515PK;,JTA CABE BASPACK 87.0MM FIAT PALIO SIENA BRAVA 1.;20,;67,56;14_A.7
21557;0W20 SN SINTETICO RADNAQ 30D;0,;42,86;
10242;0W50 SL DRAGON 20D;24,;28,57;
20393;10W40 SN SINTETICO RADNAQ 30D;0,;42,86;
15205607ML;15205013ML JTA COL ESCAP TOYOTA ETIOS MTR 2NR-FE D;4,;49,73;
15205013ML;15205607ML JTA COL ESCAP TOYOTA ETIOS MTR 2NR-FE D;4,;86,71;COL-15_G.3
15208001MLU;15208001ML UNIDADE;0,;67,92;
20W50-AN-299;20W50 SL MINERAL;96,;31,15;
ITAU LOJA;395757;0,;61,72;
MG029;556 - MANG FILTRO AR GM 1.0 CORSA CLASSIC/CELTA/PR;0,;82,19;
421701;ADAPTADOR ALUMINIO INJ ELET GM KADETT MONZA IPANEM;0,;126,85;
132110350;ADAPTADOR COL ADM FORD FIESTA KA COURIER ENDURA NA;0,;76,41;
352608;AG BOIA CARB ASIA TOWNER;0,;67,77;
322610;AG BOIA CARB GM JEEP PICK-UP VERANEIO ALC;0,;26,09;
322607;AG BOIA CARB SOLEX 160 35 ALFA GM MONZA 1.6 1.8 AL;0,;28,18;
312610;AG BOIA CARB SOLEX 30 34 BLFA GM MONZA 1.8 ALC;0,;26,87;
312607;AG BOIA CARB SOLEX 30 34 BLFA GM MONZA FORD CORCEL;0,;41,11;
312601;AG BOIA CARB SOLEX 30 PIC CALIB 1.51 VW FUSCAO BR;9,;33,75;SEL-2
322604;AG BOIA CARB SOLEX 32 160 35 ALFA CALIB 1 51 VW FU;0,;42,46;
312602;AG BOIA CARB SOLEX 32 CALIB 1.21 VW BR KOMBI SEDAN;0,;31,04;
312603;AG BOIA CARB SOLEX 32 DIS 35 PDSIT VW SEDAN PASSAT;0,;27,78;
322605;AG BOIA CARB SOLEX 35 PDSI GM CHEVETTE MARAJO;0,;26,87;
312608;AG BOIA CARB SOLEX 35 PDSIT VW PASSAT VOYAGE 1500;0,;28,18;
322601;AG BOIA CARB SOLEX DUPLO 54 34 SEIE GM CHEVETTE MA;0,;31,04;
322608;AG BOIA CARB SOLEX DUPLO 54 34 SEIE GM OPALA CARAV;0,;27,36;
342601;AG BOIA CARB WEBER 190 460 495 TLDZ FIAT UNO FIORI;0,;31,04;
322602;AG BOIA CARB WEBER 228 DFV GM CHEVETTE FORD CORCEL;0,;31,04;
322603;AG BOIA CARB WEBER 228 DFV GM OPALA FORD CORCEL PI;0,;31,04;
312609;AG BOIA CARB WEBER 450 M PROG VW PASSAT GOL VOYAGE;0,;31,04;
312604;AG BOIA CARB WEBER 450 M PROG VW PASSAT GOL VOYAGE;0,;31,04;
342602;AG BOIA CARB WEBER 460 495 TLDZ FIAT UNO PREMIO EL;0,;28,18;
342603;AG BOIA CARB WEBER 460 FIAACT UNO SX PREMIO ELBA;0,;26,87;
322611;AG BOIA CARB WEBER DFV 446 GM OPALA CARAVAN PICK-U;0,;36,61;
401318;AG MISTURA AR ASIA TOWNER;0,;24,35;
401301;AG MISTURA AR FIAT UNO 1300 84 CORCEL BELINA II DE;0,;7,12;
401308;AG MISTURA AR SOLEX 2E7 3E VW SANTANA GOL GT APOLL;0,;11,08;
401317;AG MISTURA AR SOLEX 35-ALFA1 35 PDSI-T GM CHEVETTE;0,;9,33;
401310;AG MISTURA AR SOLEX BLFA FORD CORCEL BELINA DEL RE;0,;8,50;
401304;AG MISTURA AR SOLEX DUPLO 32 PDSIT2 VW BRASILIA;0,;13,09;
401320;AG MISTURA AR SOLEX DUPLO 32 PDSIT2 VW KOMBI 1600;0,;16,07;
401321;AG MISTURA AR SOLEX DUPLO 34 SEIE CABE PLAST GM OP;0,;28,63;
401322;AG MISTURA AR SOLEX DUPLO 34 SEIE FORD CORCEL BELI;0,;26,98;
401326;AG MISTURA AR SOLEX DUPLO 34 SEIE GM OPALA CARAVAN;0,;10,20;
401303;AG MISTURA AR SOLEX SIMPLES WEBER 228 DFV VW FUSCA;0,;11,42;
401307;AG MISTURA AR WEBER 190 FIAT 147 PANORAMA FIORINO;0,;11,08;
401315;AG MISTURA AR WEBER 450 M PROG 460 FIAT PREMIO ELB;0,;11,62;
401325;AG MISTURA AR WEBER 450 M PROG GM CHEVETTE 1.4 1.6;0,;13,63;
401319;AG MISTURA AR WEBER 450 M PROG GM CHEVETTE 1.4 80/;0,;10,20;
401302;AG MISTURA AR WEBER 450 M PROG ROSCA FINA VW PASSA;0,;11,08;
401323;AG MISTURA AR WEBER 495 FIAT MILLE UNO 1.6 FORD ES;0,;8,06;
401324;AG MISTURA AR WEBER DFV 446 GM OPALA CARAVAN PICK-;0,;20,13;
351908;AG VAL MAX ASIA TOWNER TODOS GAS;0,;25,06;
11118;AGULHA CARB. FIAT 1300/147/CHEVETTE/OPALA;0,;42,90;
40119;AGULHA CARB. FIAT147 1050/FUSCA1600/PASSAT;0,;39,32;
312605;AGULHA DE BÓIA;10,;31,04;
312606;AGULHA DE BÓIA GOL/CHEVY/CORCEL CARB. WEBER 190/46;2,;33,75;
312612;AGULHA DE BÓIA KOMBI 91/... CARB. 32 PDSIT;20,;45,41;
312611;AGULHA DE BÓIA SANTANA/PST CARB.SOLEX 2E/3E;0,;40,02;
322606;AGULHA DE BÓIA UNO/CORCEL/GOL CARB.WEBER 460/495;9,;31,04;
BAD16002;AMORT TRAS FIAT PALIO TDS 96/.. SIENA TDS 96/...  ;2,;149,20;
BAD16005;"AMORTECEDOR DIANT.LD/LE PALIO 1.8R 05/;PALIO TDS";0,;278,11;
BAD16001;AMORTECEDOR DIANT.LD/LE PALIO WEEKEND1.3/1.8RST 01;4,;261,36;
BAD03006;AMORTECEDOR TRASEIRO L200 TRITON 08/...;4,;164,87;
CATALOGO;AMOSTRA BASTOS JUNTAS;0,;37,71;
BAD03005;AMOTER MITSUBISHI L200 TRITON 08/ TRAS L DIR ESQ;4,;247,93;
999004;ANEIS VEDACAO GRANDE16X185MM;0,;68,28;
999003;ANEIS VEDACAO MEDIO 16X115MM;0,;61,21;
999002;ANEIS VEDACAO PEQUENO 16X87MM;0,;48,93;
58046270AN;ANEL +0,20 71 MM FIAT 1.3 8V 16V FIRE 02/... COD. ;0,;107,12;
58003270AN;ANEL +0,20 76,2 MM FIAT 1000/1500 E-201 PALIO PREM;0,;112,04;
5470AN;ANEL +0,40 70,4 MM FIAT PALIO UNO SIENA 1.0 FIRE 8;0,;117,49;
58111470AN;ANEL +0,40 72,4 MM FIAT PALIO FIRE 1.4 8V FLEX  CO;0,;110,01;
58002470AN;ANEL +0,40 76,4 MM FIAT UNO MILLE GAS COD. FABR. 5;0,;114,07;
58107530AN;ANEL +0,50 69,18 MM FORD FIESTA KA ZETEC ROCAM 1.0;0,;116,72;
57540AN;ANEL +0,50 71,6 MM GM CORSA GAS 94/... CELTA FLEX ;0,;108,80;
58050530AN;ANEL +0,50 77,5 MM FORD ESCORT 1.6 AE GAS PAMPA 16;0,;143,96;
58051530AN;ANEL +0,50 82,57 MM FORD FIESTA KA ZETEC ROCAM 1.6;0,;137,31;
58037510AN;ANEL +0,50 86 MM VW 1600 AR 84/... ALC GAS COD. FA;0,;91,92;
58005670AN;ANEL +0,60 70,6 MM FIAT PALIO UNO SIENA 1.0 FIRE 8;0,;117,49;
58111670AN;ANEL +0,60 72,6 MM FIAT PALIO FIRE 1.4 8V FLEX COD;0,;110,01;
58002670AN;ANEL +0,60 76,6 MM FIAT UNO MILLE GAS COD. FABR. 5;0,;114,07;
1442492;ANEL 46.0 X 2.60 FIAT UNO SMART PALIO SIENA IDEIA;0,;7,25;
7311451;ANEL ANTI CHAMA REPIRO TV BOR FORD FIESTA KA ECOSP;0,;25,52;
114219;ANEL ANTI CHAMA VW GOL PARATI SAVEIRO MI 1000 AT 8;0,;8,28;
711101;ANEL ANTI CHAMA VW GOL VOYAGE SANTANA PASSAT 92/..;10,;8,11;SEL-1_D.7
222205BN;ANEL ATUADOR ROLAMENTO EMBREAGEM CAMBIO GM ASTRA C;0,;2,28;
113511;ANEL BBA COMB VW PASSAT GOL SANTANA 1.6 1.8 2.0 FO;0,;5,24;
154180021;ANEL BBA D AGUA CANO HYUNDAI ACCENT GL GS GSI ELAN;0,;4,69;
1440574;ANEL BBA D AGUA FIAT MAREA 1.8 16 VAL 2.0 2.4 20 V;0,;7,50;RET-02.4
124104;ANEL BBA D AGUA FLANG LATERAL COROA CAMBIO GM MONZ;12,;9,00;DIV-1_C.3
124105;ANEL BBA D AGUA GM CORSA CELTA PRISMA MERIVA 1.0 1;7,;3,65;DIV-1_C.4
15401753;ANEL BBA D AGUA RENAULT MASTER 2.5 16 VAL G9U 720;0,;56,35;
1541222;ANEL BBA D AGUA TOYOTA LANDCRUISER COASTER DELTA D;0,;11,49;
114210;ANEL BBA D AGUA VW GOL PARATI SAVEIRO MI 1000 AT 8;10,;5,21;DIV-3_D.5
1442494;ANEL BBA OLEO FIAT UNO SMART PALIO SIENA IDEIA PUN;0,;10,91;
151756051BN;ANEL BICO TV HYUNDAI HR 13/... KIA SORENTO EX 2.5;0,;171,11;
123504;ANEL BOBINA DIST GM MONZA KADETT IPANEMA ASTRA VEC;61,;5,06;DIV-3_E.5
14424910BN;ANEL BOBINA FIAT UNO SMART PALIO SIENA IDEIA PUNTO;0,;2,55;
14424911;ANEL BOBINA QUADRADO FIAT UNO SMART PALIO SIENA ID;20,;2,57;DIV-2_C.3
15171553BN;ANEL BOR 4PÇS CONICO PROTETOR BICO TOYOTA HILLUX P;10,;165,58;C20-D.2
451860;ANEL BOR CORPO TBI NISSAN TIIDA SENTRA MR20DE 16V.;0,;33,82;
1442875;ANEL BOR FIAT DOBLO GRAND SIENA IDEA PALIO PUNTO S;0,;9,03;
1442871;ANEL BOR FIAT DOBLO GRAND SIENA IDEA PALIO PUNTO S;0,;9,03;
133583;ANEL BOR FORD DURATORQ PUMA TDCI (22DDOP) 2.2 16V;0,;117,92;
15420210;ANEL BOR RENAULT TRAFIC C 11 PECAS;0,;7,55;
151750131BN;ANEL BOR TUBO INJ TOYOTA ETIOS MTR 2NR-FE DUAL VVT;1,;180,88;TV-12_F.2.C
1417913BN;ANEL BOR TV 18 PCS  CHRYSLER DODGE FIAT JEEP FREEM;0,;48,21;
12171663BN;ANEL BOR TV 18 PCS GM S10 TRAIL BLAZER CTDI LTZ 2.;0,;56,77;
151780013BN;ANEL BOR TV 18 PCS HYUNDAI IX35 2010/...TUCSON SON;0,;69,63;
15171461BN;ANEL BOR TV 2 PECAS TOYOTA COROLLA VVTI FILDER VVT;0,;12,02;
151754031BN;ANEL BOR TV 6 CHRYSLER DODGE MITSUBISHI 2 5 3 0 V6;0,;144,54;
1417871BN;ANEL BOR TV FIAT DOBLO GRAND SIENA IDEA PALIO PUNT;2,;66,92;C10_F.3.B
1517091BN;ANEL BOR TV GM S10 BLAZER M BENS SPRINTER LAND ROV;0,;21,00;
4114117BN;ANEL BOR TV GUIA BICO VELA 2 PCS VW AMAROK 2,0 4CI;0,;33,54;
11171178BN;ANEL BOR TV GUIA BICO VELA 2 PCS VW AMAROK MTR CNF;0,;51,08;
151760033BN;ANEL BOR TV NISSAN FRONTIER PARTHIF 2.5 16V 26X45X;13,;163,86;C10-C.3
151796021BN;ANEL BOR TV PEU 207 208 308 408 508 2008 3008 RCZ;0,;104,76;
151796021SL;ANEL BOR TV SILIC PEU 207 208 308 408 508 2008 300;0,;98,66;
151750133BN;ANEL BOR TV TOYOTA ETIOS MTR 2NR-FE DUAL VVTI 1.3;0,;182,82;
CFX201;ANEL BORR ESCAP GM CHEVETTE OPALA;0,;1,67;
113502;ANEL BORRACHA CAPA TUCHO VW FUSCA BRASILIA KOMBI 1;10,;22,21;
123603;ANEL BUJAO CAR GM ASTRA VECTRA S10 2.0 2.2 8V E 16;0,;3,72;
123649;ANEL BUJAO GM ASTRA VECTRA S10 2.0 2.2 8V E 16V CO;0,;1,40;
251372;ANEL CAMBIO 5 MACHA RENAULT R19 R21 CLIO MEGANE SC;0,;31,10;
211305;ANEL CAMBIO VW PASSAT GOL VOYAGE PARATI SANTANA 4;0,;21,26;
163847;ANEL CAMISA VITON MTR MERCEDES OM 501 502 150 X 15;0,;200,80;
1838094;ANEL CAMISA VITON MWM D229 4 6 CIL;0,;23,72;
1542725;ANEL CAMISA VITON RENAULT CLIO R9 R11 R19 R21 C1C;10,;50,65;SEL-1_D.4
1542053;ANEL CAMISA VITON RENAULT TRAFIC DIESEL;0,;46,60;
1542029;ANEL CAMISA VITON RENAULT TRAFIC GAS;0,;63,49;
1442574;ANEL CANO D AGUA FIAT MAREA BRAVA STILO ABARTH 1.8;0,;3,70;
1440051;ANEL CANO D AGUA FIAT UNO PALIO SIENA TIPO 1.6 8 1;0,;2,40;
1442493;ANEL CANO D AGUA MTR SMART FIRE EVO 1.0 1.4 8V 27,;0,;2,24;
1542865;ANEL CANO D AGUA PEUGEOT RENAULT TODOS;0,;11,62;
114216;ANEL CANO D AGUA VW GOL PARATI SAVEIRO MI 1000 AT;35,;5,00;DIV-3_D.1
113532;ANEL CAPA TUCHO VW GOL1300 BX REFRIGERACAO AR;0,;40,91;
134245;ANEL CARC VAL TERMOSTATICA FORD FIESTA ECOSPORT SU;4,;17,93;DIV-3_G.3
723301;ANEL CEBOLAO VW GM FIAT TODOS EXCETO CHEVETTE;0,;3,07;
15213301;ANEL COL ADM  SIL BMW 118I 120I E81/E87 318I 320I;0,;199,97;
1421852;ANEL COL ADM 04 PCS FIAT EVO GRAND IDEA 500 PALIO;10,;56,68;COL-P3_F.1
1121891;ANEL COL ADM 04 PCS VW BORA NEW BEETLE GOLF SHARAN;0,;113,63;
1521116;ANEL COL ADM BOCAL RENAULT CLIO MEGANE SCENIC KANG;4,;41,96;COL-P3_G.5
1521179;ANEL COL ADM BOCAL RENAULT CLIO MEGANE SCENIC KANG;0,;44,94;
114206;ANEL COL ADM BOCAL VW PASSAT SANTANA GOL AP 1.6 1.;2,;2,50;DIV-1_C.1
112105;ANEL COL ADM BOR VW GOL SAVEIRO PARATI MI 1.0 16V;22,;15,07;COL-P3_B.1
112106;ANEL COL ADM BOR VW GOL SAVEIRO PARATI MI 1.0 GOLF;22,;13,05;COL-P3_B.2
142153;ANEL COL ADM FIAT PALIO SIENA DOBLO 1.0 1.3 16V 99;19,;47,01;COL-P3_F.3
142149;ANEL COL ADM FIAT PALIO SIENA FIRE VW GOL POWER;144,;23,70;COL-P3_A.3
1421491;ANEL COL ADM FIAT UNO SMART PALIO SIENA IDEIA PUNT;8,;80,12;COL-P3_F.2
1321493;ANEL COL ADM FORD ESCORT ZETEC 1.8 2.0 16 VAL;28,;42,05;COL-P3_D.4
1221117;ANEL COL ADM GM CORSA CELTA PRISMA MERIVA FIAT PAL;39,;64,49;COL-P3_I.5
15211711;ANEL COL ADM HONDA CIVIC NEW CIVIC FIT 1.7 16V FLE;0,;93,74;
15218008;ANEL COL ADM I30 IX35 ELANTRA CRETA KIA SPORTAGE M;0,;93,54;
11211151;ANEL COL ADM INJE VW BORA 03/11 GOLF 03/14 POLO 03;0,;267,51;
1121811;ANEL COL ADM INJE VW GOLF SR BORA AUDI A3 A4 AEH A;4,;82,88;COL-P3_B.3
1521231;ANEL COL ADM KIA BESTA GS DIESEL;0,;22,99;
15218601;ANEL COL ADM LOGAN SANDERO KWID MTR SCE B4D FLEX 1;5,;66,18;COL-P3_I.4
1521141;ANEL COL ADM PEUGEOT 206 307 406 407 607 806 807 X;7,;42,59;COL-P3_H.7
1521120;ANEL COL ADM PEUGEOT 306 406 2.0 8 VAL XU10J2C (RF;0,;67,09;
1521100;ANEL COL ADM PEUGEOT 306 406 CITROEN 1.6 XU5J 1.8;0,;58,77;
1521981;ANEL COL ADM PEUGEOT 306 406 CITROEN XANTIA XSARA;5,;36,98;COL-P3_G.7
15211002;ANEL COL ADM PEUGEOT CITROEN BERLINGO 1.8 XU7JB 8V;0,;50,33;
152186;ANEL COL ADM RENAULT CLIO KANGOO TWINGO D7D D7F 1.;4,;40,21;COL-P3_G.1
152187;ANEL COL ADM RENAULT CLIO KANGOO TWINGO SANDERO PE;28,;29,09;COL-P3_H.3
15211083;ANEL COL ADM RENAULT MEGANE SCENIC LAGUNA K4J 1 4;10,;12,87;COL-P3_B.8
1421532;ANEL COL ADM SENSOR FIAT FIRE 1.0 1.3 16 VAL;7,;65,30;COL-P3_B.6
1421492;ANEL COL ADM SENSOR FIAT UNO SMART PALIO SIENA IDE;18,;58,75;COL-P3_E.5
1421493;ANEL COL ADM SENSOR FIAT UNO SMART PALIO SIENA IDE;1,;80,80;COL-P3_E.7
12211172;ANEL COL ADM SENSOR GM CORSA CELTA MERIVA 1.0 1.8;33,;66,17;COL-P3_D.7
15211082;ANEL COL ADM SENSOR RENAULT CLIO MEGANE LAGUNA SCN;0,;51,91;COL-P3_H.4
112104;ANEL COL ADM VW FUSCA BRASILIA KOMBI 1300 1500 160;15,;4,87;COL-11_C.2
112181;ANEL COL ADM VW GOLF SR BORA AUDI A3 A4 AEH AKL AH;5,;38,19;COL-P3_C.8
152032;ANEL COL ESCAP GURGEL SUPER MINI BR 800 31.5X40.0X;0,;8,49;
4212117;ANEL CORPO BORBOLETA GM CORSA MERIVA 1.0 1.8 FLEX;0,;12,65;
15401068;ANEL DIST COROLLA 92/99 1.6 16V 4AFE 1.8 16V 7AFE;0,;4,07;
143501;ANEL DIST FIASA NACIONAL ELBA FIAT 147 FIORINO OGG;0,;2,22;
123549;ANEL DIST GM MONZA CORSA CELTA PRIS MERI 1.0 1.4 1;0,;5,84;
153502;ANEL DIST RENAULT TRAFIC R21 2 0 2 2 GAS;0,;10,46;
113503;ANEL DIST VW FUSCA BRASILIA KOMBI VARIANT 1300 150;40,;3,36;
114214;ANEL DIST VW GOL PARATI SAVEIRO MI 1000 AT 8V E 16;0,;3,51;
CFX105;ANEL ESCAP  VW SANTANA LOGUS;0,;2,07;
15636221;ANEL FILTRO SELENOIDE VTEC HOND ARCORD CIVIC CR-V;0,;115,57;
15636220;ANEL FILTRO SELENOIDE VTEC HONDA ACCORD HYBRID ODY;5,;115,57;DIV-1_C.8
15636207;ANEL FILTRO TELA SOLENOIDE HONDA CIVIC CITY CR-Z E;126,;94,39;DIV-1_D.2
15411853;ANEL FILTRO TELA VEDACAO VALVULA VTEC SOLENOIDE HO;8,;83,78;DIV-1_C.5
144264;ANEL FLANGE CABE TUBO D AGUA VW GOL SANTANA AP 1.8;0,;4,93;
151760043BN;ANEL GR NISSAN FRONTIER PATHFINDER YO25ET 2.5 16V;5,;166,90;C10-E.1.A
1717304BN;ANEL JTA BICO INJ GM D60 D12000 D14000 D22000 DODG;0,;1,40;
211301;ANEL LATERAL CAMBIO GROSSO VW FUSCA BRASILIA KOMBI;0,;7,79;
15402351;ANEL MITSUBISHI CARISMA EXPO LANCER PAJERO TR4 FLE;0,;7,40;
154362;ANEL ORING ANTI CHAMA HONDA CIVIC D15Z3 8 D16Z6 7 ;0,;4,26;
15273301;ANEL ORING BOR BBA VACUO BMW 116I 316I 1.6 16V 200;0,;9,86;
12371643;ANEL ORING BORRACHA CANO ENTRADA RESF OLEO MOTOR G;0,;2,36;
15411711;ANEL ORING DISTRIBUIDOR HONDA CIVIC D15 1.5 D16 1.;0,;8,06;
1817231BN;ANEL ORING PRISI TV MTR MWM X10 X12 4.12 6.12 SERI;0,;0,36;
1317834BN;ANEL PARAFUSO FORD DURATORQ PUMA TDCI (22DDOP) 2.2;0,;112,50;
1317864BN;ANEL PARAFUSO FORD RANGER 13/... TROLLER - T4 MTR;0,;96,43;
113701;ANEL RADIADOR OLEO VW FUSCA BRASILIA KOMBI 1300 15;0,;3,72;SEL-1_G.6
113507;ANEL RADIADOR OLEO VW IMPORTADO;0,;10,92;
113702;ANEL RADIADOR OLEO VW VARIANT;0,;11,30;
1442491;ANEL RESPIRO OLEO FIAT UNO SMART PALIO SIENA IDEIA;0,;7,25;
15211081;ANEL SENSOR RENAULT CLIO MEGANE LAGUNA SCNIC MOTOR;0,;37,34;
1442499;ANEL SENSOR TEMPERATURA D AGUA FIAT UNO SMART PALI;15,;9,26;DIV-2_D.2
12211241;ANEL SENSOR TEMPERATURA D AGUA GM COBALT MERIVA MO;0,;24,06;
12211171;ANEL SENSOR TEMPERATURA D AGUA GM CORSA CELTA MERI;0,;11,86;
1440537;ANEL SENSOR TEMPERATURA D AGUA GM CORSA FIAT FIRE;0,;9,26;DIV-2_B.6
114215;ANEL SENSOR TEMPERATURA D AGUA VW GOL MI 1.0 8V E;0,;3,47;
152168033;ANEL SENSOR TEMPERATURA DAGUA GM TRACKER SUZUKI GR;0,;15,19;
14424910;ANEL SIL BOBINA FIAT UNO SMART PALIO SIENA IDEIA P;284,;4,44;DIV-3_I.3
124104SL;ANEL SILIC BBA D AGUA FLANG LATERAL COROA CAMBIO G;0,;18,45;
79770AN;ANEL STD 4 CIL 69 MM 1,2 X 1,5 X 2,5 PEU/REN 1.0;0,;205,84;
111070AN;ANEL STD 72 MM FIAT PALIO FIRE 1.4 8V FLEX  COD. F;0,;110,01;
58055040AN;ANEL STD 82 MM GM CHEVETTE 1.6 GAS HATCH MARAJÓ ..;0,;132,66;
58004070AN;ANEL STD 86,4 MM FIAT ELBA FIORINO PREMIO TIPO 1.6;0,;122,85;
391701071BN;ANEL TAMPA VALVULA MOTOCICLETA HONDA MTR CG TITAN;0,;1,67;
13733;ANEL TAMPA/ENCHIMENTO OLEO DO MOTOR PALIO FIRE TDS;0,;2,59;PRAT RESERVAS
1542222;ANEL TOYOTA LANDCRUISER COASTER DELTA DYNA TOYO AC;0,;0,91;
154050021;ANEL TOYOTA LANDCRUISER COASTER DYNA 200 DAIHATSU;0,;1,45;
1442331;ANEL TP COMANDO FIAT PALIO WEEKEND STRADA BRAVA 1.;0,;3,36;
134290BN;ANEL TP DIST FORD KA KA+ NEW FIESTA ECOBOOST TIVCT;0,;15,68;
1140023;ANEL TROCADOR CALOR 60 X 5 VW PASSAT GOL SANTANA S;0,;19,81;
15401342;ANEL TROCADOR CALOR CITROEN C3 C4 C5 C8 PEUGEOT 20;0,;83,17;
1440573;ANEL TROCADOR CALOR FIAT MAREA BRAVA STILO ABARTH;0,;43,98;
124213;ANEL TUBO BBA OLEO GM CHEVETTE 1.4 1.6 JUNIOR 1000;0,;3,36;
114103;ANEL TUBO D AGUA VW GOL SAVEIRO PARATI AT MI 1000;90,;3,65;DIV-3_H.3
211302;ANEL TUBO SEMI-EIXO CAMBIO FINO VW FUSCA BRASILIA;0,;7,17;
1417571BN;ANEL TV (TP ALUMINIO) FIAT MAREA BRAVA 1.8 16V 4 C;0,;50,33;
1417691BN;ANEL TV 12 PECAS (TP PLASTICA) FIAT MAREA BRAVO ST;0,;45,35;
1417531BN;ANEL TV 12 PECAS 15.3X1.78 FIAT PALIO FIRE 1.0 1.3;0,;20,83;
15171961SL;ANEL TV BOR  MIT PAJERO TD TRITON NISSAN FRONTIER;0,;75,98;
12171613BN;ANEL TV BOR 26 PCS GM CAPTIVA MTR 10HM 3.6 24V V6;0,;39,37;
1417881BN;ANEL TV BOR 4 PCS  FIAT DOBLO GRAN SIENA SIENA IDE;2,;33,79;C9-G.3
12171661BN;ANEL TV BOR 4 PCS CTDI LTZ 2.8 4 CILS 16V DIESEL G;6,;149,26;C-20_E.3.B
15171123BN;ANEL TV BOR 4 PCS GDE HONDA CIVIC D15ZI D16A6 D16Z;0,;35,87;C30-A.2
15172231BN;ANEL TV BOR 4 PCS GDE TOYOTA HILUX LANDCRUISE T100;0,;149,96;
15171363BN;ANEL TV BOR 4 PCS HONDA CIVIC 16V D15B1 D15B2 D15B;0,;52,49;
15171773BN;ANEL TV BOR 4 PCS HYUNDAI TUCSON I30 KIA SPORTAGE;3,;51,03;C20-F.3.B
15171941BN;ANEL TV BOR 4 PCS MITSUBISHI PAJERO IO 98/ TR4 FLE;6,;62,56;C20_J.2
15172283BN;ANEL TV BOR 4 PCS PEQ HONDA ACCORD PRELUDE 1 8 2 0;0,;165,12;
1517871BN;ANEL TV BOR 4 PCS RENAULT CLIO KANGOO TWINGO SANDE;5,;80,48;C30-D.2
15171551BN;ANEL TV BOR 4 PCS TOYOTA HILUX 16V 2KD FTV TURBO D;4,;90,79;C20-C.2
15172233BN;ANEL TV BOR 4 PCS TOYOTA HILUX LANDCRUISE T100 TAC;0,;74,41;
15171121BN;ANEL TV BOR 5 PCS PEQ HONDA CIVIC D15ZI D16A6 D16Z;5,;43,93;C30-C.4
15172211BN;ANEL TV BOR 5 PCS PEQ TOYOTA COROLLA PASEO TERCEL;0,;103,57;
12171611BN;ANEL TV BOR 6 PCS GM CAPTIVA MTR 10HM 3.6 24V V6;0,;60,59;
15171691BN;ANEL TV BOR 8 PCS HONDA FIT CITY JAZZ I-DSI TWIN S;0,;40,63;C30-A.1
15171361BN;ANEL TV BOR CIVIC CRX 92 MTR D16A7 SOHC 1 6 16;0,;56,12;
15172271BN;ANEL TV BOR HONDA ACCORD 2 3 16VAL VTEC F23A3 F23A;0,;157,26;
15171961BN;ANEL TV BOR MITSUBI TRITON 3.2 NISSAN FRONTIER 2.5;4,;41,34;C20-J.1
1517873BN;ANEL TV BOR RENAULT CLIO KANGOO TWINGO PEUGEOT 206;5,;16,74;C30-D.5
15171541BN;ANEL TV BOR TOYOTA COROLLA PRIUS 07/... 2ZR-FE 1.8;0,;78,83;
1117061BN;ANEL TV BOR VW GOL AT 1000 8V 97/...;11,;18,21;DIV-1_C.2
1417071BN;ANEL TV FIAT TEMPRA TIPO 2.0 16 VAL;67,;27,02;TV-14_E.2
1317491BN;ANEL TV FORD ESCORT MONDEO ZETEC 1.8 2.0 16 VAL;0,;50,33;
12171051BN;ANEL TV GM S10 BLAZER VORTEC GAS V6 4.3;0,;50,33;
1217131BN;ANEL TV GM VECTRA ASTRA CORSA 16V FIAT ETOEQ 1.6 1;0,;14,65;
42121171;ANEL VAL RECIRCULACAO GASES GM CORSA MERIVA 1.0 1.;0,;7,64;
114217;ANEL VAL TERM BAH BJA BLH BORA CROSSFOX FOX GOL GO;0,;4,44;
1242873;ANEL VAL TERM BY-PASS VITILALACAO GM VECTRA ASTRA;0,;4,87;
143587;ANEL VAL TERMOST FIAT DOBLO GRAND SIENA IDEA PALIO;7,;58,79;DIV-3_F.5
143588;ANEL VAL TERMOST FIAT DOBLO GRAND SIENA IDEA PALIO;0,;58,79;
123505;ANEL VAL TERMOSTATICA ABERTO GM MONZA KADETT IPANE;0,;4,72;
1135116;ANEL VAL TERMOSTATICA BB DAGUA VW JETTA PASSAT TIG;0,;61,38;
15355002;ANEL VAL TERMOSTATICA BBA DAGUA TOYOTA LANDCRUISER;0,;13,65;
1335491;ANEL VAL TERMOSTATICA CARC FORD ESCORT MONDEO ZETE;0,;3,03;
1335431;ANEL VAL TERMOSTATICA CARC FORD FIESTA COURIER ZET;10,;3,36;
1242872;ANEL VAL TERMOSTATICA CARC GM VECTRA ASTRA S10 2.0;0,;7,14;
113513;ANEL VAL TERMOSTATICA CARC VW PASSAT SANTANA GOL A;0,;6,03;
123593;ANEL VAL TERMOSTATICA CORSA 1.0 16V;30,;0,00;DIV-3_H.4
1442573;ANEL VAL TERMOSTATICA FIAT BRAVA PALIO STRADA SIEN;0,;3,70;
143585;ANEL VAL TERMOSTATICA FIAT EVO GRAND SIENA IDEA 50;0,;27,91;
1340494;ANEL VAL TERMOSTATICA FORD ESCORT MONDEO ZETEC 1.8;0,;21,82;
133543;ANEL VAL TERMOSTATICA FORD FIESTA COURIER 1.4 16 V;0,;3,23;
133545;ANEL VAL TERMOSTATICA FORD FIESTA ECOSPORT KA ZETE;0,;7,73;
1335451;ANEL VAL TERMOSTATICA FORD FIESTA ECOSPORT KA ZETE;0,;8,16;
133533;ANEL VAL TERMOSTATICA FORD FIESTA KA ENDURA NACION;0,;8,16;
123507;ANEL VAL TERMOSTATICA GM CORSA 1.0 1.4 1.6 8 16V E;0,;6,19;
1535186;ANEL VAL TERMOSTATICA HYUNDAI HB20 KIA PICANTO 1.0;0,;16,77;
1240051;ANEL VAL TERMOSTATICA OVAL GM CORSA CELTA 1.0 1.4;0,;11,54;
1542861;ANEL VAL TERMOSTATICA RENAULT CLIO KANGOO TWINGO S;0,;18,38;
114213;ANEL VAL TERMOSTATICA VW GOL PARATI SAVEIRO MI 100;0,;6,93;
15351651;ANEL VAL TERMOSTATO BBA D'AGUA CITROEN C2 C3 2002/;0,;4,98;
431209;ANEL VALV IAC COURIER ZETEC 1.4 16V ESCORT ZETEC 1;11,;1,08;DIV-2_F.3
431220;ANEL VALV IAC FORD COURIER FIESTA KA 1.0 1.3;0,;4,93;
1435101;ANEL VARETA OLEO CHUPETA FIAT 147 MILLE PALIO TEMP;3,;10,37;DIV-3_H.1
143529;ANEL VARETA OLEO FIAT ELBA FIORINO MILLE PREMIO TO;0,;7,97;
1435491;ANEL VARETA OLEO FIAT FIRE TODOS;0,;8,33;
1440576;ANEL VARETA OLEO FIAT MAREA BRAVO  MTR 2.0 20V M64;0,;14,38;
1142201;ANEL VED VW GOL POWER EA111 1.0 16V 2002/....;0,;5,45;
113510;ANEL VEDACAO DA FLANGE DO COMANDO DA DISTRIBUICAO;0,;4,35;
1140022;ANEL VEDADOR HOMOGENIZACAO 64 X 2.6 VW PASSAT GOL;0,;5,68;
124002;ANEL VEDADOR HST VAL GM OPALA 90 CARAVAN 153 151 1;17,;9,68;DIV-1_E.4
113501;ANEL VOLANTE GRAFITADO GM VAL TERMOSTATICA VW FUSC;316,;3,85;DIV-2_G.1
1142117;ANEL VW PASSAT AUDI A4 A6 A8 S4 S6 2 4 2 7 2 8 V6;0,;41,65;
144301;ANTI CHAMA FIAT UNO ELBA PREMIO FIORINO 1.0 1.3 1.;0,;15,64;
144349;ANTI CHAMA FIAT UNO PALIO SIENA DUBLO FIRE 1.0 1.3;0,;15,64;
MG099;ANTI CHAMAS FIAT DOBLO FIORINO UNO MILLE PALIO SIE;0,;3,97;
7014WS;ANTI-CHAMA FIAT FIRE TODOS MOTORES 1.0 1.3;0,;5,71;SAI_E.3
1639046;ARRUELA ALU 14.4 X 20.0 X 1.50MM M BENS OM352A TUR;0,;5,40;
133606;ARRUELA ALU BUJAO CAR 100 PCS FORD CORCEL I ATE 77;0,;88,29;
113601;ARRUELA ALU BUJAO CAR 100 PCS FORD GM FIAT VW 14,3;0,;111,59;DIV-2_F.4
153686;ARRUELA ALU BUJAO CAR 100 PCS RENAULT CLIO KANGOO;0,;76,39;
1136011;ARRUELA ALU BUJAO CAR 50 PCS VW FUSCA BRASILIA VAR;0,;4,46;
1442575;ARRUELA ALU BUJAO CAR FIAT MAREA 2.0 2.4 5 CIL 18.;0,;7,12;
AR142015;ARRUELA ALUMINHO 14X20X1,5;1.040,;0,97;
123609;ARRUELA ALUMINIO BUJAO CAR 100 PCS GM OPALA 90 CAR;0,;47,17;
1739011;ARRUELA BICO INJETOR 10,3X21,0X2,0 CU;0,;19,69;
1519581NA;ARRUELA BUJAO CARTER WM VOLARE A6 S10 VAN SPRINT N;0,;9,26;
OMA01;ARRUELA DE AL 16X22X1,5;1.710,;0,57;
311616;ARRUELA LAT ESPASSADORA CARB 2E 3E FORD ESCORT VER;0,;3,78;
15556005;ARRUELA PARAF CABE M10 NISSAN VERSA MARCH LIVINA H;0,;4,64;
11550047;ARRUELA PARAF CABE M11 VW PASSAT GOL SANTANA SAVEI;0,;6,17;
15550011;ARRUELA PARAF CABE M12 HYUNDAI H1 H100 TD KIA TD D;0,;5,19;
15550186;ARRUELA PARAF CABE M9 HYUNDAI HB20 KIA PICANTO MTR;0,;3,85;
NAF0519;ARTICULADOR AXIAL FIAT ELBA 91...96/FIORINO 91...1;37,;36,79;
NAM0514;ARTICULADOR AXIAL FIAT PALIO 01...11/ WEEK 01...11;2,;36,79;
NAM0521;ARTICULADOR AXIAL FIAT PALIO 01..11/PALIO WEEK 01.;0,;36,79;
NAM0522;ARTICULADOR AXIAL FIAT PALIO 96...00/ PALIO WEEK.;18,;36,79;
NAM0536;ARTICULADOR AXIAL FORD ESCORT 93..03/ VERONA 93...;38,;36,79;
NAF0504;ARTICULADOR AXIAL GM CORSA 00..11/ CORSA PICK UP 0;1,;36,79;
NAM0507;ARTICULADOR AXIAL GM CORSA 02...11/MERIVA 02...11/;7,;36,79;
NAM0547;ARTICULADOR AXIAL VW FOX 03... DIR HIDR/ CROSS FOX;31,;37,98;
NAM0523;ARTICULADOR FIAT PALIO 96..00 DH/ SIENA 98...00 DM;30,;36,79;
NAM0530;ARTICULADOR FORD COURIER 93...97 / FIESTA 96..02 D;17,;36,79;
NAM0534;ARTICULADOR FORD ECOSPORT 03...11/ FIESTA 02...07/;1,;36,79;
NAM0535;ARTICULADOR FORD FIESTA 02...11 DM;4,;36,79;
NAM0502;ARTICULADOR GM CORSA 94...99/ CORSA PICK UP 94...9;17,;36,79;
NAF0503;ARTICULADOR GM CORSA 94..99/ CORSA PICK UP 94...99;15,;36,79;
NAM0546;ARTICULADOR VW SAVEIRO 09.. DM/ FOX 03... DM/ CROS;1,;36,80;
532001070;BALANCIM ARGO / CRONOS / BRAVO (CENTRAL) FCI 11F6A;2,;210,62;
532003070;BALANCIM ARGO / CRONOS / BRAVO (DIR) FCI 5540E795-;4,;182,11;
532002070;BALANCIM ARGO / CRONOS / BRAVO (ESQ) FCI 9A324FB8-;4,;182,11;
532000040;BALANCIM ASTRA / BLAZER / CELTA / CORSA FCI EC96BF;0,;29,49;
532005010;BALANCIM FOX / GOL / GOLF / VOYAGE / POLO FCI 638E;8,;67,91;
532011040;BALANCIM ONIX / PRISMA / AGILE / ASTRA FCI 5BC6779;8,;60,36;
NBJ0651;BANDEJA VW GOL 96..(BOLA) 97...99;18,;46,64;
311708;BAQUELITE BASE CARBURADOR CHT WEBER 460ESCORT/DEL;2,;233,07;DIV-2_E.1
311711;BAQUELITE FLANGE DA BOMBA DE COMBUSTÍVEL MOTOR A A;0,;14,60;
311701;BAQUELITE FUSCA 1600/BRASÍLIA/KOMBI/GOL AR CARB.SO;19,;9,22;SEL-2_B.2
311706;BAQUELITE PASSAT GOL PARATI CARB WEBER 450 MINI PR;0,;28,97;
311720;BASE ALUMINIO CARB SOLEX 2E 3E FORD GM VW ALCOOL;0,;133,17;
3117121;BASE ALUMINIO CARB WEBER 450 FORD GM VW;0,;153,79;
311721;BASE ALUMINIO CARB WEBER 495 TLDF TLDZ VW SANTANA;0,;153,36;
311722;BASE ALUMINIO TBI SISTEMA BOSCH MONOMOTRONIC SINGL;0,;161,00;
311705;BASE BAQ CARB SOLEX 2E 3E FORD ESCORT VERSAILLES G;5,;14,36;SEL-1_E.1
341701;BASE BAQ CARB SOLEX 32 DIS FIAT 147 FIORINO PICK-U;0,;9,36;
321704;BASE BAQ CARB SOLEX 35 PDSI GM CHEVETTE HATCH MARA;0,;8,84;
311703;BASE BAQ CARB SOLEX 35 PDSIT VW PASSAT GOL VOYAGE;0,;5,54;
321713;BASE BAQ CARB SOLEX 40 EIS 185 40 DEIS 186 GM OPAL;0,;15,91;
321702;BASE BAQ CARB WEBER 190 FIAT 147 FIORINO PICK-UP P;0,;8,13;
321705;BASE BAQ CARB WEBER 228 DFV GM OPALA CARAVAN GAS;0,;19,98;
311704;BASE BAQ CARB WEBER 450 FORD GM VW;0,;24,57;
341709;BASE BAQ CARB WEBER 460 FIAT UNO 1.6 TEMPRA 2.0;0,;55,42;
321727;BASE BAQ CARB WEBER 460 FORD TODOS CHT 1 3 1 6 83;0,;39,38;
311708BQ;BASE BAQ CARB WEBER 460 FORD TODOS CHT 1.3 1.6 83;0,;24,94;
341712;BASE BAQ CARB WEBER 495 TLDF BANDEJA FIAT MILLE EL;0,;201,12;
3417121;BASE BAQ CARB WEBER 495 TLDF FIAT MILLE ELETRONIC;0,;66,92;
311715;BASE BAQ CARB WEBER 495 TLDZ TLDF FIAT UNO PALIO 1;0,;26,51;
311707;BASE BAQ CARB WEBER 495 TLDZ TLDF FORD ESCORT VW G;2,;29,86;SEL-1_F.7
3217271;BASE BAQ CARBU WEBER 460 FORD TODOS CHT 1 3 1 6 83;0,;42,37;
341703;BASE BAQ CARSOLEX 32 DIS FIAT 147 FIORINO PICK UP;0,;5,18;
411211;BASE BAQ TBI SISTEMA BOSCH MONOMOTRONIC SINGLE POI;0,;18,62;
411203;BASE BAQ TBI SISTEMA MAGNETI MARELLI SINGLE POINT;0,;5,99;
311709;BASE BOR CARB SOLEX 2E 3E FORD GM VW GAS;2,;128,11;SEL-2_D.1
90440418;BASPACK TAMANHO CABECOTE CORCEL 39.5X18X1.8MM;0,;61,72;
90440420;BASPACK TAMANHO CABECOTE CORCEL 39.5X18X2.0MM;0,;69,96;
90440419;BASPACK TAMANHO CABECOTE CORCEL 43X19X1.9MM;0,;54,41;
90440214;BASPACK TAMANHO CABECOTE MERCEDES 6357 66X28X1.4MM;0,;153,03;
90440218;BASPACK TAMANHO CABECOTE MERCEDES 6357 66X28X1.8MM;0,;170,10;
90440220;BASPACK TAMANHO CABECOTE MERCEDES 6357 66X28X2.0MM;0,;211,10;
90440818;BASPACK TAMANHO CABECOTE OPALA 4CIL 51.5X17X1.8MM;0,;84,90;
90440820;BASPACK TAMANHO CABECOTE OPALA 4CIL 51.5X17X2.0MM;0,;94,91;
90440315;BASPACK TAMANHO CABECOTE PERKINS 4236 53X24X1.5MM;0,;102,78;
90440316;BASPACK TAMANHO CABECOTE PERKINS 4236 53X24X1.6MM;0,;95,31;
90440318;BASPACK TAMANHO CABECOTE PERKINS 4236 53X24X1.8MM;0,;89,59;
90440320;BASPACK TAMANHO CABECOTE PERKINS 4236 53X24X2.0MM;0,;122,69;
90440217;BASPACK TAMANHO CABECOTE PERKINS 6357 85X28X1.7MM;0,;179,43;
90440518;BASPACK TAMANHO CABECOTE TOPIC 50X22X1.8MM;0,;75,77;
90440618;BASPACK TAMANHO CABECOTE WILLYS 6CILS 60.5X21X1.8M;0,;115,68;
90440620;BASPACK TAMANHO CABECOTE WILLYS 6CILS 60.5X21X2.0M;0,;114,54;
CFX156;BATENTE DO FACAO VW KOMBI;0,;8,67;
CFX157;BATENTE SUPORTE MOTOR DIANT VW GOL;82,;5,60;
7018VP;BBA GAS PARTIDA Á FRIO UNIVERSAL 12V;0,;28,82;
7019VP;BBA LAVADOR DE PARABRISA UNIVERSAL 12V;0,;36,26;
24578819;BICO INJ AZUL 4 FUROS GM CORSA COBALT 1.8 PRISMA O;3,;144,40;
94705391;BICO INJ CINZA 1P GM CORSA 1.0 1.4 07/15 CELTA CLA;0,;99,84;
MP003;BICO INJ VAL FIAT PALIO SIENA STRADA 1.4 FLEX 2004;7,;120,24;
MP052;BICO INJ VAL FIAT SIENA UNO PALIO ECON. FLEX 2008/;4,;121,51;
MP065;BICO INJ VAL FIAT UNO PALIO SIENA WEEK 1.0/1.5 FIO;0,;121,51;
MP127;BICO INJ VAL FORD ECOSPORT 1.0 8V 16V FIESTA SUPER;4,;121,51;
MP176;BICO INJ VAL VW FOX GOL G IV E V VOYAGE 1.0 FLEX 2;0,;145,82;
MP046;BICO INJ VAL VW GOL PARATI /FIAT PUNTO PALIO;3,;120,24;
MP044;BICO INJ VAL VW GOL PARATI POLO SAV SANTANA 1.6/1.;0,;121,51;
NHF1055;BIELETA FIAT IDEA 06... 1.4 1.8 DIR.;14,;45,34;
NHF1054;BIELETA FIAT IDEA 06... 1.4 1.8 ESQ.;14,;45,34;
NHF1048;BIELETA FORD ECOSPORT TODOS DIANT.;14,;45,34;
6Q0411315PV;BIELETA GOL G5 G6 FOX POLO;34,;43,86;
NHF1088;BIELETA HONDA CIVIC 01... DIR. TRAS.;16,;46,08;
NHF1089;BIELETA HONDA CIVIC 01... ESQ. TRAS.;8,;46,08;
NHF1095;BIELETA HONDA CRV 07... DIR. TRAS.;3,;47,94;
NHF1096;BIELETA HONDA CRV 07... ESQ TRAS.;3,;47,94;
NHF1094;BIELETA HONDA CRV 07.... DIANT;5,;48,68;
NHF1090;BIELETA HONDA NEW CIVIC LX3 TDS DIR. TRAS.;10,;46,08;
NHF1093;BIELETA HONDA NEW CIVIC LX3 TDS ESQ DIANT;10,;46,08;
NHF1091;BIELETA HONDA NEW CIVIC LX3 TDS ESQ. TRAS.;10,;46,08;
NHF1111;BIELETA HYUNDAI TUCSON 06... DIANT.;1,;47,94;
NHF1112;BIELETA HYUNDAI TUCSON 06.... TRAS.;1,;48,68;
NHF1101;BIELETA KIA SORENTO 08.... DIANT.;4,;48,31;
NHF1151;BIELETA MITSUBISHI L 200 4X4 TRITON 08... DIR. DIA;9,;46,45;
NHF1152;BIELETA MITSUBISHI L 200 4X4 TRITON 08... ESQ. DIA;10,;46,45;
NHF1066;BIELETA PEUGEOT 207 1.6 2.0 08.... DIANT;16,;45,71;
NHF1097;BIELETA TOYOTA COROLLA 92/98 TRAS.;4,;47,20;
NHF1131;BIELETA TOYOTA HILUX 06.../ SW4 06 ESQ. DIANT;10,;49,61;
NHF1130;BIELETA TOYOTA HILUX 06.../SW4 06... DIR. DIANT;10,;49,61;
NHF1027;BIELETA VW GOL 08.... DIANT;0,;49,24;
55267998;BOBINA IGNICAO FIAT MOBI;51,;153,85;
55242406;BOBINA IGNICAO JEEP RENEGADE/FIAT TORO 1.8 16V;24,;245,45;
352508;BOIA CARB ASIA TOWNER;0,;44,77;
322506;BÓIA CARB CHEVETTE CARB.WEBER 460.402;9,;37,78;SEL-1_F.5
322505;BÓIA CARB MONZA CARB.WEBER 190;7,;25,52;SEL-1_G.4
342501;BOIA CARB SOLEX 32 DIS FIAT 147 1050 1300;0,;105,47;
332501;BOIA CARB SOLEX 34 SEIE FORD CORCEL BELINA II DEL;0,;42,33;
322501;BOIA CARB SOLEX 34 SEIE GM CHEVETTE HATCH MARAJO 1;0,;75,12;
322507;BOIA CARB SOLEX 34 SEIE GM OPALA CARAVAN 2500;0,;86,06;
322504;BOIA CARB SOLEX 35 ALFA 1 GM MONZA 1.6 1.8;0,;25,10;
312503;BOIA CARB SOLEX 35 PDSI PDSIT VW PASSAT VOYAGE 150;0,;19,70;
322502;BOIA CARB WEBER 228 DFV FORD WILLYS JEEP RURAL PIC;0,;31,57;
322503;BOIA CARB WEBER 446 GM OPALA SS 4 6 CIL;0,;108,26;
312502;BÓIA DO CARBURADOR FUSCA 1600/BRASÍLIA CARB.SOLEX;2,;15,11;SEL-1_G.7
312501;BÓIA DO CARBURADOR FUSCA/BRASÍLIA CARB.SOLEX 30 PI;4,;14,36;SEL-1_G.2
312506;BÓIA DO CARBURADOR GOL CARB.WEBER TLDZ 495;3,;37,89;SEL-1_F.2
312509;BÓIA DO CARBURADOR KOMBI 91/... (MODERNA) DUPLA CA;3,;23,70;SEL-1_F.1
312507;BÓIA DO CARBURADOR MONZA CARB.SOLEX DUPLO BLFA 30/;6,;55,34;SEL-1_G.1
312504;BÓIA DO CARBURADOR PASSAT CARB.WEBER 450 MINI-PROG;12,;27,41;SEL-1_F.4
312505;BÓIA DO CARBURADOR SANTANA CARB. SOLEX 2E/3E;11,;15,30;SEL-1_G.8
11171171BN;BOR BICO DA VELA(4PÇS) TV AMAROK 2,0 4CIL 16V MTR;2,;116,16;TV-14_B.1
1319071BN;BOR CAR 2 PCAS FORD FIESTA COURIER 1.0 1.3 ENDURA;0,;8,72;
1319021BN;BOR CAR 2 PCS FORD CORCEL II 1.4 1.6 78 ESCORT 1.3;0,;9,48;
1219021BN;BOR CAR 2 PCS GM OPALA 90 CARAVAN 153 151 ALC GAS;0,;6,32;
12211051;BOR COL ADM L35 BLAZER HOMBRE V6 S10 4.3 12V;0,;15,32;
144287;BOR FIAT 1.8 16V DOBLO GRAND SIENA IDEA PALIO PUNT;7,;9,08;DIV-3_E.6
11171173BN;BOR GUIA BICO VELA(2 PÇS) TV AMAROK 2,0 4CIL 16V M;0,;0,00;
338.935;BOR PTA PALIO/SIENA/WEEK 05> 4 PTAS DIANT/TRAS 3,4;2,;85,19;
339.405;BOR PTA SCANIA T/R 112/113 EXT 1 BULBO 4,60 MTS;2,;60,46;
15401545BN;BOR TOYOTA COROLLA RAV4 MTR 3ZR-FAE 10/... LEXUS C;0,;37,84;
1517711BN;BOR TV KIA K2500 PREGIO HYUNDAI HR TERRACAN MTR TC;0,;44,45;
1517541BN;BOR TV MITSUBISHI ECLIPSE PAJERO 4M40T 2 5 2 8 TDI;0,;11,20;
15171963BN;BOR TV MITSUBISHI MONTERO III PAJERO TD TRITON 00/;4,;166,65;C30-A.4
1517581BN;BOR TV S10 00 A5 A8 MWM SPRINT4 07TCA 2 8 TB DIESE;0,;46,24;
338.785;BORACHA PTA-MALAS ECOSPORT GI 02>12;2,;76,95;
CFX254;BORR AMORT INF/SUP TRAS GM CHEVETTE OPALA;0,;2,67;
CFX253;BORR AMORT SUPERIOR TRAS GM CHEVETTE OPALA;0,;5,00;
CFX159;BORR AMORTECEDOR C TUBO VW TDS;131,;7,37;
CFX160;BORR AMORTECEDOR S TUBO TRAS VW;0,;2,10;
CFX103;BORR ENCAIXE DESCARGA (CAVEIRINHA) VW GOL QUADRADO;0,;1,67;
CFX402;BORR ESCAP TRAS FIAT UNO;0,;4,33;
CFX162;BORR INFERIOR AMORTECEDOR TRAS VW GOL;0,;3,80;
CFX252;BORR S TUBO AMORTECEDOR GM C10 D20;0,;3,00;
CFX204;BORR SILENCIOSO DIANT GM CORSA;181,;5,47;
CFX202;BORR SILENCIOSO GM CHEVETTE OPALA;43,;5,40;
CFX203;BORR SILENCIOSO TRAS (REFORÇADA) GM CORSA;187,;6,67;
CFX161;BORR SUPERIOR AMORTECEDOR TRAS VW GOL;0,;3,40;
CFX205;BORRACHA DO ESCAP CENTRAL GM CORSA OMEGA VECTRA;42,;4,67;
M30;BORRACHA HASTE TRAMB. GOL VOY PARATI;0,;3,92;
338.949;BORRACHA PTA PALIO/SIENA/WEEK/STRADA 05> 2/4 PTAS;2,;82,86;
337.932;BORRACHA PTA S-10/BLAZER C/ 3,85 MTS;2,;80,49;
337.935;BORRACHA PTA SILVERADO/S-10/BLAZER 95>00 HILUX 92>;2,;87,78;
338.978;BORRACHA PTA UNO VIVACE 10> MASTER 3,50 MTS;2,;68,30;
721101;BORRACHA SUSPIRO DO ÓLEO CHEVETTE;1,;12,31;
CFX152;BORRACHA SUSPIRO ÓLEO VW GOL VOYAGE SANTANA;0,;2,40;
1517543BN;BORRACHA VEDACAO PARAFUSO TV MITSUBISHI ECLIPSE PA;0,;39,17;
3599;BRACO AUXILIAR DA BARRA DE DIRECAO, P/ PICK UP RAN;2,;165,25;
NBN0403;BRAÇO OSCILANTE FIAT UNO MODERNO BUCHA DE FERRO ES;0,;87,34;
55026170BRB;BRONZINA BIELA +0,25 FIAT FIRE 1.0 COD. FABR. 5502;0,;52,77;
55158110BRB;BRONZINA BIELA +0,25 VW FUSCA REFRIGERADO AR 1.2 1;0,;39,79;
55163110BRB;BRONZINA BIELA +0,25 VW GOL 1.0 PARATI 8V 16V COD.;0,;42,84;
55158210BRB;BRONZINA BIELA +0,50 VW FUSCA REFRIGERADO AR 1.2 1;0,;39,79;
55023370BRB;BRONZINA BIELA +0,75 FIAT UNO MILLE 147 127 RITMO;0,;39,79;
55080340BRB;BRONZINA BIELA +0,75 GM CORSA, CORSA SEDAN 1.0 1.4;0,;49,27;
55158310BRB;BRONZINA BIELA +0,75 VW FUSCA REFRIGERADO AR 1.2 1;0,;39,79;
55163310BRB;BRONZINA BIELA +0,75 VW GOL 1.0 PARATI 8V 16V COD.;0,;42,84;
55023070BRB;BRONZINA BIELA STD FIAT UNO MILLE 147 127 RITMO SP;0,;39,79;
55158010BRB;BRONZINA BIELA STD VW FUSCA REFRIGERADO AR 1.2 1.3;0,;39,79;
55027070BRM;BRONZINA MANCAL +0,25 FIAT 1.0 1.3 COD. FABR. 5502;0,;80,74;
55028170BRM;BRONZINA MANCAL +0,25 FIAT FIRE 1.0 1.3 FLAN COD.;0,;80,74;
55024170BRM;BRONZINA MANCAL +0,25 FIAT UNO MILLE 147 127 RITMO;0,;63,20;
55081140BRM;BRONZINA MANCAL +0,25 GM CORSA, CORSA SEDAN 1.0 1.;0,;95,25;
55160110BRM;BRONZINA MANCAL +0,25 VW 1.5 1.6 1500 DIESEL 1600-;0,;62,63;
55164110BRM;BRONZINA MANCAL +0,25 VW GOL 1.0 PARATI 8V 16V COD;0,;56,46;
55027270BRM;BRONZINA MANCAL +0,50 FIAT FIRE 1.0 1.3 COD. FABR.;0,;80,74;
55024270BRM;BRONZINA MANCAL +0,50 FIAT UNO MILLE 147 127 RITMO;0,;63,20;
55164210BRM;BRONZINA MANCAL +0,50 VW GOL 1.0 PARATI 8V 16V COD;0,;56,46;
55024370BRM;BRONZINA MANCAL +0,75 FIAT UNO MILLE 147 127 RITMO;0,;63,20;
55081340BRM;BRONZINA MANCAL +0,75 GM CORSA, CORSA SEDAN 1.0 1.;0,;95,25;
55160310BRM;BRONZINA MANCAL +0,75 VW 1.5 1.6 1500 DIESEL 1600-;0,;62,63;
55164310BRM;BRONZINA MANCAL +0,75 VW GOL 1.0 PARATI 8V 16V COD;0,;56,46;
55027170BRM;BRONZINA MANCAL STD FIAT FIRE 1.0 1.3 COD. FABR. 5;0,;80,74;
55028070BRM;BRONZINA MANCAL STD FIAT FIRE 1.0 1.3 FLAN COD. FA;0,;80,74;
55160010BRM;BRONZINA MANCAL STD VW 1.5 1.6 1500 DIESEL 1600-DE;0,;62,63;
55164010BRM;BRONZINA MANCAL STD VW GOL 1.0 PARATI 8V 16V COD.;0,;56,46;
CFX321;BUCCHA JUMELO INFERIOR GRANDE FORD PAMPA;1,;4,33;
CFX151;BUCHA ACELERADOR VW TODOS;7,;2,93;
714402;BUCHA ACELERADOR VW TODOS;0,;10,53;PRAT. BORR
714401;BUCHA ACOPLAMENTO COLUNA DIRECAO VW PASSAT GOL VOY;0,;4,73;
CFX154;BUCHA ACOPLAMENTO COLUNA DIREÇÃO VW PASSAT GOL VOY;118,;2,00;
M53;BUCHA AMORTECEDOR KOMBI DIANT/TRASEIRO;0,;13,76;
724307;BUCHA AMORTECEDOR TUBO VOLKS TODOS;0,;9,91;
714405;BUCHA BATENTE SUPORTE DIAN VW GOL PASSAT VOYAGE;6,;17,26;
714408;BUCHA BATENTE SUSPENSAO DIANT;2,;31,75;
030105431AG;BUCHA BIELA VW POWER EA111;76,;7,85;
15420920;BUCHA BOR CARRETEL BIELETA M BENS SPRINTER;0,;1,56;
114301;BUCHA BOR FACAO 1 PINO VW 1200 1300 1500 1600;0,;19,88;
114302;BUCHA BOR FACAO 2 PINO VW 1200 1300 1500 1600;0,;19,88;
114309;BUCHA BOR FACAO VW KOMBI 1500 1600;0,;18,69;
CFX110;BUCHA C TUBO SUPORTE ESCAP VW GOL;61,;2,70;
311611;BUCHA CARB 450 460 VW PASSAT GOL PARATI FORD CORCE;0,;5,12;
7111101;BUCHA ELETROBOMBA FURO FORA DE CENTRO VW;0,;13,89;
711102;BUCHA ELETROBOMBA PARTIDA A FRIO GM VW FIAT;20,;3,97;SEL-1_D.6
CFX158;BUCHA ENTRADA CILINDOR MESTRE VW FIAT GM FORD;0,;0,00;
CFX012;BUCHA ESTRIADA DO JUMELO KIA BESTA, TOPIC. (MAIOR);0,;6,00;
CFX011;BUCHA ESTRIADA MOLA TOPIC BESTA;25,;10,80;
754407;BUCHA ESTRIADA MOLEJO PQ BESTA TOPIC;0,;22,92;
734445;BUCHA PONTA CABO SELECAO MARCHA FORD ECOSPORT FIES;0,;20,08;
CFX322;BUCHA SUPERIOR JUMELO MENOR FORD PAMPA;26,;4,33;
211307;BUCHA TRAMBULADO CAMBIO VW FUSCA BRASILIA KOMBI VA;50,;14,77;
11056093;BUJAO DE ACO ESTAMPA;100,;49,33;
24586071;CABECOTE COMPLETO GM 1.0 8V FLEX;1,;3.324,14;
7086519;CABECOTE DOBLO IDEA PALIO PUNTO SIENA STRADA 1.4 8;7,;3.200,38;
7086749;CABECOTE FIAT UNO ECONOMY - 1.0 / 8V - FLEX 04/13;2,;4.000,00;
AV6049;CABECOTE FORD KA 1.0 12V 3CIL PARCIAL IMPORT;2,;4.444,44;
V0032;CABECOTE FORD ZETEC 1.0 GAS;1,;3.199,84;
V0016;CABECOTE FORD ZETEC 1.6 GAS/FLEX;0,;3.199,84;
V20202;CABECOTE GM 1.4 ROLETADO SEM GAIOLA;3,;3.500,00;
V1113;CABECOTE PARCIAL GM 1.4 FLEX;1,;2.879,84;
93376337;CABECOTE PARCIAL GM COR MER MON 1.8 8V;1,;2.879,84;
94581192;CABEÇOTE PARCIAL TUCHO GROSSO GM 1.6/1.8 IMPORTADO;3,;2.545,27;
03010337ABL;CABEÇOTE PARCIAL VW POWER 1.0 NOVO/IMPORTADO;2,;2.190,00;
V353;CABECOTE POWER EA111 1.0;1,;3.003,53;
AVWP2021;CABECOTE VAZIO C/ TAMPA VW 1.0 8V;2,;6.238,98;
6026TT;CABO DA TAMPA TRASEIRA PICK-UP / FIORINO - 90...;4,;18,83;
6503TT;CABO DA TAMPA TRASEIRA STRADA - TODOS 99...;0,;13,76;
7445AC;CABO DE ACELERADOR CELTA 1.0 01... // CORSA 1.0 MP;6,;38,03;
7410AC;CABO DE ACELERADOR CHEVETTE 1.6 93... TODOS;2,;27,98;
7401AC;CABO DE ACELERADOR CHEVETTE 87... MECANICO // CHEV;1,;26,36;
7425AC;CABO DE ACELERADOR CORSA 1.6 EFI 96... // CORSA 1.;0,;38,30;
8400AC;CABO DE ACELERADOR DELREY/SCALLA 1.8 08/89... TDS;0,;26,84;
5088AC;CABO DE ACELERADOR GOL 1.0 AT 8V EFI 11/96...05/02;1,;24,02;
5089AC;CABO DE ACELERADOR GOL/PARATI/SAVEIRO 1.0 AT 16V E;4,;28,61;
5077AC;CABO DE ACELERADOR GOL/SAVEIRO/PARATI 1.6/1.8 AP C;2,;26,82;
8581AC;CABO DE ACELERADOR KA - MOTOR 1.0 ZETEC ROCAN 08..;0,;29,68;
8571AC;CABO DE ACELERADOR KA 1.0 ZETEC ROCAM 08/99...09/0;1,;45,97;
8572AC;CABO DE ACELERADOR KA 1.0 ZETEC ROCAM 10/03...;1,;32,15;
7078AC;CABO DE ACELERADOR KADETT/IPANEMA 1.8 EFI 92 TODOS;0,;19,37;
5052AC;CABO DE ACELERADOR KOMBI 1200 TODOS ( ARAME );20,;5,32;
5055AC;CABO DE ACELERADOR KOMBI 1500 TODOS (CORDOALHA);24,;5,71;
5061AC;CABO DE ACELERADOR KOMBI CLIPPER CARBURACAO SIMPLE;6,;5,71;
6211AC;CABO DE ACELERADOR MILLE 1.0 02... // UNO FURGONET;0,;29,08;
6213AC;CABO DE ACELERADOR PALIO 1.0/1.3 - 01... // WEEKEN;0,;27,88;
6201AC;CABO DE ACELERADOR PALIO 1.0/1.5 - 96...03 // WEEK;0,;35,71;
6223AC;"CABO DE ACELERADOR PALIO/WEEKEND/SIENA/STRADA
- MO";4,;26,74;
5064AC;CABO DE ACELERADOR SEDAN 1300L/1500 TODOS - 78...;0,;4,15;
6015AC;CABO DE ACELERADOR UNO S/CS 1.5 92...93 // MILLE E;0,;28,82;
6016AC;CABO DE ACELERADOR UNO S/CS 1.5 92...96 // MILLE I;0,;29,86;
6011AC;CABO DE ACELERADOR UNO S/CS//SX/MILLE 1.0/1.3/1.5;2,;18,81;
5312CP;CABO DE CAPO FOX 09/03...06/05 // GOL/SAV/PAR GIII;0,;25,32;
6021CP;CABO DE CAPO UNO 85...03 // MILLE 91... // ELBA 86;1,;17,58;
60211CP;CABO DE CAPO UNO 85...03 // MILLE 91... // ELBA 86;0,;35,05;
7040EM;CABO DE EMBREAGEM AGILE 09...;0,;44,43;
7001EM;CABO DE EMBREAGEM CHEVETTE 09/76... TODOS;6,;31,94;
7032EM;CABO DE EMBREAGEM CORSA 94...96 MECANICO TDS // CE;0,;35,18;
8208EM;CABO DE EMBREAGEM DELREY/SCALLA 1.6 CHT 89/89 // P;1,;43,57;
8204EM;CABO DE EMBREAGEM DELREY/SCALLA AP 1.8 90... // PA;0,;44,03;
6412EM;CABO DE EMBREAGEM DUCATO 2.8 TURBO DIESEL - MOTOR;2,;94,04;
5023EM;CABO DE EMBREAGEM GOL CLI 1600 / GLI 1.8 / GTI 2.0;0,;41,84;
5030EM;CABO DE EMBREAGEM GOL/SAVEIRO/PARATI - AP 1.6/1.8/;0,;48,86;
5016EM;"CABO DE EMBREAGEM GOL/VOYAGE/PARATI - AP 1.6/1.8
-";0,;31,11;
6414EM;CABO DE EMBREAGEM IDEM (6408);0,;62,05;
7035EM;CABO DE EMBREAGEM KADETT/IPANEMA 06/94... // VECTR;2,;50,02;
5009EM;CABO DE EMBREAGEM KOMBI CLIPPER 1600 - 75...;5,;17,01;
26007EM;CABO DE EMBREAGEM LOGAN/SANDERO 1.0 16V / 1.6 8V;1,;58,94;
6413EM;CABO DE EMBREAGEM MILLE 1.0 8V 02... // FIORINO FU;0,;48,04;
6404EM;CABO DE EMBREAGEM PALIO WEEKEND/SIENA 1.0 MPI 6 MA;0,;61,93;
6416EM;CABO DE EMBREAGEM PALIO YOUNG 1.0 01...03 // PALIO;0,;66,15;
6424EM;CABO DE EMBREAGEM PALIO/SIENA ATTRACTIVE1.0 8V 11.;0,;71,93;
6402EM;CABO DE EMBREAGEM PALIO/WEEKEND EL/ELX/CITY 1.5 MP;0,;56,38;
6406EM;CABO DE EMBREAGEM PALIO/WEEKEND/SIENA/STRADA 1.3/1;0,;59,08;
5006EM;CABO DE EMBREAGEM SEDAN 1200/1300/1500/1600 - S/;0,;12,34;
6401EM;"CABO DE EMBREAGEM UNO 1.4 TURBO 94...95 // UNO
S/C";0,;47,44;
6400EM;"CABO DE EMBREAGEM UNO TURBO 1.4 95...96 // UNO
S/C";0,;45,44;
6005EM;CABO DE EMBREAGEM UNO/PREMIO/ELBA/FIORINO FURGAO/P;0,;40,76;
6608EN;CABO DE ENGATE PALIO 1.8R ELX 1.8 MPI 8V FLEX 08..;0,;235,99;
6604EN;CABO DE ENGATE PALIO CITY/ELX 1.3 MPI 16V 00...00;0,;238,62;
6605SE;CABO DE ENGATE SIENA ELX 1.0 MPI FIRE 16V 01...02;1,;230,75;
7261FR;CABO DE FREIO CELTA 01... TRAS L/ DIR TDS // PRISM;0,;13,63;
7262FR;CABO DE FREIO CELTA 01... TRAS L/ ESQ TDS // PRIMA;0,;45,70;
7081FR;CABO DE FREIO CHEVETTE 73...86 TRAS;1,;25,28;
7263FR;CABO DE FREIO CORSA 98... TRAS L/ DIR TDS // TIGRA;0,;15,71;
7264FR;CABO DE FREIO CORSA 98... TRAS L/ ESQ TDS // TIGRA;0,;36,54;
7270FR;CABO DE FREIO CORSA PICKUP/MONTANA 04... TRAS;0,;97,70;
6328FR;CABO DE FREIO DOBLO 1.3/1.8 8/16V MPI FIRE 02... T;0,;63,54;
6329FR;CABO DE FREIO DOBLO 1.3/1.8 8/16V MPI FIRE 02... T;0,;74,81;
6309FR;CABO DE FREIO DUCATO DIESEL 98...02 TRAS.;1,;68,53;
5413FR;CABO DE FREIO GOL/VOY - GERAÇÃO V - 03/08.. L/DIR;4,;46,57;
26065FR;CABO DE FREIO KANGOO L/ DIR.;2,;46,84;
5127FR;CABO DE FREIO KOMBI CLIPPER 02/78...06/82 ( C/ HOM;19,;32,23;
6332FR;CABO DE FREIO MILLE 1.0 MPI 8V 06...08 / MILLE ECO;0,;45,26;
6333FR;CABO DE FREIO MILLE 1.0 MPI 8V 06...08 / MILLE ECO;0,;42,75;
6306FR;CABO DE FREIO PALIO WEEKEND 97...04 // PALIO WEEKE;0,;50,30;
6307FR;CABO DE FREIO PALIO WEEKEND 97...04 // PALIO WEEKE;0,;54,87;
6300FR;CABO DE FREIO PALIO/SIENA 1.9/1.3/1.5/1.6 8/16V 96;0,;60,34;
6301FR;CABO DE FREIO PALIO/SIENA 1.9/1.3/1.5/1.6 8/16V 96;0,;54,55;
8287FR;CABO DE FREIO PAMPA 4X2 ...97 TRAS;1,;71,42;
5416FR;CABO DE FREIO SAVEIRO GERAÇÃO V - 2010... - TRAS D;2,;60,43;
5415FR;CABO DE FREIO SAVEIRO GERAÇÃO V - 2010... - TRAS E;1,;60,43;
6311FR;CABO DE FREIO STRADA 1.5/1.6/1.6 16V 99...01 // ST;0,;74,35;
6312FR;CABO DE FREIO STRADA 1.5/1.6/1.6 16V 99...01 // ST;1,;74,35;
6031FR;CABO DE FREIO UNO S/CS 1.5/1.6/R SPI/MPI // MILLE;3,;61,03;
6340FR;CABO DE FREIO UNO VIVACE/ATRATCTIVE L/DIR. 2011...;4,;52,44;
6339FR;CABO DE FREIO UNO VIVACE/ATTRACTIVE L/ ESQ. 2011..;4,;53,87;
5412FR;CABO DE FREIO VAN / INCA / CADDY - 99...03;2,;65,03;
6603SE;CABO DE SELEÇÃO FIAT PALIO 1.6 MPI 16V 96/00;3,;230,75;
XS10563;CABO DE VELA FIAT DOBLO/PALIO/PUNTO;29,;57,35;FOR-3_B
SCT09;CABO DE VELA FIAT FIRE 1.0 04/.. 1.3 07/.. 1.4 05/;0,;100,00;
SCG73;CABO DE VELA GM 1.0 1.4 1.8 2.4/FIAT 1.8 93235772;48,;127,25;
STV025;CABO DE VELA GOL VOYAGE FOX CROSSFOX 1.0 8V 02/..;126,;110,00;
7130VE;CABO DE VELOCIMETRO CHEVETTE/CHEVY 1.6 90... TDS M;1,;25,05;
7144VE;CABO DE VELOCIMETRO CORSA 94... TDS MECANICO;0,;26,62;
8314VE;CABO DE VELOCIMETRO DELREY/SCALLA 90...91 // PAMPA;1,;26,10;
5169VE;CABO DE VELOCIMETRO GOL 1.6/1.8 AP CFI 05/94...01/;1,;26,81;
5154VE;CABO DE VELOCIMETRO KOMBI CLIPPER 1600 75...;5,;30,90;
5174VE;CABO DE VELOCIMETRO KOMBI T2 01/06... MOTOR A AGUA;4,;37,44;
6050VE;CABO DE VELOCIMETRO MILLE 1.0 8V MPI FIRE 02... //;7,;34,94;
6047VE;CABO DE VELOCIMETRO PALIO 1.0/1.3/1.5/1.6 8/16V MP;0,;39,21;
6055VE;CABO DE VELOCIMETRO PALIO/WEEKEND/SIENA ELX/CITY 1;7,;29,12;
5150VE;CABO DE VELOCIMETRO SEDAN/TL/VARIANT/K.GHIA 1200/1;0,;17,40;
6051VE;CABO DE VELOCIMETRO UNO/DUNA/ELBA/PREMIO 91... TOD;2,;34,88;
SCG101;CABO IGNICAO GM ONIX/PRISMA FLEX;30,;244,68;
12433;CAIXA ROTULA ALAV. CAMBIO GOL/PARATI/VOYAGE;0,;38,25;
112501050;CALCO CABE 0.50MM 81.9X90.0MM VW FUSCA BR KB 1300.;0,;11,44;
112502050;CALCO CABE 0.50MM 86.6X94.0MM VW FUSCA BR KB 1500;0,;12,81;SEL-2_F.8
112501100;CALCO CABE 1.00MM 81.9X90.0MM VW FUSCA BR KB 1300.;0,;18,01;
112502100;CALCO CABE 1.00MM 86.6X94.0MM VW FUSCA BR KB 1500;4,;20,31;SEL-2_F.8
112503050;CALCO CAMISA 0.50MM 90.0X99.0MM VW FUSCA BR KB 130;0,;12,81;
112503100;CALCO CAMISA 1.00MM 90.0X99.0MM VW FUSCA BR KB 130;0,;21,56;
134216;CALCO CAMISA ALUMINIO FORD ESCORT CORCEL DEL REY V;16,;21,19;DIV-3_G.5
4112111;CALCO INJECAO VW POWER FLEX;0,;7,41;
102137;CALHA CHUVA AMAROK 10> 4P;1,;237,00;
207117;CALHA CHUVA HILUX 05 - 2P;1,;286,81;
207140;CALHA CHUVA HILUX SW-4 00>04 4P;1,;327,62;
207086;CALHA CHUVA HILUX SW4 06 4P;1,;332,51;
207103;CALHA CHUVA HYUNDAI TUCSON - 4P TDS;0,;332,51;
207101;CALHA CHUVA KANGOO/BERLINGO/PARTNER 2P;1,;249,57;
207105;CALHA CHUVA PAJERO FULL - 4P TDS;0,;380,00;
207106;CALHA CHUVA PAJERO SPORT - 4P TDS;1,;380,00;
207072;CALHA CHUVA PICK-UP HILUX 05 4P;1,;332,76;
207156;CALHA CHUVA SORENTO /09 4P;1,;363,84;
36000 2;CALOTA FRONTIER/XTERRA PRETA;4,;134,98;
30342 2;CALOTA S10 NOVA 17/19 PRETA;2,;73,88;
1316;CAME VOLANTE KOMBI CLIPER 82/...;0,;21,09;
1318;CAME VOLANTE PALIO C/CHAVE SETA M. MARELLI;0,;29,49;
61077040;CAMISA DE CILINDRO CORSA 1.4 STD FCI CD0E779E-E509;4,;91,13;
61260070;CAMISA DE CILINDRO FIAT FIRE 1.4 STD FCI 45050DE5-;4,;76,96;
61037070;CAMISA DE CILINDRO FIRE 1.0 STD FCI 1918C244-FFD9-;4,;79,33;
61609030;CAMISA DE CILINDRO FORD KA 1.0 12V STD (LL) FCI F1;3,;147,11;
61607010;CAMISA DE CILINDRO GOL 1.6 8V EA111 STD (LL) FCI C;4,;127,62;
61032010;CAMISA DE CILINDRO GOL MI 1.0L STD FCI 6B51CD6B-46;4,;83,87;
61216030;CAMISA DE CILINDRO ROCAN 1.0 STD FCI 5BE96BDF-6D65;4,;106,56;
339.074;CAN PALIO/SIENA/WEEK/SW 4 PTAS TDS DIANT/DIR;4,;161,68;
339.073;CAN PALIO/SIENA/WEEK/SW 4 PTAS TDS DIANT/ESQ;4,;161,68;
8025WS;CAPA CORR FIAT 1.0 8V GAS/FLEX 01/09 FIRE 1.3 8V G;7,;28,93;
8026WS;CAPA CORR FIAT FIRE 1.0 1.4 FLEX 10/... FASE II/II;7,;28,93;
32020007;CAPSULA CARB SOLEX 2E 3E 2 CORPO GM MONZA KADETT C;0,;145,79;
31020088;CAPSULA CARB SOLEX 2E 3E 2 CORPO VW GOL PRT SANT Q;0,;161,99;
31002040;CAPSULA CARB SOLEX 2E 3E 2 CORPO VW GOL PST VOY PR;0,;161,99;
31002063;CAPSULA CARB SOLEX 2E VW SANTANA QUANTUM GOL PASSA;0,;248,97;
31002069;CAPSULA CARB SOLEX 2E VW SANTANA QUANTUM GOL PASSA;0,;248,97;
32030056;CAPSULA CARB SOLEX 3E 2 CORPO GM OPALA CARAVAN 4 6;0,;161,99;
34402121;CAPSULA CARB WEBER 2 CORPO FIAT PREMIO ELBA MTR 15;0,;97,36;
34403897;CAPSULA CARB WEBER 2 CORPO FIAT UNO MILLE ING MAPE;0,;97,36;
34403339;CAPSULA CARB WEBER 2 CORPO FIAT UNO MTR 1.6R PREMI;0,;107,22;
33403856;CAPSULA CARB WEBER 2 CORPO FORD ESCORT MTR 1.6 CHT;0,;87,62;
31403364;CAPSULA CARB WEBER 2 CORPO VW GOL MTR 1.6 CHT 89/.;0,;87,62;
31403849;CAPSULA CARB WEBER 2 CORPO VW GOL MTR 1000 AE GAS;0,;97,36;
31403004;CAPSULA CARB WEBER 2 CORPO VW GOL PARATI SAVEIRO V;0,;97,36;
31403342;CAPSULA CARB WEBER 2 CORPO VW GOL PASSAT VOYAGE PA;0,;97,36;
31402360;CAPSULA CARB WEBER 2 CORPO VW GOL VOYAGE PARATI PA;0,;97,36;
31403883;CAPSULA CARB WEBER 2 CORPO VW GOL VOYAGE PARATI SA;0,;97,36;
31403439;CAPSULA CARB WEBER 2 CORPO VW GOL VOYAGE PARATI SA;0,;97,36;
31403682;CAPSULA CARB WEBER 2 CORPO VW GOL VOYAGE PARATI SA;0,;97,36;
31403694;CAPSULA CARB WEBER 2 CORPO VW GOL VOYAGE PARATI SA;0,;87,62;
31402244;CAPSULA CARB WEBER 2 CORPO VW GOL VOYAGE PASSAT PA;0,;97,36;
31401909;CAPSULA CARB WEBER 2 CORPO VW PASSAT PARATI VOYAGE;0,;97,36;
31403454;CAPSULA CARB WEBER 2 CORPO VW SANTANA QUANTUM MTR;0,;97,36;
31030126;CAPSULA CARBU SOLEX 2E 3E 2 CORPO VW GOL PRT SANT;0,;161,99;
401282100;CAR BLFA SOLEX 30 34 CORRETOR AR BLFA CARB SOLEX 1;0,;15,87;
401282120;CAR BLFA SOLEX 30 34 CORRETOR AR BLFA CARB SOLEX 1;0,;14,62;
401282130;CAR BLFA SOLEX 30 34 CORRETOR AR BLFA CARB SOLEX 1;0,;15,87;
401282135;CAR BLFA SOLEX 30 34 CORRETOR AR BLFA CARB SOLEX 1;0,;15,87;
401282140;CAR BLFA SOLEX 30 34 CORRETOR AR BLFA CARB SOLEX 1;0,;15,87;
401282145;CAR BLFA SOLEX 30 34 CORRETOR AR BLFA CARB SOLEX 1;0,;15,87;
401282155;CAR BLFA SOLEX 30 34 CORRETOR AR BLFA CARB SOLEX 1;0,;15,87;
401282170;CAR BLFA SOLEX 30 34 CORRETOR AR BLFA CARB SOLEX 1;0,;15,87;
401282175;CAR BLFA SOLEX 30 34 CORRETOR AR BLFA CARB SOLEX 1;0,;15,87;
401282180;CAR BLFA SOLEX 30 34 CORRETOR AR BLFA CARB SOLEX 1;0,;15,87;
401282185;CAR BLFA SOLEX 30 34 CORRETOR AR BLFA CARB SOLEX 1;0,;15,87;
401282200;CAR BLFA SOLEX 30 34 CORRETOR AR BLFA CARB SOLEX 2;0,;15,87;
401278080;CAR CHT WEBER 460 FORD CORCEL II DEL REY ESCORT GM;0,;13,20;
401278085;CAR CHT WEBER 460 FORD CORCEL II DEL REY ESCORT GM;0,;13,20;
401278100;CAR CHT WEBER 460 FORD CORCEL II DEL REY ESCORT GM;0,;13,20;
401278110;CAR CHT WEBER 460 FORD CORCEL II DEL REY ESCORT GM;0,;13,20;
401278120;CAR CHT WEBER 460 FORD CORCEL II DEL REY ESCORT GM;0,;11,93;
401278130;CAR CHT WEBER 460 FORD CORCEL II DEL REY ESCORT GM;0,;13,20;
401278135;CAR CHT WEBER 460 FORD CORCEL II DEL REY ESCORT GM;0,;15,20;
401278140;CAR CHT WEBER 460 FORD CORCEL II DEL REY ESCORT GM;0,;13,20;
401278145;CAR CHT WEBER 460 FORD CORCEL II DEL REY ESCORT GM;0,;13,20;
401278150;CAR CHT WEBER 460 FORD CORCEL II DEL REY ESCORT GM;0,;13,20;
401278155;CAR CHT WEBER 460 FORD CORCEL II DEL REY ESCORT GM;0,;13,20;
401278160;CAR CHT WEBER 460 FORD CORCEL II DEL REY ESCORT GM;0,;13,20;
401278165;CAR CHT WEBER 460 FORD CORCEL II DEL REY ESCORT GM;0,;13,20;
401278170;CAR CHT WEBER 460 FORD CORCEL II DEL REY ESCORT GM;0,;13,20;
401278175;CAR CHT WEBER 460 FORD CORCEL II DEL REY ESCORT GM;0,;13,20;
401278180;CAR CHT WEBER 460 FORD CORCEL II DEL REY ESCORT GM;0,;13,20;
401278185;CAR CHT WEBER 460 FORD CORCEL II DEL REY ESCORT GM;0,;13,20;
401278190;CAR CHT WEBER 460 FORD CORCEL II DEL REY ESCORT GM;0,;13,20;
401278195;CAR CHT WEBER 460 FORD CORCEL II DEL REY ESCORT GM;0,;13,20;
401278200;CAR CHT WEBER 460 FORD CORCEL II DEL REY ESCORT GM;0,;11,93;
401278205;CAR CHT WEBER 460 FORD CORCEL II DEL REY ESCORT GM;0,;13,20;
401278210;CAR CHT WEBER 460 FORD CORCEL II DEL REY ESCORT GM;0,;13,20;
401278220;CAR CHT WEBER 460 FORD CORCEL II DEL REY ESCORT GM;0,;13,20;
401279080;CAR CHTF WEBER 460 FORD CORCEL II DEL REY ESCORT G;0,;8,51;
401279085;CAR CHTF WEBER 460 FORD CORCEL II DEL REY ESCORT G;0,;8,51;
401279100;CAR CHTF WEBER 460 FORD CORCEL II DEL REY ESCORT G;0,;8,51;
401279120;CAR CHTF WEBER 460 FORD CORCEL II DEL REY ESCORT G;0,;8,51;
401279130;CAR CHTF WEBER 460 FORD CORCEL II DEL REY ESCORT G;0,;8,51;
401279135;CAR CHTF WEBER 460 FORD CORCEL II DEL REY ESCORT G;0,;8,51;
401279140;CAR CHTF WEBER 460 FORD CORCEL II DEL REY ESCORT G;0,;8,51;
401279145;CAR CHTF WEBER 460 FORD CORCEL II DEL REY ESCORT G;0,;8,51;
401279150;CAR CHTF WEBER 460 FORD CORCEL II DEL REY ESCORT G;0,;8,51;
401279155;CAR CHTF WEBER 460 FORD CORCEL II DEL REY ESCORT G;0,;8,51;
401279160;CAR CHTF WEBER 460 FORD CORCEL II DEL REY ESCORT G;0,;8,51;
401279165;CAR CHTF WEBER 460 FORD CORCEL II DEL REY ESCORT G;0,;8,51;
401279170;CAR CHTF WEBER 460 FORD CORCEL II DEL REY ESCORT G;0,;8,51;
401279175;CAR CHTF WEBER 460 FORD CORCEL II DEL REY ESCORT G;0,;8,51;
401279180;CAR CHTF WEBER 460 FORD CORCEL II DEL REY ESCORT G;0,;8,51;
401279185;CAR CHTF WEBER 460 FORD CORCEL II DEL REY ESCORT G;0,;7,27;
401279190;CAR CHTF WEBER 460 FORD CORCEL II DEL REY ESCORT G;0,;8,51;
401279195;CAR CHTF WEBER 460 FORD CORCEL II DEL REY ESCORT G;0,;8,51;
401279200;CAR CHTF WEBER 460 FORD CORCEL II DEL REY ESCORT G;0,;8,51;
401279205;CAR CHTF WEBER 460 FORD CORCEL II DEL REY ESCORT G;0,;8,51;
401279210;CAR CHTF WEBER 460 FORD CORCEL II DEL REY ESCORT G;0,;8,51;
401279215;CAR CHTF WEBER 460 FORD CORCEL II DEL REY ESCORT G;0,;8,51;
401279230;CAR CHTF WEBER 460 FORD CORCEL II DEL REY ESCORT G;0,;8,51;
CN05264;CARB 16 FORD ESCORT VERONA VW GOL CHT 1.6 91/... G;0,;983,85;
CN495018;CARB 18 VW TLDZ 1.8 AP;1,;898,19;
CN029129;CARB 2E 18 VW APOLO GOL PASSAT SANTANA QUANTUM VOY;1,;673,64;
CN17049;CARB VW FUSCA BRASILIA KOMBI 30PIC 1300 69/80 GAS;2,;449,09;
MG020;CARCAÇA DA VÁLVULA TERMOSTÁTICA FORD KA 99/... FIE;0,;34,00;
20293;CARCACA DO TERM. KOMBI T2 06/... 1.4 TOTAL FLEX;0,;107,22;
7065AL;CARCACA VALV TERM PEUGEOT 206 207 CITROEN C2 C3;0,;399,70;
401281060;CARS SOLEX 30 31 PIC 32 34 35 PDSI 34 SEIE40 EIS D;0,;5,32;
401281062;CARS SOLEX 30 31 PIC 32 34 35 PDSI 34 SEIE40 EIS D;0,;5,32;
401281065;CARS SOLEX 30 31 PIC 32 34 35 PDSI 34 SEIE40 EIS D;0,;5,32;
401281067;CARS SOLEX 30 31 PIC 32 34 35 PDSI 34 SEIE40 EIS D;0,;5,32;
401281070;CARS SOLEX 30 31 PIC 32 34 35 PDSI 34 SEIE40 EIS D;0,;5,32;
401281075;CARS SOLEX 30 31 PIC 32 34 35 PDSI 34 SEIE40 EIS D;0,;5,32;
401281080;CARS SOLEX 30 31 PIC 32 34 35 PDSI 34 SEIE40 EIS D;0,;5,32;
401281090;CARS SOLEX 30 31 PIC 32 34 35 PDSI 34 SEIE40 EIS D;0,;5,32;
401281100;CARS SOLEX 30 31 PIC 32 34 35 PDSI 34 SEIE40 EIS D;0,;5,32;
401281105;CARS SOLEX 30 31 PIC 32 34 35 PDSI 34 SEIE40 EIS D;0,;5,32;
401281110;CARS SOLEX 30 31 PIC 32 34 35 PDSI 34 SEIE40 EIS D;0,;4,79;
401281115;CARS SOLEX 30 31 PIC 32 34 35 PDSI 34 SEIE40 EIS D;0,;4,79;
401281120;CARS SOLEX 30 31 PIC 32 34 35 PDSI 34 SEIE40 EIS D;0,;4,79;
401281125;CARS SOLEX 30 31 PIC 32 34 35 PDSI 34 SEIE40 EIS D;0,;5,32;
401281130;CARS SOLEX 30 31 PIC 32 34 35 PDSI 34 SEIE40 EIS D;0,;5,48;
401281135;CARS SOLEX 30 31 PIC 32 34 35 PDSI 34 SEIE40 EIS D;0,;5,32;
401281140;CARS SOLEX 30 31 PIC 32 34 35 PDSI 34 SEIE40 EIS D;0,;5,32;
401281145;CARS SOLEX 30 31 PIC 32 34 35 PDSI 34 SEIE40 EIS D;0,;5,32;
401281150;CARS SOLEX 30 31 PIC 32 34 35 PDSI 34 SEIE40 EIS D;0,;5,32;
401281165;CARS SOLEX 30 31 PIC 32 34 35 PDSI 34 SEIE40 EIS D;0,;5,32;
401281220;CARS SOLEX 30 31 PIC 32 34 35 PDSI 34 SEIE40 EIS D;0,;4,11;
CX010;CATALOGO BASTOS JUNTAS;0,;29,72;
401280170;CATE F SOLEX FIAT 147 1300 TODOS;0,;24,30;
401280180;CATE F SOLEX FIAT 147 1300 TODOS 180;0,;27,00;
401280190;CATE F SOLEX FIAT 147 1300 TODOS 190;0,;27,00;
401280205;CATE F SOLEX FIAT 147 1300 TODOS 205;0,;27,00;
401216090;CATE SOLEX 30 PIC VW FUSCA KOMBI BRASILIA 1300 150;0,;27,00;
401216120;CATE SOLEX 30 PIC VW FUSCA KOMBI BRASILIA 1300 150;0,;16,97;
401216125;CATE SOLEX 30 PIC VW FUSCA KOMBI BRASILIA 1300 150;0,;18,86;
401216130;CATE SOLEX 30 PIC VW FUSCA KOMBI BRASILIA 1300 150;0,;18,86;
401216135;CATE SOLEX 30 PIC VW FUSCA KOMBI BRASILIA 1300 150;0,;18,86;
7021WS;CAV DIST AGUA AUDI A3 1.6 02/... VW FOX 1.0 1.6 03;0,;47,17;
7023WS;CAV DIST AGUA AUDI A3 1.6 02/... VW FOX 1.0 1.6 03;0,;155,11;
7025WS;CAV DIST AGUA COMP C VAL TERM VW GOL 8/16V 97/...;0,;159,74;
7024WS;CAV DIST AGUA COMP C VAL TERM VW GOL G3 1.0 8V EA-;35,;143,25;
7010WS;CAV DIST AGUA FORD FIESTA 1.0 1.6 KA COURIER 00/..;0,;39,14;
7008WS;CAV DIST AGUA VW GOL PARATI AT 8/16V C AR QUENTE;0,;46,00;
7007WS;CAV DIST AGUA VW GOL PARATI AT 8/16V S AR QUENTE;29,;41,87;
7026WS;CAVALETE DISTR ÁGUA FORD COURIER 1.6 ZETEC ROCAM 0;0,;390,79;
7027WS;CAVALETE DISTR ÁGUA FORD ECOSPORT 1.6 ZETEC ROCAM;0,;390,79;
3606;CILINDRO AUXILIAR DE EMBREAGEM, P/ PICK UP RANGER;2,;178,33;
1S0721388C;CILINDRO DO PEDAL DA EMBREAGEM UP 2014/....;2,;257,33;
14420081;COIFA RET HST TRAMBU FIAT 147 PREMIO ELBA PANORAMA;0,;14,88;
1121011;COL ADM DIR CURUJA VW FUSCA BRASILIA KOMBI GOL A A;0,;55,68;
1121012;COL ADM ESQ CURUJA VW FUSCA BRASILIA KOMBI GOL A A;0,;55,68;
CS390GPT;COLA SILICONE ALTA TEMP 390G BLACK PRETA;23,;77,25;ATRAS JGS JTA
CS50GPT;COLA SILICONE ALTA TEMP 50G BLACK PRETA;24,;27,94;ATRAS-JG-IMP
CS85GPT;COLA SILICONE ALTA TEMP 85G BLACK PRETA;144,;47,35;ATRAS JOGOS JUNTAS
CS85GCZ;COLA SILICONE ALTA TEMP 85G GREY CINZA;67,;47,35;ATRAS JOGOS JUNTAS
CS390GCZ;COLA SILICONE ALTA TEMPERATURA 390G GREY CINZA;22,;77,25;ATRAS JGS JTA
CS85GVM;COLA SILICONE ALTA TEMPERATURA RED VERMELHA;0,;22,55;
ACS390G;COLA SILICONE APLICADOR 400G;2,;54,78;PRATELEIRO DE COLEGI
1121114AD;COLETOR ADM NYLON AUDI A1 VW JETTA PASSAT GOLF NEW;0,;2.634,08;
15213301AD;COLETOR ADM NYLON BMW 116I 316I 1.6 16V 2006/2015;0,;2.182,92;
132173AD;COLETOR ADM NYLON FORD ECOSPORT FOCUS FUSION MONDE;0,;1.984,73;
152123AD;COLETOR ADM NYLON KIA BESTA GS 2.7 BONGO K2700 DIE;0,;454,35;
152160AD;COLETOR ADM NYLON NISSAN SENTRA TIIDA VERSA LIVINA;0,;1.198,90;
1521106AD;COLETOR ADM NYLON TOYOTA COROLLA 1.6 4AFE 1.8 7AFE;0,;2.580,20;
1521146AD;COLETOR ADM NYLON TOYOTA COROLLA VVTI FILDER VVTI;0,;3.440,26;
1121116AD;COLETOR ADM NYLON VW GOLF JETTA PASSAT TIGUAN 1.8;0,;2.910,56;
394201052;COLETOR CARBURADOR HONDA MOTOR - 250CC;0,;2,56;
1155654;CONEX FLANG AGUA MTR AP VW GOL SAVEIRO PARATI SANT;0,;45,57;
115565;CONEX FLANGE AGUA MTR AP VW GOL SAVEIRO PARATI SAN;0,;47,60;
115547;CONEX FLANGE AGUA MTR AP VW PASSAT GOL SANTANA SAV;0,;69,75;
1155472;CONEX FLANGE AGUA MTR AP VW PASSAT GOL SANTANA SAV;0,;85,03;
1155475;CONEX FLANGE AGUA MTR AP VW PASSAT GOL SANTANA SAV;0,;69,75;
1155478;CONEX FLANGE AGUA MTR AP VW PASSAT GOL SANTANA SAV;0,;85,03;
1155479;CONEX FLANGE AGUA MTR AP VW PASSAT GOL SANTANA SAV;0,;69,75;
425533;CONEXAO COLETOR DE ADMISSAO MONZA 91/...;0,;38,24;
445521;CONEXAO DA CARCAÇA DA VALVULA TERMOSTATICA TEMPRA;0,;17,65;
4455211;CONEXAO DA CARCAÇA DA VALVULA TERMOSTATICA TEMPRA;0,;17,65;
4455212;CONEXAO DA CARCAÇA DA VALVULA TERMOSTATICA TEMPRA;0,;34,53;
445585;CONEXAO DA VALVULA TERMOSTATICA UNO EVO 1.0 1.4 FI;0,;27,96;
MG023;CONEXAO DE AGUA FIAT FIRE 1.0/1.3 16V COD. ORIG 70;0,;18,43;
435529;CONEXAO DO ADAPTADOR DO COLETOR DE ADMISSAO FORD K;0,;24,82;
MG024;CONEXAO DO COLETOR DE ADMISSAO GM CORSA/MERIVA/MON;0,;15,07;
445553;CONEXAO DO SENSOR DO COL ADM FIAT PALIO SIENA DOBL;0,;197,69;
445549;CONEXAO DO SENSOR DO COL ADM FIAT UNO SMART PALIO;0,;240,98;
4255117;CONEXAO DO SENSOR DO COL ADM GM CORSA MERIVA MONTA;0,;188,50;
NV029A;CONEXÃO GAS ALCOOL VW TOTOS (PRETO);0,;4,43;
NV029;CONEXAO GAS/ALCOOL VW TODOS;0,;6,79;
NV155;CONEXÃO MANG FILTRO AR KOMBI;0,;6,77;
7907VP;CONEXAO SENSOR COL ADM FLUXO AGUA GM CORSA MERIVA;0,;21,17;
7906VP;CONEXAO SENSOR TEMP COL ADM FIAT 1.0 1.3 1.6 16V D;6,;21,17;
7014VP;CONEXAO T PARA MANGUEIRA PARA-BRISAS UNIVERSAL 1/8;0,;1,46;
7013VP;CONEXAO T PARA MANGUEIRA PARA-BRISAS UNIVERSAL 3/1;0,;1,61;
7011WS;CONJ DEFLETOR ÓLEO ANTI-CHAMA VW FOX 1.0 POLO 1.4;0,;30,55;
7005WS;CONJ DEFLETOR ÓLEO ANTI-CHAMA VW GOL MI 16V SAVEIR;0,;24,49;
7004WS;CONJ DEFLETOR ÓLEO ANTI-CHAMA VW GOL MI 8V SAVEIRO;0,;24,49;
TR1501;CONJ. RABICHO TR-520 FIAT PALIO / SIENA 2001/2007;4,;35,42;
JZZ109119;CORREIA DENT SINCRONIZADORA VW GOL;0,;68,97;FOR-3_C.2
3596;CORREIA DENTADA DE DISTRIBUICAO, P/ PICK UP RANGER;1,;160,50;
88904447;CORREIA SINCRONIZADORA GM AGILE CELTA CORSA DOBLO;138,;71,12;FOR-3_D
04E109119L;CORREIA VW UP ORIG;0,;323,27;FOR-3_C.1
NV136;COTOVELO CILINDRO BRASILIA/FUSCA/KOMBI;0,;6,79;
7006WS;COTOVELO VALV TERMOSTÁTICA VW GOL PARATI 1.0 8/16V;17,;8,70;
7028WS;COTOVELO VÁLVULA PLASTICO FORD ECOSPORT 1.6 ZETEC;52,;15,01;
7143651;COXIM AMORT BUCHA INFERIOR VW GOL;0,;5,50;
724301;COXIM AMORT BUCHA PARTE SUPERIOR TRASEIRO DIANTEIR;0,;4,98;
774315;COXIM AMORT BUCHA SEM TURBO CHEVROLET DIANTEIRO E;0,;2,23;
714365;COXIM AMORT BUCHA SUPERIO VW GOL;0,;4,50;
7243011;COXIM AMORT BUCHA SUPERIOR TRASEIRO DIANTEIRO CHEV;0,;3,90;
7143011;COXIM AMORT SEM TUBO  VOLKS TODOS;0,;4,33;
734513;COXIM BUCHA SUSP JUMELO INFERIOR MAIOR FORD PAMPA;0,;13,37;
7345131;COXIM BUCHA SUSP JUMELO SUPERIOR MENOR FORD PAMPA;0,;12,33;
CFX404;COXIM CENTRAL SILENCIOSO FIAT PALIO;0,;4,33;
CFX102;COXIM DIANT SILENCIOSO (CAVEIRÃO)  VW GOL BOLA;5,;2,07;
714407;COXIM ESCAP BOR GD VW SANTANA LOGUS FORD VERONA VE;0,;7,34;
722201;COXIM ESCAP BOR GM CHEVETTE 73 A 94 KADETT 89 A 95;10,;4,93;
714403;COXIM ESCAP BOR PQ VW PASSAT GOL VOYAGE SANTANA QU;0,;6,79;
742204;COXIM ESCAP CENTRAL FIAT PALIO;0,;3,86;
722205;COXIM ESCAP CENTRAL GM OMEGA;0,;14,62;
722204;COXIM ESCAP DIANT GM CORSA;0,;17,54;
732205;COXIM ESCAP FORD CORCEL CARCEL II BELINA DEL REY P;0,;6,69;
7322051;COXIM ESCAP FORD CORCEL CARCEL II BELINA DEL REY P;0,;11,58;
CFX305;COXIM ESCAP FORD FIESTA;14,;5,47;
722202;COXIM ESCAP GM CHEVETTE;0,;7,88;
712253;COXIM ESCAP INTERM VW GOL GERACAO III;0,;19,39;
7422011;COXIM ESCAP MAIOR ANEL SELENCIOSO FIAT UNO PREMIO;0,;2,60;
712207;COXIM ESCAP MAIOR VW SANTANA LOGUS QUANTOU FORD VE;0,;1,53;
712203;COXIM ESCAP SANTA LOGUS POINTNER;0,;2,28;
732249;COXIM ESCAP SELENCIOSO FORD ESCORT PEQUENO;0,;5,32;
712206;COXIM ESCAP SILENCIOSO TRAS  Y VW GOL G3 GERACAO I;0,;16,73;
732229;COXIM ESCAP SISTEMA FORD MONDEO;0,;4,32;
752211;COXIM ESCAP SUPORTE CENTRAL E TRAZ SILENCIOSO MITS;0,;16,25;
7422021;COXIM ESCAP SUPORTE TRAZ SILENCIOSO FIAT PALIO;0,;4,98;
742233;COXIM ESCAP SUPORTE TRAZ SILENCIOSO FIAT PALIO WEE;0,;4,53;
742201;COXIM ESCAP TRAS CENTRAL FIAT UNO PREMIO;0,;13,61;
CFX401;COXIM ESCAP TRAS CENTRAL FIAT UNO PREMIO;4,;4,67;
742205;COXIM ESCAP TRAS FIAT PALIO WEEKEND SIENA STRADA N;0,;16,86;
732251;COXIM ESCAP TRAS FORD ESCORT GRANDE;0,;7,74;
732247;COXIM ESCAP TRAS FORD FIESTA;0,;4,56;
732243;COXIM ESCAP TRAS FORD FIESTA COURIER;0,;4,98;
722203;COXIM ESCAP TRAS GM CORSA;0,;17,64;
722245;COXIM ESCAP TRAS GM KADETT 89;0,;4,44;
CFX206;COXIM ESCAP TRAS GM MONZA KADETT;14,;6,67;
CFX303;COXIM ESCAP TRAS GRANDE FORD ESCORT;0,;5,33;
752250;COXIM ESCAP TRAS TOYOTA DAPICK UP HILUX SW4 4X2;0,;8,29;
712205;COXIM ESCAP VW SANTANA LOGUS;0,;2,43;
742202;COXIM ESCAPE TRAS FIAT UNO;0,;12,78;
CFX301;COXIM SILENCIOSO GRANDE FORD CORCEL BELINA;0,;8,67;
CFX302;COXIM SILENCIOSO PEQUENO FORD CORCEL BELINA;0,;6,00;
CFX107;COXIM SILENCIOSO TRASEIRO VW KOMBI 1997/...;17,;4,66;
CFX304;COXIM TRAS ESCAP FORD FIESTA COURIER;0,;4,33;
714406;COXIM TRAS ESCAP VW GOL GERACAO III;0,;26,22;
CFX405;COXIM TRAS SILENCIOSO FIAT PALIO;142,;4,60;
CFX406;COXIM TRAS SILENCIOSO PALIO WEEKEND;0,;6,61;
CFX001;COXIM TRAS TOYOTA HILUX;0,;12,00;
CFX101;COXIM Y SILENCIOSO TRAS VW GOL GERAÇÃO III;0,;12,00;
2613;CROM. ESCT/GLX CH19 M12X1,5 (16 PCS);10,;130,89;
511D;DESCARBONIZANTE DRP 80;12,;46,91;
151796053SL;DIAF MAIOR PEUGEOT CITROEN PURETECH HMY EB2M ZMZ 1;2,;67,26;C40_E.1.B
1317783SL;DIAF MEMBR SUSP TV SILIC 52.0MM FORD ECOBOOST FOCU;0,;73,78;
151783103SL;DIAF MEMBR SUSP TV SILIC 54.0MM CHERY TIGGO 7 PRO ;0,;95,06;
151733113SL;DIAF MEMBR SUSP TV SILIC 54.5MM BMW 320I 328I 420I;2,;83,52;RET-7_B.3
14171023SL;DIAF MEMBR SUSP TV SILIC 56,0MM FIAT FASTBACK PULS;0,;81,81;
151796093SL;DIAF MEMBR SUSP TV SILIC 56,1MM PEUGEOT 208 308 40;0,;44,68;
151733203SL;DIAF MEMBR SUSP TV SILIC 60MM BMW 545I 645I 745I X;0,;83,52;
1317743SL;DIAF MEMBR SUSP TV SILIC 63MM LAND ROVER FREELANEE;0,;41,81;
12171733SL;DIAF MEMBR SUSP TV SILIC 67MM GM ONIX 2G 20/... TR;3,;81,21;TV-12_E.2.B
11171183SL;DIAF MEMBR SUSP TV SILIC 76MM VW UP CROSS UP FOX V;118,;45,00;TV-12_F.3
12171663SL;DIAF MEMBR SUSP TV SILIC GM S10 TRAIL BLAZER DURAM;0,;87,95;
151737073SL;DIAF MEMBR SUSP TV SILIC LAND ROVER FREELANDER 2 M;0,;71,94;
1617303SL;DIAF MEMBR SUSP TV SILIC MB SPRINTER CDI LA DIESEL;0,;87,95;
151735013SL;DIAF MEMBR SUSP TV SILIC MERCEDES A200 A250 B200 C;0,;170,29;
1317883SL;DIAF MEMBR SUSP TV SILIC POWER STROKE 3.0 16V DIES;0,;101,14;
11211113SL;DIAF MEMBR SUSPIRO COLETOR ADM VW KOMBI 1.4 8V TOT;10,;27,32;SEL-2_B.4
15171833SL;DIAF MEMBR SUSPIRO TV SILIC  PEUGEOT 307 406 407 6;1,;45,46;C10-D.2.1.B
11171173SL;DIAF MEMBR SUSPIRO TV SILIC 51MM VW AMAROK 2,0 4CI;3,;45,46;TV-11_H3.B
1317733SL;DIAF MEMBR SUSPIRO TV SILIC 55MM FORD ECOSPORT FOC;2,;41,81;TV-12_F.2.B
11171203SL;DIAF MEMBR SUSPIRO TV SILIC 58MM VW PASSAT CC TOUA;0,;41,81;
151733153SL;DIAF MEMBR SUSPIRO TV SILIC 60MM BMW MTR N62 N6 54;0,;90,92;
151733013SL;DIAF MEMBR SUSPIRO TV SILIC 61MM BMW X1 2012 118 2;2,;108,35;SEL-2_D.3.B
11171233SL;DIAF MEMBR SUSPIRO TV SILIC 61MM VW PASSAT 1.8 TUR;0,;41,81;
151737053SL;DIAF MEMBR SUSPIRO TV SILIC 63MM LAND ROVER FREELA;2,;41,81;SAI_B.3
151796023SL;DIAF MEMBR SUSPIRO TV SILIC 77MM PEUGEOT 3008 408;3,;41,81;C10-A.2
151733023SL;DIAF MEMBR SUSPIRO TV SILIC 84MM MIOLO CENTRAL 5MM;0,;78,96;
151733043SL;DIAF MEMBR SUSPIRO TV SILIC BMW 54,5MM 320I 328I 4;0,;59,34;
1417923SL;DIAF MEMBR SUSPIRO TV SILIC UNO MOBI 1.0 6V 3CIL F;27,;38,37;TV-14_C.1
411248;DIAF SISTEMA BOSCH SINGLE POINT TBI EFI FIAT TIPO;0,;47,63;
411246;DIAF SISTEMA MAGNETI MARELLI SINGLE POINT SPI CFI;0,;30,18;
411247;DIAF SISTEMA ROCHESTER SINGLE POINT TBI EFI GM MON;0,;91,39;SEL-1_F.3
431229;DIAF SISTEMA SINGLE POINT FORD FIESTA IMPORTADO 1;0,;38,16;
4512104;DIAF SISTEMA SINGLE POINT SUZUKI VITARA SIDEKICK G;0,;65,15;
311606E;DIAF SOLEX 2E7 CORTE VW SANTANA PASSAT GOL 1.8 GM;0,;22,98;
3116011;DIAF SOLEX 30 PIC VW 1300 1500 1600 KOMBI BRASILIA;0,;8,61;
311601;DIAF SOLEX 30 PIC VW 1300 1500 1600 SEDAN KOMBI BR;0,;8,11;
311603;DIAF SOLEX 32 DIDTA VW PASSAT TS 1.6 78 A 82 IMPOR;0,;25,49;
3116021;DIAF SOLEX 32 PDSIT 2 P1 VW 1600 SEDAN GOL KOMBI B;0,;6,10;
311604;DIAF SOLEX 35 PDSI GM CHEVETTE HATCH CHEVY 500 MAR;0,;10,39;
321607;DIAF SOLEX DUPLO 30 34 BLFA GM MONZA 1.8 FORD CHT;0,;24,45;
311618;DIAF SOLEX DUPLO 32 PDSIT VW SEDAN BRASILIA 1300 V;0,;15,07;
341601;DIAF SOLEX FIAT 1050 1300 76 82 GAS;0,;12,00;
341602;DIAF SOLEX FIAT 147 1300 79/...;0,;12,59;
321601;DIAF SOLEX FORD CORCEL BELINA II DEL REY F1000 MAV;0,;16,24;
321605;DIAF SOLEX GM OPALA CARAVAN 6 CIL 85;0,;21,30;
321608;DIAF SOLEX GM OPALA CARAVAN PICK-UP VERANEIO;0,;14,02;
321602;DIAF SOLEX GM OPALA CARAVAN PICK-UP VERANEIO CARB;0,;13,56;
311617;DIAF SOLEX VW SEDAN 1600 84 86 KOMBI 82;0,;12,33;
1317851SL;DIAF TAMPA VALV RANGER TRANSIT MTR DURATORQ PUMA (;0,;41,99;
1317853SL;DIAF TAMPA VALV TRANSIT MTR DURATORQ  PUMA (22DDOP;0,;51,38;
311615;DIAF VAL ACEL SOLEX 2E7 170/175 VW SANTANA PASSAT;0,;8,07;
311901;DIAF VAL MAX SOLEX 2E7 3E7 VW SANTANA PASSAT VOYAG;0,;18,56;
321902;DIAF VAL MAX SOLEX 30 34 BLFA GM MONZA 1.8 ESCORT;0,;14,85;
311904;DIAF VAL MAX SOLEX 54/34 185 GM CHEVETTE OPALA 78;0,;29,47;
321901;DIAF VAL MAX SOLEX ALFA1 GM MONZA 1.6 1.8 ALC GAS;0,;8,87;
311902;DIAF VAL MAX WEBER 460 495 FORD CHT VW PASSAT VOYA;0,;12,47;
321604;DIAF WEBER 190 PINO FINO FIAT 147 MONZA 1.6 1.8;0,;12,58;
3216041;DIAF WEBER 190 PINO GROSSO FIAT GM 77 A 82;0,;10,86;
311605;DIAF WEBER 450 M PROG VW GOL PASSAT VOYAGE 1.6;0,;19,98;
311607;DIAF WEBER 460 495 VW 1.6 1.8 FIAT 1.5 1.6 FORD 1.;0,;19,14;
341603;DIAF WEBER 460 FIAT TEMPRA 2.0 92 GAS C AR;0,;16,80;
341604;DIAF WEBER 460 FIAT TEMPRA 2.0 93 ALC C AR;0,;16,84;
311602;DIAFRAGMA FUSCA 1600/ BRASÍLIA CARB. SOLEX 32 PDSI;4,;9,37;
1417833SL;DIAFRAGMA MEMBRANA SUSPIRO TV FIAT PUNTO LINEA BRA;4,;20,43;TV-12_F.1.B
12171643SL;DIAFRAGMA MEMBRANA SUSPIRO TV GM CRUZE ONIX SONIC;4,;34,73;TV-12_F.1.A
11171163SL;DIAFRAGMA MEMBRANA SUSPIRO TV VW JETTA TIGUAN AUDI;4,;45,46;TV-12_F.2.A
311606;DIAFRAGMA SANTANA CARB.SOLEX 2E SEM ESFERA;1,;11,29;
311608;DIAFRAGMA SANTANA CARBURADOR SOLEX 3E;30,;16,07;
3604;DISCO DE FREIO ARO 15, P/ PICK UP RANGER 4X4;1,;317,43;
12421053;DIV GM S10 BLAZER VORTEC GAS 4 3 V6;0,;7,90;
12421052;DIV GM S10 BLAZER VORTEC GAS V6 4 3;0,;19,03;
2621;DIVER. TY/GM/HY/KIA/MTS/HB20 CH21 M12X1,5 (16 PCS);15,;130,89;
1342431;DIVERSOS FORD FIESTA COURIER ZETEC ROCAM 1.4 16 VA;0,;4,69;
1242105;DIVERSOS GM S10 BLAZER VORTEC GAS V6 4 3;0,;14,62;
1542235;DIVERSOS KIA BESTA 2.7 GS 3.0 16 LUGARES K2700 BON;0,;8,13;
1542253;DIVERSOS KIA BESTA 2.7.;0,;31,26;
1642011;DIVERSOS M BENS L321 OM352 ANTIGA;0,;4,69;
MR1009;DUTO FLEX RAD AO BOCAL SUP DA B AGUA VW GOL  PLUS/;0,;51,31;
401293050;ECONOSTAT AERACAO VW 1300;0,;24,49;
401295100;ECONOSTAT AERACAO VW BRASILIA KOMBI 1.6;0,;24,49;
401294075;ECONOSTAT AERACAO VW FUSCAO 1500;0,;24,49;
3602;EIXO CARDAN COMPLETO, P/ PICK UP RANGER;1,;228,26;
521250311;EIXO COMANDO ADM RENAULT KWID B4D;1,;416,91;
520910301;EIXO DE COMANDO ADM FORD KA 1.0 12V;1,;411,62;
521020101;EIXO DE COMANDO AMAROK 2.0 TDI - ADM FCI 15B2C3A8-;1,;714,00;
520340401;EIXO DE COMANDO CELTA 1.0 8V 2006... (LL) FCI CBF3;1,;427,78;
520010401;EIXO DE COMANDO CORSA 1.0 8V MPFI/FLEX (LL) FCI 57;1,;309,07;
521260311;EIXO DE COMANDO ESC RENAULT KWID B4D;1,;416,91;
520400301;EIXO DE COMANDO FIESTA 1.0 8V FLEX (LL) FCI EEC288;0,;455,36;
520390301;EIXO DE COMANDO FIESTA 1.0 8V GAS (LL) FCI 6288804;0,;441,16;
520200101;EIXO DE COMANDO GOL 1.0 8V 2009... AJ (LL) FCI 9B9;0,;309,07;
520210101;EIXO DE COMANDO GOL 1.6 8V 2006... AH (LL) FCI 1E1;0,;375,29;
520530401;EIXO DE COMANDO ONIX/PRISMA 1.0 8V FCI C51EFDA5-50;0,;416,60;
520520401;EIXO DE COMANDO ONIX/PRISMA/COBALT 1.4 8V FCI 36A2;0,;416,58;
520290311;EIXO DE COMANDO SANDERO 1.6 16V ADM K4M (LL) FCI 0;0,;441,49;
520280311;EIXO DE COMANDO SANDERO 1.6 16V ESC K4M (LL) FCI 6;0,;441,49;
BEV12005;ELETROVENTILADOR  CELTA CLASSIC 1.0/1.4 02/06;4,;306,48;
BEV17004;"ELETROVENTILADOR  FIESTA SUPERCHARGER; FIESTA ZETE";2,;238,52;
BEV17003;"ELETROVENTILADOR COURIER(ZETEC ROCAM);FIESTA(ZETE";2,;238,52;
12460;ENGRENAGEM DA RE VW AR 1300/1500/1600 TODOS;0,;98,49;
ESPELHO;ESP RETROV KIA SORENTO 03/09 ELETRICO D (AQUEC/BA/;0,;0,00;
2610 1;ESP. C/ARR. HLX/SB M12X1,5 (24 PCS);10,;400,00;
26101PF;ESP. C/ARR. HLX/SB M12X1,5 24 PCS HILUX 92/2023;8,;400,00;
2621 3;ESP. C/ARR. TY/COROLL/MTS M12X1,5 (20 PCS);11,;262,20;
30342 0;ESP. C/ARR. TY/CRL/MTS M12X1,5 (20 PCS);4,;73,88;
T3FA0122;FALKE DIESEL FLEET TURBO S-3 API CI-4 SAE 15W40(12;0,;35,09;
T3FA0119;FALKE SUPER COMPETICAO API SL SAE 20W50(12X1L);0,;23,53;
T3FA0115;FALKE SYN API SN SAE 5W30 (12X1L);2,;44,41;
7086VP;FALNGE BBA COMB VW GOL G2 1.0 MI 03/99 G2 SPECIAL;15,;49,90;
BAD16022;"FIAT  AMORT TRAS. ELBA 89/96; PREMIO 89/95; UNO 89";2,;226,98;
BAD16020;"FIAT AMORT DIANT. LD/LE PALIO 96/00; SIENA 96/00 S";2,;259,87;
MR5627;FIAT PALIO 06/... WEEKEND 05/10 STRADA/STILO 07/10;0,;39,60;
3609;FILTRO ANTIPOLUENTE DO AR, P/ RANGER;1,;92,73;
4112611;FILTRO BICO INJ SISTEMA BOSCH;0,;84,97;
4112501;FILTRO BICO INJ SISTEMA BOSCH GM FIAT FORD;0,;36,42;
411261;FILTRO BICO INJ SISTEMA BOSCH ROCHESTER MULTI POIN;0,;39,67;
4210121;FILTRO BICO INJ SISTEMA BOSCH ROCHESTER MULTI POIN;0,;61,02;
411561P05;FILTRO BICO INJ SISTEMA BOSCH ROCHESTER MULTI POIN;0,;5,41;
411561P10;FILTRO BICO INJ SISTEMA BOSCH ROCHESTER MULTI POIN;0,;4,66;
411266;FILTRO BICO INJ SISTEMA BOSCH VW GOLF GL 1.8 CORDO;0,;40,76;
4215123P10;FILTRO BICO INJ SISTEMA DELPHI MULTI POINT EMB 100;0,;8,70;
4215123P05;FILTRO BICO INJ SISTEMA DELPHI MULTI POINT EMB 50;0,;9,35;
421263;FILTRO BICO INJ SISTEMA DELPHI MULTI POINT GM CORS;0,;67,15;
4212123;FILTRO BICO INJ SISTEMA DELPHI MULTI POINT GM CORS;12,;84,01;SEL2_D.4
4212632;FILTRO BICO INJ SISTEMA DELPHI MULTI POINT GM CORS;0,;47,70;
4515153P10;FILTRO BICO INJ SISTEMA DENSO EMB 100 PCS TOYOTA C;0,;8,70;
4515153P05;FILTRO BICO INJ SISTEMA DENSO EMB 50 PCS TOYOTA CO;0,;9,07;
4515171P10;FILTRO BICO INJ SISTEMA EMB 100 PCS HONDA CIVIC FI;0,;8,70;
451560P10;FILTRO BICO INJ SISTEMA EMB 100 PCS NISSAN SENTRA;0,;8,70;
4515118P10;FILTRO BICO INJ SISTEMA EMB 100 PCS RENAULT MEGANE;0,;8,70;
4515171P05;FILTRO BICO INJ SISTEMA EMB 50 PCS HONDA CIVIC FIT;0,;9,07;
451560P05;FILTRO BICO INJ SISTEMA EMB 50 PCS NISSAN SENTRA T;0,;9,07;
4515118P05;FILTRO BICO INJ SISTEMA EMB 50 PCS RENAULT MEGANE;0,;9,07;
4112411;FILTRO BICO INJ SISTEMA M MARELLI MPFI REF BICO 21;0,;37,41;
411560P10;FILTRO BICO INJ SISTEMA MAGNETI DELPHI MARELLI MUL;0,;4,66;
4112181;FILTRO BICO INJ SISTEMA MAGNETI MARELLI CFI SPI SI;0,;22,13;
411218;FILTRO BICO INJ SISTEMA MAGNETI MARELLI CFI SPI SI;10,;26,00;DIV-3_H.6
411560P05;FILTRO BICO INJ SISTEMA MAGNETI MARELLI DELPHI MUL;0,;4,87;
411260;FILTRO BICO INJ SISTEMA MAGNETI MARELLI MULTI POIN;2,;68,48;SEL-2_G.5
4112601;FILTRO BICO INJ SISTEMA MAGNETI MARELLI MULTI POIN;2,;68,48;SEL-2_D.8
4112401;FILTRO BICO INJ SISTEMA MAGNETT MARELLI MULTI POIN;0,;34,82;
4210164;FILTRO BICO INJ SISTEMA MPFI BOSCH ROCHESTER OMEGA;0,;54,90;
451562P10;FILTRO BICO INJ SISTEMA MULTI POINT EMB 100 PCS HO;0,;8,70;
451562P05;FILTRO BICO INJ SISTEMA MULTI POINT EMB 50 PCS HON;0,;10,29;
411262;FILTRO BICO INJ SISTEMA MULTI POINT FORD ESCORT 97;0,;59,16;
411263;FILTRO BICO INJ SISTEMA MULTI POINT FORD FIESTA NA;0,;156,32;
451262;FILTRO BICO INJ SISTEMA MULTI POINT HONDA CIVIC FI;5,;74,91;SEL-1_C.1
421208;FILTRO BICO INJ SISTEMA ROCHESTER EFI SINGLE POINT;17,;26,00;DIV-3_I.4
4212105;FILTRO BICO INJ SISTEMA ROCHESTER MULTI POINT GM S;0,;111,14;
411264;FILTRO BICO INJ SISTEMA SIEMENS MULTI POINT FORD C;0,;103,66;
411265;FILTRO BICO INJ SISTEMA SINGLE POINT FORD FIESTA 9;0,;53,72;
312901;FILTRO CARB SOLEX 2E7 3E7 VW GOL SAVEIRO SANTANA A;27,;7,06;
312904;FILTRO CARB WEBER 190 FIAT 1050 1300 GM MONZA 1.6;0,;56,38;
312903;FILTRO CARB WEBER 460 FORD TODOS CHT 1.3 1.6 83 A;0,;39,78;
312704;FILTRO COMBUSTIVEL MAIOR VW GM FORD FIAT;0,;10,77;
312703;FILTRO COMBUSTIVEL MENOR VW GM FORD FIAT;0,;12,80;
3608;FILTRO COMBUSTIVEL REF EL-62774, DIESEL;1,;107,00;
206515;FILTRO DE COMB. BEETLE 2.0 98/BORA 1.6/1.8/2.0-99/;12,;22,70;
206506;FILTRO DE COMB. CORSA 1.0 1.4 1.6 1.8 TODOS 2003 B;8,;12,85;FOR-3_E
206502;FILTRO DE COMB. COURIER 1.3 1.6 1.4 MOTOR ZETEC-97;30,;17,42;FOR-3_E
206504;FILTRO DE COMB. GOL/PARATI/SAVEIRO 1.6 1.8 96 BG;24,;17,42;FOR-3_E
206508;FILTRO DE COMB. PALIO/WEEKEND/SIENA BG;30,;18,43;FOR-3_E
206516;FILTRO DE COMBUSTIVEL C3 1.4/1.6 XSARA PICASSO 1.6;30,;11,40;
206517;FILTRO DE COMBUSTIVEL COROLLA/FIELDER 1.8 16V 2006;0,;12,38;
206510;FILTRO DE COMBUSTIVEL PALIO FIRE 1.0/1.3/1.6/1.8 8;94,;11,40;FOR-3_F
3607;FILTRO DE OLEO LUBRIFICANTE, P/ PICK UP RANGER;1,;93,92;
FTM4;FILTRO DE OLEO MULTI FIAT PALIO TODOS ATE 2000, MA;0,;17,45;
FTM1;FILTRO DE OLEO MULTI FORD FIESTA (TDS) END ZET;6,;17,45;
FTM3;FILTRO DE OLEO MULTI GM ASTRA, CORSA, CELTA, MONZA;0,;15,33;
FTM2;FILTRO DE OLEO MULTI VW GOL, SAVEIRO, PARATI COM M;0,;18,35;
100055;FILTRO DE OLEO PALIO 1.0 8V FIRE E 1.0 16V FIRE/UN;78,;16,74;
194210084;FILTRO OLEO CUMMINS 6B;0,;61,33;
FTM5;FILTRO OLEO MULTI FIAT PALIO 1.0 1.3 8V 16V FIRE;46,;18,93;
904407;FLANDRE 1.0X1.0 METRO;0,;121,04;
904523;FLANDRE APROX 1.000MMX1.000MMX0,23MM ESPESSURA EXA;0,;210,17;
7008VP;FLANGE BBA COMB 10 FUROS ENGATE DE MANGUEIRO FIAT;12,;11,79;
7015VP;FLANGE BBA COMB 12 FUROS ENGATE MANGUEIRA FIAT UNO;0,;23,36;
7021VP;FLANGE BBA COMB C ENGATE RAPIDO C ENCAIXE P REGULA;0,;24,83;
7020VP;FLANGE BBA COMB C ENGATE RAPIDO GM CORSA 02/03 GAS;1,;36,51;
7024VP;FLANGE BBA COMB C ENGATE RAPIDO VW GOL CL 95/96 KO;8,;20,15;
7023VP;FLANGE BBA COMB C ENGATE RAPIDO VW GOL GII SPECIAL;1,;21,88;
7022VP;FLANGE BBA COMB C ENGATE RAPIDO VW GOL PARATI COLI;11,;26,13;
7027VP;FLANGE BBA COMB C ENGATE RAPIDO VW KOMBI I.E TDS 9;1,;22,79;
7049VP;FLANGE BBA COMB C ENGATE RAPIDO VW SANTANA 94/...;9,;23,16;
7078VP;FLANGE BBA COMB C RETORNO DIRETO A TANQUE BOMBA VD;7,;43,31;
7088VP;FLANGE BBA COMB C SUPORTE P REG PRESSAO VW GOL 1.0;0,;41,97;
7016VP;FLANGE BBA COMB C TANQUE PLASTICO ENGATE RAPIDO E;0,;37,98;
7017VP;FLANGE BBA COMB C TANQUE PLASTICO ENGATE RAPIDO E;3,;35,06;
7009VP;FLANGE BBA COMB ENGATE MANGUEIRA FIAT UNO MILLE 00;1,;22,79;
7010VP;FLANGE BBA COMB ENGATE RAPIDO C ENCAIXE P REGULADO;0,;26,28;
7005VP;FLANGE BBA COMB ENGATE RAPIDO FIAT PALIO SIENA WEE;0,;26,28;
311710;FLANGE BBA COMB FIAT 147 1050 1300;2,;16,68;SEL-2_B.1
341710;FLANGE BBA COMB FIAT 147 1050 1300;9,;30,37;SEL-1_C.6
7092VP;FLANGE BBA COMB FIAT DOBLO 1.4 1.8 MPI 8V ADVENTUR;5,;40,95;
7079VP;FLANGE BBA COMB FIAT PALIO 00/...  ALC;10,;27,75;
7045VP;FLANGE BBA COMB FIAT PALIO/WEEKEND FIRE TDS 00/03;0,;64,00;
7094VP;FLANGE BBA COMB FIAT PUNTO 1.4 1.8 FLEX;10,;39,85;
3417131;FLANGE BBA COMB FIAT TIPO 1 600 ARGENTINO ALC GAS;0,;96,21;
7046VP;FLANGE BBA COMB FIAT UNO FIRE 03/... FLEX;0,;36,51;
341713;FLANGE BBA COMB FIAT UNO PREMIO ELBA 1600 ARGENTIN;0,;58,77;
7063VP;FLANGE BBA COMB GM CELTA MERIVA PRISMA FLEX;0,;43,83;
7068VP;FLANGE BBA COMB GM CORSA 1.0 VHC 02 08/05 1.8 MPFI;4,;33,35;
7062VP;FLANGE BBA COMB GM CORSA 1.0 VHC 09/05 1.4 ECONOFL;0,;43,83;
7060VP;FLANGE BBA COMB GM MERIVA GAS 09 02/04 GAS;9,;29,03;
7073VP;FLANGE BBA COMB VW FOX 1.0 1.6 02/05...  FLEX;2,;42,08;
7072VP;FLANGE BBA COMB VW GOL GII PARATI 1.6 1.8 2.0 10 9;1,;42,08;
7075VP;FLANGE BBA COMB VW KOMBI TDS FLEX;0,;41,51;
311717;FLANGE BBA COMB VW PASSAT GOL VOYAGE 1.5 1.6;0,;34,34;
311716;FLANGE BBA COMB VW SANTANA GOL VOYAGE PARATI 1.8;0,;19,39;
123201;FLANGE BBA COMBTC GM CHEVETTE KADETT MONZA;20,;10,83;
7103VP;FLANGE BOMBA COMBUSTÍVEL  RENAULT KANGOO FLEX 05/.;2,;46,19;
7090VP;FLANGE DA BOMBA DE COMBUSTÍVEL RENAULT CLIO 1.0/1.;0,;35,92;
7146VP;FLANGE DA BOMBA DE COMBUSTÍVEL RENAULT DUSTER 2012;0,;49,74;
7116VP;FLANGE DA BOMBA DE COMBUSTÍVEL RENAULT MEGANE 1.6;2,;38,50;
7063WS;FLANGE RENAULT CLIO LOGAN SANDERO MEGANE SCENIC S;1,;57,73;
20292;FLANGE VALV TERM KOMBI T2 06/... 1.4 TOTAL FLEX;0,;18,20;
5027EM;FLEXIVEL DE EMBREAGEM KOMBI T2 - 09/96... - (CURT;0,;17,53;
5029EM;FLEXIVEL DE EMBREAGEM KOMBI T2 - 97... - (LONGO);0,;18,03;
DOT3-118;FLUIDO FREIO DOT-3;7,;23,16;
DOT4-119;FLUIDO FREIO DOT-4;-8,;30,18;
401207080;GAPR SLX 30 31 PIC 32 34 PDSI 34 SEIE 40 EIS 40 DE;0,;5,32;
401207085;GAPR SLX 30 31 PIC 32 34 PDSI 34 SEIE 40 EIS 40 DE;0,;5,32;
401207090;GAPR SLX 30 31 PIC 32 34 PDSI 34 SEIE 40 EIS 40 DE;0,;5,32;
401207095;GAPR SLX 30 31 PIC 32 34 PDSI 34 SEIE 40 EIS 40 DE;0,;4,79;
401207097;GAPR SLX 30 31 PIC 32 34 PDSI 34 SEIE 40 EIS 40 DE;0,;5,32;
401207100;GAPR SLX 30 31 PIC 32 34 PDSI 34 SEIE 40 EIS 40 DE;0,;5,32;
401207102;GAPR SLX 30 31 PIC 32 34 PDSI 34 SEIE 40 EIS 40 DE;0,;5,32;
401207105;GAPR SLX 30 31 PIC 32 34 PDSI 34 SEIE 40 EIS 40 DE;0,;5,32;
401207107;GAPR SLX 30 31 PIC 32 34 PDSI 34 SEIE 40 EIS 40 DE;0,;5,32;
401207110;GAPR SLX 30 31 PIC 32 34 PDSI 34 SEIE 40 EIS 40 DE;0,;4,79;
401207112;GAPR SLX 30 31 PIC 32 34 PDSI 34 SEIE 40 EIS 40 DE;0,;5,32;
401207115;GAPR SLX 30 31 PIC 32 34 PDSI 34 SEIE 40 EIS 40 DE;0,;4,79;
401207117;GAPR SLX 30 31 PIC 32 34 PDSI 34 SEIE 40 EIS 40 DE;5,;5,32;
401207120;GAPR SLX 30 31 PIC 32 34 PDSI 34 SEIE 40 EIS 40 DE;5,;5,32;
401207122;GAPR SLX 30 31 PIC 32 34 PDSI 34 SEIE 40 EIS 40 DE;0,;5,32;
401207125;GAPR SLX 30 31 PIC 32 34 PDSI 34 SEIE 40 EIS 40 DE;0,;5,96;
401207127;GAPR SLX 30 31 PIC 32 34 PDSI 34 SEIE 40 EIS 40 DE;0,;5,32;
401207130;GAPR SLX 30 31 PIC 32 34 PDSI 34 SEIE 40 EIS 40 DE;0,;5,32;
401207132;GAPR SLX 30 31 PIC 32 34 PDSI 34 SEIE 40 EIS 40 DE;0,;5,32;
401207135;GAPR SLX 30 31 PIC 32 34 PDSI 34 SEIE 40 EIS 40 DE;0,;5,32;
401207137;GAPR SLX 30 31 PIC 32 34 PDSI 34 SEIE 40 EIS 40 DE;0,;5,32;
401207140;GAPR SLX 30 31 PIC 32 34 PDSI 34 SEIE 40 EIS 40 DE;0,;4,79;
401207142;GAPR SLX 30 31 PIC 32 34 PDSI 34 SEIE 40 EIS 40 DE;0,;5,32;
401207145;GAPR SLX 30 31 PIC 32 34 PDSI 34 SEIE 40 EIS 40 DE;0,;5,32;
401207147;GAPR SLX 30 31 PIC 32 34 PDSI 34 SEIE 40 EIS 40 DE;0,;5,32;
401207150;GAPR SLX 30 31 PIC 32 34 PDSI 34 SEIE 40 EIS 40 DE;0,;5,32;
401207152;GAPR SLX 30 31 PIC 32 34 PDSI 34 SEIE 40 EIS 40 DE;0,;5,32;
401207155;GAPR SLX 30 31 PIC 32 34 PDSI 34 SEIE 40 EIS 40 DE;0,;5,32;
401207157;GAPR SLX 30 31 PIC 32 34 PDSI 34 SEIE 40 EIS 40 DE;0,;5,32;
401207160;GAPR SLX 30 31 PIC 32 34 PDSI 34 SEIE 40 EIS 40 DE;0,;5,32;
401207162;GAPR SLX 30 31 PIC 32 34 PDSI 34 SEIE 40 EIS 40 DE;0,;5,32;
401207165;GAPR SLX 30 31 PIC 32 34 PDSI 34 SEIE 40 EIS 40 DE;0,;5,32;
401207167;GAPR SLX 30 31 PIC 32 34 PDSI 34 SEIE 40 EIS 40 DE;0,;5,32;
401207172;GAPR SLX 30 31 PIC 32 34 PDSI 34 SEIE 40 EIS 40 DE;0,;6,67;
401207175;GAPR SLX 30 31 PIC 32 34 PDSI 34 SEIE 40 EIS 40 DE;0,;5,32;
401207177;GAPR SLX 30 31 PIC 32 34 PDSI 34 SEIE 40 EIS 40 DE;0,;5,32;
401207180;GAPR SLX 30 31 PIC 32 34 PDSI 34 SEIE 40 EIS 40 DE;0,;5,32;
401207182;GAPR SLX 30 31 PIC 32 34 PDSI 34 SEIE 40 EIS 40 DE;0,;5,32;
401207185;GAPR SLX 30 31 PIC 32 34 PDSI 34 SEIE 40 EIS 40 DE;0,;5,32;
401207187;GAPR SLX 30 31 PIC 32 34 PDSI 34 SEIE 40 EIS 40 DE;0,;5,32;
401207190;GAPR SLX 30 31 PIC 32 34 PDSI 34 SEIE 40 EIS 40 DE;0,;5,32;
401207195;GAPR SLX 30 31 PIC 32 34 PDSI 34 SEIE 40 EIS 40 DE;0,;5,32;
401207200;GAPR SLX 30 31 PIC 32 34 PDSI 34 SEIE 40 EIS 40 DE;0,;5,32;
401207205;GAPR SLX 30 31 PIC 32 34 PDSI 34 SEIE 40 EIS 40 DE;0,;5,32;
401207210;GAPR SLX 30 31 PIC 32 34 PDSI 34 SEIE 40 EIS 40 DE;0,;5,32;
401207215;GAPR SLX 30 31 PIC 32 34 PDSI 34 SEIE 40 EIS 40 DE;0,;5,32;
401207220;GAPR SLX 30 31 PIC 32 34 PDSI 34 SEIE 40 EIS 40 DE;0,;4,79;
401207225;GAPR SLX 30 31 PIC 32 34 PDSI 34 SEIE 40 EIS 40 DE;0,;5,32;
175322;GAX MANCAL FORD CARGO 4 6 CIL;0,;64,08;
135319;GAX MANCAL FORD MAVERICK JEEP WILLYS 58 A 75 6 CIL;0,;77,41;
125361;GAX MANCAL GM CHEVROLET BRASIL 261;0,;115,38;
125301;GAX MANCAL GM OPALA 90 CARAVAN 153 151 169 230 250;4,;103,77;SEL-2_F.8
15423515;GAX MANCAL M BENS 120D 130D 140D 150D 170D 180D MO;0,;114,51;
165304;GAX MANCAL M BENS 180 OM314 L608D OM352A OM366;0,;99,05;
175301;GAX MANCAL PERKINS TRATOR 8BR 4203 4236 4248 6340;0,;78,02;
85114001;GAX SAIDA ESCAP 52 FIAT DUCATO CITROEN JUMTER RENA;0,;18,95;
851140011;GAX SAIDA ESCAP 59 FIAT DUCATO CITROEN JUMTER RENA;0,;21,70;
1522071;GAX SAIDA ESCAP ASIA TOPIC 2.7 MAZDA 3.0 KIA BONGO;0,;12,93;
8111116;GAX SAIDA ESCAP AUDI A1 A3 Q3 SKODA OCTAVIA SEAT L;0,;17,09;
85113313;GAX SAIDA ESCAP BMW 135I 335I 640I 740I X3 35I X5;0,;145,49;
85113312;GAX SAIDA ESCAP BMW 630I CABRIO ENGINE 41X52X7;0,;31,48;
15203311;GAX SAIDA ESCAP BMW 630I CABRIO ENGINE 41X52X7;0,;49,27;
8211173;GAX SAIDA ESCAP CAT Ø 82.00MM GM ONIX 2G 20/... TR;1,;27,93;SAI_C.7
8511165;GAX SAIDA ESCAP CATALISADOR PEUGEOT 4 CIL ANT A 20;0,;17,83;
85115401;GAX SAIDA ESCAP CHRYSLER NEON STRATUS 2.5L 64X86X1;0,;236,03;
8511146;GAX SAIDA ESCAP COROLLA ATÉ 2002 44X57X6;0,;118,54;
8211136;GAX SAIDA ESCAP CORSA 8V CELTA UP ARGO 45X59X13;5,;18,37;TV-11_E.2.B
871118;GAX SAIDA ESCAP D-20 MAXION SILVERADO 64X78X13;0,;20,39;
85111101;GAX SAIDA ESCAP DAIHATSU CUORE 12V EF-EL EF GL  40;0,;163,50;
85111102;GAX SAIDA ESCAP DAIHATSU MIRA 12V EF-EL EF GL  44X;0,;204,06;
85111061;GAX SAIDA ESCAP DIANT TOYOTA COROLLA IMPORTADO NAC;2,;55,14;TV-11_B.5
85115408;GAX SAIDA ESCAP ECLIPSE 2.4L 06 A 12 GALANT 2.4L 0;0,;166,23;
8311122;GAX SAIDA ESCAP F.1000 3.6 4.9 GAS ALCOOL;0,;30,32;
831173;GAX SAIDA ESCAP FOCUS FLEX 1.6 1.8 2.0 45X60X18;0,;78,80;
831103;GAX SAIDA ESCAP FORD ESCORT CHT XR3 ATE 86 VERONA;0,;23,74;
831149;GAX SAIDA ESCAP FORD ESCORT ZETEC 1.8 MONDEO ZETEC;15,;72,34;TV-11_A.6
182207;GAX SAIDA ESCAP FORD F1000 2000 4000 GRANDE;0,;18,60;
182209;GAX SAIDA ESCAP FORD F4000 7000 75 A 80 PEQUENA;0,;19,29;
831133;GAX SAIDA ESCAP FORD FIESTA COURIER 1.0 1.3 ENDURA;0,;22,24;
831145;GAX SAIDA ESCAP FORD KA FIESTA COURIE FOCOS ECOESP;2,;77,71;TV-11_C.2
8511191;GAX SAIDA ESCAP FORD MAX FALCON F100 FAIRLANE 69 1;0,;33,99;
831104;GAX SAIDA ESCAP FORD RANGER EXPLORER 6 CIL IMPORT;6,;35,24;TV-11_A.4
8111103;GAX SAIDA ESCAP FOX POLO 50X64X11;0,;122,51;
851133051;GAX SAIDA ESCAP GANDE BMW 116I 118I 120I 316I 318I;0,;69,12;
821187;GAX SAIDA ESCAP GM ASTRA VECTRA 2.0 2.2 50.2X66.2X;8,;32,14;TV-11_C.3
8211105;GAX SAIDA ESCAP GM BLAZER S10 4.3 VORTEC V6 41.8 X;0,;116,79;
122202;GAX SAIDA ESCAP GM CHEVETTE MARAJO CHEVY DODGE 180;14,;10,61;TV-11_D.5
1222123;GAX SAIDA ESCAP GM CORSA CELTA VHC 1.0 8V .../06;0,;27,34;
821106;GAX SAIDA ESCAP GM MONZA CELTA FIAT FIASA MPI;15,;18,14;TV-11_B.4
122203;GAX SAIDA ESCAP GM OPALA 90 CARAVAN 153 151 4CIL A;10,;11,63;TV-11_D.4
122204;GAX SAIDA ESCAP GM OPALA C10 230 250 261 6CIL;5,;18,23;TV-11_D.3
8511111;GAX SAIDA ESCAP GRANDE MITSUBISHI L 200 TRAS 67X80;0,;40,59;
8511163;GAX SAIDA ESCAP GRANDE SUZUKI VITARA 2.0 16V 01 A;0,;166,23;
851160051;GAX SAIDA ESCAP GRANDE TRAZ NISSAN LIVINA TIIDA VE;0,;104,47;
8511171;GAX SAIDA ESCAP HONDA CIVIC 2001 A 2006  DIANT 57X;0,;163,63;
851162;GAX SAIDA ESCAP HONDA CIVIC 45.0X58.4X13.5;5,;22,81;TV-11_B.6
152211;GAX SAIDA ESCAP HYUNDAI H100 MITSUBISHI PAJERO MON;2,;19,86;TV-11_D.2
152223;GAX SAIDA ESCAP KIA BESTA 2.7 GS 3.0 16 LUGARES DI;0,;19,81;
851101;GAX SAIDA ESCAP KIA BESTA CERES TDS 45.0X63.5X10.3;0,;24,07;
152221;GAX SAIDA ESCAP KIA BESTA ESPORTAGE 2.0 2.2 DIESEL;0,;19,81;
8611114;GAX SAIDA ESCAP M BENS CLASSE A 1999 A 2005;0,;29,84;
851133052;GAX SAIDA ESCAP MEDIA BMW 116I 118I 120I 318I 320I;0,;140,12;
8611214;GAX SAIDA ESCAP MERCEDES BENZ CLASSE A 1999 A 2005;0,;16,65;
851160;GAX SAIDA ESCAP NISSAN MICRA C C MARCH III DUALIST;0,;188,79;
85111201;GAX SAIDA ESCAP OPEL CAVALIER M 2.3L 53X65X13;0,;177,05;
8111123;GAX SAIDA ESCAP PASSAT GOLF EUROVAN MTR EA827 72X9;0,;225,27;
85113305;GAX SAIDA ESCAP PEQUENA BMW 116I 118I 120I 318I 32;0,;60,29;
85116005;GAX SAIDA ESCAP PEQUENA DIAT NISSAN LIVINA TIIDA V;0,;113,04;
851111;GAX SAIDA ESCAP PEQUENA MITSUBISHI L 200 DIANT 49X;0,;17,80;
85111631;GAX SAIDA ESCAP PEQUENA SUZUKI VITARA 16V 45X59X16;0,;111,66;
1722081;GAX SAIDA ESCAP PERKINS 4236 4248 6357 6357-2 6358;0,;22,60;
8511130;GAX SAIDA ESCAP PEUGEOT 1.0 D4D 16VPART TU1JP HFY/;8,;27,02;TV-11_B.3
8511134;GAX SAIDA ESCAP PEUGEOT 206 307 PARTNER 1.6 16 VAL;3,;85,62;TV-11_D.1
8511100;GAX SAIDA ESCAP PEUGEOT 306 1.8 8 VAL 406 1.8 2.0;7,;56,26;TV-11_C.1
851198;GAX SAIDA ESCAP PEUGEOT 306 405 1.8 16 VAL XANTIA;33,;45,14;TV-11_E.3
85119602;GAX SAIDA ESCAP PEUGEOT MINI COOPER S WORK CLUBMAN;0,;40,75;
831153;GAX SAIDA ESCAP RANGER ARG. GAS 2.8L DIESEL 98 UP;0,;178,29;
85118601;GAX SAIDA ESCAP RENAULT CLIO  KWID SANDERO KANGOO;16,;29,31;TV-11_C.5
851186;GAX SAIDA ESCAP RENAULT CLIO KANGOO TWINGO D7D D7F;4,;27,02;TV-11_B.2
851187;GAX SAIDA ESCAP RENAULT CLIO KANGOO TWINGO PEUGEOT;3,;38,61;TV-11_A.2
851172;GAX SAIDA ESCAP RENAULT CLIO TWINGO 51.6X66.9X13.1;3,;32,02;TV-11_A.3
851184;GAX SAIDA ESCAP RENAULT LAGUNA 2.0 8 VAL 86.1X103.;9,;76,11;TV-11_A.5
851176;GAX SAIDA ESCAP RENAULT R19 1.8 73.8X89.3X12.5;4,;41,00;TV-11_E.2
8511179;GAX SAIDA ESCAP RENAUT CLIO;2,;34,12;SAI-B.2
861109;GAX SAIDA ESCAP SPRINTER 2500 3500 CLASSE C 180 20;0,;40,63;
85115001;GAX SAIDA ESCAP TOYOTA AURIS AVENSIS CELICA MATRIX;0,;123,10;
85115012;GAX SAIDA ESCAP TOYOTA AYGO VIOS E YARIS 1.0 35X46;0,;81,72;
85115016;GAX SAIDA ESCAP TOYOTA AYGO VIOS YARIS 1.3 1.5 16V;0,;104,47;
8511153;GAX SAIDA ESCAP TOYOTA COROLLA IMPORTADO 1.6 1.8 1;0,;55,14;
8511501;GAX SAIDA ESCAP TOYOTA HILUX 2005 UP 16V 68X84X15;0,;33,57;
851150;GAX SAIDA ESCAP TOYOTA HILUX 4P CAMRY E SW4 ATÉ 20;0,;124,38;
8511106;GAX SAIDA ESCAP TRAZ TOYOTA COROLLA IMPORTADO NACI;2,;46,10;TV-11_A.1
811108;GAX SAIDA ESCAP VW GOL AE BX 1000 GOLF GL 94 98 CO;0,;28,46;TV-11_C.4
811106;GAX SAIDA ESCAP VW GOL AE BX FORD ESCORT CHT AP AU;9,;24,31;TV-11_E.1
811107;GAX SAIDA ESCAP VW GOL AT 16 VAL POLO LOGUS POINTE;0,;32,71;
811147;GAX SAIDA ESCAP VW GOL MI 8 VAL GOL SANTANA 2000 C;5,;24,13;TV-11_C.6
811161;GAX SAIDA ESCAP VW GOL SAVEIRO SANTANA AP 1.6 1.8;1,;33,94;TV-11_E.2
811157;GAX SAIDA ESCAP VW PARATI 2.0 16 VAL MULTIPOINT 56;6,;24,50;TV-11_B.1
70.859-CU;GAXETA CANO ESCAPE S4/S4T/4000/40000T/4236/6357;0,;11,77;
71.163-CU;GAXETA DO CANO ESCAPE D-229;0,;10,80;
135301;GAXETA MAVERICK WILLYS JEEP MT. WILLYS 6CIL.;9,;11,51;
39220102;GAXETA MOTOCICLETA;0,;0,92;
401208040;GGML WEBER 190 495 450 M MOD FORD ESCORT VERSAILLE;0,;8,42;
401208042;GGML WEBER 190 495 450 M MOD FORD ESCORT VERSAILLE;0,;8,42;
401208045;GGML WEBER 190 495 450 M MOD FORD ESCORT VERSAILLE;0,;8,42;
401208047;GGML WEBER 190 495 450 M MOD FORD ESCORT VERSAILLE;0,;8,42;
401208050;GGML WEBER 190 495 450 M MOD FORD ESCORT VERSAILLE;0,;8,42;
401208052;GGML WEBER 190 495 450 M MOD FORD ESCORT VERSAILLE;0,;8,42;
401208055;GGML WEBER 190 495 450 M MOD FORD ESCORT VERSAILLE;0,;8,42;
401208057;GGML WEBER 190 495 450 M MOD FORD ESCORT VERSAILLE;0,;8,42;
401208060;GGML WEBER 190 495 450 M MOD FORD ESCORT VERSAILLE;0,;8,42;
401208062;GGML WEBER 190 495 450 M MOD FORD ESCORT VERSAILLE;0,;8,42;
401208065;GGML WEBER 190 495 450 M MOD FORD ESCORT VERSAILLE;0,;8,42;
401208067;GGML WEBER 190 495 450 M MOD FORD ESCORT VERSAILLE;0,;8,42;
401208070;GGML WEBER 190 495 450 M MOD FORD ESCORT VERSAILLE;0,;8,42;
401208090;GGML WEBER 190 495 450 M MOD FORD ESCORT VERSAILLE;0,;8,42;
401211047;GICLEUR DE MARCHA LENTA CAL 47 CHT CARB WEBER 450;0,;9,25;
401209047SB;GICLEUR DE MARCHA LENTA CAL 47 CHT CARB WEBER 450;0,;3,90;
401207170;GICLEUR PRINCIPAL CABEÇA RISCADA CAL.170 CARB.SOLE;10,;5,32;
4012108047;GMLC TLDZ F 495 FIAT ELBA UNO PREMIO FORD ESCORT D;0,;24,70;
4012108050;GMLC TLDZ F 495 FIAT ELBA UNO PREMIO FORD ESCORT D;0,;27,44;
4012108052;GMLC TLDZ F 495 FIAT ELBA UNO PREMIO FORD ESCORT D;0,;24,70;
4012108060;GMLC TLDZ F 495 FIAT ELBA UNO PREMIO FORD ESCORT D;0,;27,44;
4012108062;GMLC TLDZ F 495 FIAT ELBA UNO PREMIO FORD ESCORT D;0,;27,44;
4012107047;GMLC TLDZ G 495 FIAT ELBA UNO PREMIO FORD ESCORT D;0,;27,44;
4012107050;GMLC TLDZ G 495 FIAT ELBA UNO PREMIO FORD ESCORT D;0,;27,44;
4012107052;GMLC TLDZ G 495 FIAT ELBA UNO PREMIO FORD ESCORT D;0,;24,70;
4012107060;GMLC TLDZ G 495 FIAT ELBA UNO PREMIO FORD ESCORT D;0,;27,44;
4012107062;GMLC TLDZ G 495 FIAT ELBA UNO PREMIO FORD ESCORT D;0,;24,70;
401205047;GMLS SOL 30 31PIC 32 34 35 PDSI 34 SEIE40 EIS DEIS;0,;11,29;
401205055;GMLS SOL30 PIC32 34 35 PDSI 34 SEIE40 EIS DEIS 2E7;0,;10,16;
401205050;GMLS SOL30 PIC32 34 35 PDSI34 SEIE40 EIS DEIS 2E7;0,;11,29;
401205060;GMLS SOLE 30PIC32 34 35PDSI 34SEIE40 EIS DEIS 2E7;0,;11,29;
401205062;GMLS SOLEX 30 31 PIC 32 34 35 PDSI 34 SEIE40 EIS D;0,;11,29;
401205065;GMLS SOLEX 30 31 PIC 32 34 35 PDSI 34 SEIE40 EIS D;0,;11,29;
401205067;GMLS SOLEX 30 31 PIC 32 34 35 PDSI 34 SEIE40 EIS D;0,;11,29;
401205070;GMLS SOLEX 30 31 PIC 32 34 35 PDSI 34 SEIE40 EIS D;0,;11,29;
401205072;GMLS SOLEX 30 31 PIC 32 34 35 PDSI 34 SEIE40 EIS D;0,;10,16;
401205075;GMLS SOLEX 30 31 PIC 32 34 35 PDSI 34 SEIE40 EIS D;0,;11,29;
401205077;GMLS SOLEX 30 31 PIC 32 34 35 PDSI 34 SEIE40 EIS D;0,;11,29;
401205080;GMLS SOLEX 30 31 PIC 32 34 35 PDSI 34 SEIE40 EIS D;0,;10,16;
401205090;GMLS SOLEX 30 31 PIC 32 34 35 PDSI 34 SEIE40 EIS D;0,;10,16;
401205095;GMLS SOLEX 30 31 PIC 32 34 35 PDSI 34 SEIE40 EIS D;0,;10,16;
401205057;GMLS SOLEX 30 31 PIC 32 34 35 PDSI 34 SEIE40 EIS D;0,;11,29;
401205045;GMLS SOLEX 30 31 PIC 32 34 35 PDSI 34 SEIE40 EIS D;0,;10,16;
401261050;GMLS SOLEX 30 31 PIC 32 34 35 PDSI 34 SEIE40 EIS D;0,;12,38;
401261052;GMLS SOLEX 30 31 PIC 32 34 35 PDSI 34 SEIE40 EIS D;0,;12,38;
401261055;GMLS SOLEX 30 31 PIC 32 34 35 PDSI 34 SEIE40 EIS D;0,;12,38;
401261060;GMLS SOLEX 30 31 PIC 32 34 35 PDSI 34 SEIE40 EIS D;0,;12,38;
401205052;GMLS SOLEX 30PIC 32 34 35PDSI 34 SEIE40 EIS DEIS 2;0,;10,16;
401215077;GP BLFA SOLEX 30 34 FORD ESCORT CORCEL DEL REY BEL;0,;6,49;
401215082;GP BLFA SOLEX 30 34 FORD ESCORT CORCEL DEL REY BEL;0,;5,91;
401215087;GP BLFA SOLEX 30 34 FORD ESCORT CORCEL DEL REY BEL;0,;5,91;
401215097;GP BLFA SOLEX 30 34 FORD ESCORT CORCEL DEL REY BEL;0,;5,91;
401215100;GP BLFA SOLEX 30 34 FORD ESCORT CORCEL DEL REY BEL;0,;5,91;
401215102;GP BLFA SOLEX 30 34 FORD ESCORT CORCEL DEL REY BEL;0,;5,91;
401215107;GP BLFA SOLEX 30 34 FORD ESCORT CORCEL DEL REY BEL;0,;5,91;
401215110;GP BLFA SOLEX 30 34 FORD ESCORT CORCEL DEL REY BEL;0,;5,91;
401215115;GP BLFA SOLEX 30 34 FORD ESCORT CORCEL DEL REY BEL;0,;6,81;
401215120;GP BLFA SOLEX 30 34 FORD ESCORT CORCEL DEL REY BEL;0,;5,91;
401215125;GP BLFA SOLEX 30 34 FORD ESCORT CORCEL DEL REY BEL;0,;5,91;
401215127;GP BLFA SOLEX 30 34 FORD ESCORT CORCEL DEL REY BEL;0,;5,91;
401215130;GP BLFA SOLEX 30 34 FORD ESCORT CORCEL DEL REY BEL;0,;5,91;
401215135;GP BLFA SOLEX 30 34 FORD ESCORT CORCEL DEL REY BEL;0,;5,91;
401215142;GP BLFA SOLEX 30 34 FORD ESCORT CORCEL DEL REY BEL;0,;6,49;
401215145;GP BLFA SOLEX 30 34 FORD ESCORT CORCEL DEL REY BEL;0,;5,91;
401215092;GP BLFA SOLEX 30 34 FORD ESCORT CORCEL DEL REY BEL;0,;5,91;
401215140;GP BLFA SOLEX 30 34 FORD ESCORT CORCEL DEL REY BEL;0,;5,91;
401215170;GP BLFA SOLEX 30 34 FORD ESCORT CORCEL DEL REY BEL;0,;5,91;
401215190;GP BLFA SOLEX 30 34 FORD ESCORT CORCEL DEL REY BEL;0,;5,91;
401215205;GP BLFA SOLEX 30 34 FORD ESCORT CORCEL DEL REY BEL;0,;5,91;
4012110165;GP WEBER 446 GM OPALA CARAVAN PICK UP 4 6 CIL 165;0,;11,78;
4012110125;GP WEBER 446 GM OPALA CARAVAN PICK-UP 4 6 CIL 125;0,;11,78;
401211125;GP WEBER 446 GM OPALA CARAVAN PICK-UP 4CIL 6CIL 12;0,;13,22;
401211165;GP WEBER 446 GM OPALA CARAVAN PICK-UP 4CIL 6CIL 16;0,;11,90;
401203077;GPCHT WEBER 460 FORD CORCEL II DEL REY ESCORT GM C;0,;4,80;
401203090;GPCHT WEBER 460 FORD CORCEL II DEL REY ESCORT GM C;0,;4,80;
401203095;GPCHT WEBER 460 FORD CORCEL II DEL REY ESCORT GM C;0,;4,32;
401203097;GPCHT WEBER 460 FORD CORCEL II DEL REY ESCORT GM C;0,;4,80;
401203100;GPCHT WEBER 460 FORD CORCEL II DEL REY ESCORT GM C;0,;4,80;
401203102;GPCHT WEBER 460 FORD CORCEL II DEL REY ESCORT GM C;0,;4,32;
401203105;GPCHT WEBER 460 FORD CORCEL II DEL REY ESCORT GM C;0,;4,80;
401203110;GPCHT WEBER 460 FORD CORCEL II DEL REY ESCORT GM C;0,;4,80;
401203112;GPCHT WEBER 460 FORD CORCEL II DEL REY ESCORT GM C;0,;4,80;
401203115;GPCHT WEBER 460 FORD CORCEL II DEL REY ESCORT GM C;0,;4,80;
401203117;GPCHT WEBER 460 FORD CORCEL II DEL REY ESCORT GM C;0,;4,80;
401203120;GPCHT WEBER 460 FORD CORCEL II DEL REY ESCORT GM C;0,;4,95;
401203122;GPCHT WEBER 460 FORD CORCEL II DEL REY ESCORT GM C;0,;4,80;
401203125;GPCHT WEBER 460 FORD CORCEL II DEL REY ESCORT GM C;0,;4,80;
401203127;GPCHT WEBER 460 FORD CORCEL II DEL REY ESCORT GM C;0,;4,80;
401203130;GPCHT WEBER 460 FORD CORCEL II DEL REY ESCORT GM C;0,;4,80;
401203132;GPCHT WEBER 460 FORD CORCEL II DEL REY ESCORT GM C;0,;4,80;
401203135;GPCHT WEBER 460 FORD CORCEL II DEL REY ESCORT GM C;0,;4,32;
401203137;GPCHT WEBER 460 FORD CORCEL II DEL REY ESCORT GM C;0,;4,80;
401203140;GPCHT WEBER 460 FORD CORCEL II DEL REY ESCORT GM C;0,;4,80;
401203142;GPCHT WEBER 460 FORD CORCEL II DEL REY ESCORT GM C;0,;4,80;
401203145;GPCHT WEBER 460 FORD CORCEL II DEL REY ESCORT GM C;0,;4,80;
401203147;GPCHT WEBER 460 FORD CORCEL II DEL REY ESCORT GM C;0,;4,80;
401203150;GPCHT WEBER 460 FORD CORCEL II DEL REY ESCORT GM C;0,;4,32;
401203152;GPCHT WEBER 460 FORD CORCEL II DEL REY ESCORT GM C;0,;4,80;
401203155;GPCHT WEBER 460 FORD CORCEL II DEL REY ESCORT GM C;0,;4,80;
401203157;GPCHT WEBER 460 FORD CORCEL II DEL REY ESCORT GM C;0,;4,80;
401203160;GPCHT WEBER 460 FORD CORCEL II DEL REY ESCORT GM C;0,;4,80;
401203162;GPCHT WEBER 460 FORD CORCEL II DEL REY ESCORT GM C;0,;4,80;
401203165;GPCHT WEBER 460 FORD CORCEL II DEL REY ESCORT GM C;0,;4,80;
401203170;GPCHT WEBER 460 FORD CORCEL II DEL REY ESCORT GM C;0,;4,80;
401203175;GPCHT WEBER 460 FORD CORCEL II DEL REY ESCORT GM C;0,;4,80;
401203180;GPCHT WEBER 460 FORD CORCEL II DEL REY ESCORT GM C;0,;4,80;
401203185;GPCHT WEBER 460 FORD CORCEL II DEL REY ESCORT GM C;0,;4,80;
401203190;GPCHT WEBER 460 FORD CORCEL II DEL REY ESCORT GM C;0,;4,80;
401203195;GPCHT WEBER 460 FORD CORCEL II DEL REY ESCORT GM C;0,;4,80;
401203210;GPCHT WEBER 460 FORD CORCEL II DEL REY ESCORT GM C;0,;4,80;
401203107;GPCHT WEBER 460 FORD CORCEL II DEL REY ESCORT GM C;0,;4,32;
401210022;GPDFV WEBER 228 DFV FORD CORCEL II BELINA DEL REY;0,;5,32;
401210023;GPDFV WEBER 228 DFV FORD CORCEL II BELINA DEL REY;0,;5,32;
401210024;GPDFV WEBER 228 DFV FORD CORCEL II BELINA DEL REY;0,;5,32;
401210025;GPDFV WEBER 228 DFV FORD CORCEL II BELINA DEL REY;0,;5,32;
401210026;GPDFV WEBER 228 DFV FORD CORCEL II BELINA DEL REY;0,;5,32;
401210027;GPDFV WEBER 228 DFV FORD CORCEL II BELINA DEL REY;0,;5,32;
401210028;GPDFV WEBER 228 DFV FORD CORCEL II BELINA DEL REY;0,;5,32;
401210029;GPDFV WEBER 228 DFV FORD CORCEL II BELINA DEL REY;0,;5,32;
401210030;GPDFV WEBER 228 DFV FORD CORCEL II BELINA DEL REY;0,;5,32;
401210031;GPDFV WEBER 228 DFV FORD CORCEL II BELINA DEL REY;0,;5,32;
401210032;GPDFV WEBER 228 DFV FORD CORCEL II BELINA DEL REY;0,;5,32;
401210033;GPDFV WEBER 228 DFV FORD CORCEL II BELINA DEL REY;0,;5,32;
401210034;GPDFV WEBER 228 DFV FORD CORCEL II BELINA DEL REY;0,;5,32;
401210035;GPDFV WEBER 228 DFV FORD CORCEL II BELINA DEL REY;0,;5,32;
401209042;GPML WEBER 190 495 450 M ANT 042 FORD ESCORT VERSA;0,;8,42;
401209045;GPML WEBER 190 495 450 M ANT FORD ESCORT VERSAILLE;0,;8,42;
401209047;GPML WEBER 190 495 450 M ANT FORD ESCORT VERSAILLE;0,;8,42;
401209050;GPML WEBER 190 495 450 M ANT FORD ESCORT VERSAILLE;0,;8,42;
401209052;GPML WEBER 190 495 450 M ANT FORD ESCORT VERSAILLE;0,;8,42;
401209055;GPML WEBER 190 495 450 M ANT FORD ESCORT VERSAILLE;0,;8,42;
401209057;GPML WEBER 190 495 450 M ANT FORD ESCORT VERSAILLE;0,;8,42;
401209060;GPML WEBER 190 495 450 M ANT FORD ESCORT VERSAILLE;0,;8,42;
401209062;GPML WEBER 190 495 450 M ANT FORD ESCORT VERSAILLE;0,;8,42;
401209065;GPML WEBER 190 495 450 M ANT FORD ESCORT VERSAILLE;0,;8,42;
401209070;GPML WEBER 190 495 450 M ANT FORD ESCORT VERSAILLE;0,;7,58;
401209075;GPML WEBER 190 495 450 M ANT FORD ESCORT VERSAILLE;0,;8,42;
401209090;GPML WEBER 190 495 450 M ANT FORD ESCORT VERSAILLE;0,;8,42;
4012118065;GPML WEBER 446 GM OPALA CARAVAN PICK UP 4 6 CIL 06;0,;35,43;
4012118047;GPML WEBER 446 GM OPALA CARAVAN PICK-UP 4 6 CIL;0,;39,37;
40121190;GPML WEBER 460 FORD CORCEL II BELINA DEL REY GM CH;0,;6,81;
40121185;GPML WEBER 460 FORD CORCEL II BELINA DEL REY GM CH;0,;7,58;
40121180;GPML WEBER 460 FORD CORCEL II BELINA DEL REY GM CH;0,;6,81;
40121170;GPML WEBER 460 FORD CORCEL II BELINA DEL REY GM CH;0,;6,81;
40121172;GPML WEBER 460 FORD CORCEL II BELINA DEL REY GM CH;0,;6,81;
40121175;GPML WEBER 460 FORD CORCEL II BELINA DEL REY GM CH;0,;7,58;
40121177;GPML WEBER 460 FORD CORCEL II BELINA DEL REY GM CH;0,;6,81;
40121140;GPML WEBER 460 FORD CORCEL II BELINA DEL REY GM CH;0,;6,81;
40121145;GPML WEBER 460 FORD CORCEL II BELINA DEL REY GM CH;0,;7,58;
40121147;GPML WEBER 460 FORD CORCEL II BELINA DEL REY GM CH;0,;7,58;
40121150;GPML WEBER 460 FORD CORCEL II BELINA DEL REY GM CH;0,;7,58;
40121152;GPML WEBER 460 FORD CORCEL II BELINA DEL REY GM CH;0,;6,81;
40121155;GPML WEBER 460 FORD CORCEL II BELINA DEL REY GM CH;0,;6,81;
40121157;GPML WEBER 460 FORD CORCEL II BELINA DEL REY GM CH;0,;7,58;
40121160;GPML WEBER 460 FORD CORCEL II BELINA DEL REY GM CH;0,;6,81;
40121162;GPML WEBER 460 FORD CORCEL II BELINA DEL REY GM CH;0,;6,81;
40121165;GPML WEBER 460 FORD CORCEL II BELINA DEL REY GM CH;0,;7,58;
401211045;GPML WEBER 460 FORD CORCEL II BELINA DEL REY GM CH;0,;8,42;
401211050;GPML WEBER 460 FORD CORCEL II BELINA DEL REY GM CH;0,;8,42;
401211057;GPML WEBER 460 FORD CORCEL II BELINA DEL REY GM CH;0,;8,42;
401211065;GPML WEBER 460 FORD CORCEL II BELINA DEL REY GM CH;0,;8,42;
401211075;GPML WEBER 460 FORD CORCEL II BELINA DEL REY GM CH;0,;8,42;
401211085;GPML WEBER 460 FORD CORCEL II BELINA DEL REY GM CH;0,;8,42;
401211040;GPML WEBER 460 FORD CORCEL II BELINA DEL REY GM CH;0,;8,42;
401211052;GPML WEBER 460 FORD CORCEL II BELINA DEL REY GM CH;0,;8,42;
401211055;GPML WEBER 460 FORD CORCEL II BELINA DEL REY GM CH;0,;8,42;
401211060;GPML WEBER 460 FORD CORCEL II BELINA DEL REY GM CH;0,;8,42;
401211062;GPML WEBER 460 FORD CORCEL II BELINA DEL REY GM CH;0,;8,42;
401211070;GPML WEBER 460 FORD CORCEL II BELINA DEL REY GM CH;0,;8,42;
401211072;GPML WEBER 460 FORD CORCEL II BELINA DEL REY GM CH;0,;8,42;
401211077;GPML WEBER 460 FORD CORCEL II BELINA DEL REY GM CH;0,;8,42;
401211080;GPML WEBER 460 FORD CORCEL II BELINA DEL REY GM CH;0,;8,42;
401211090;GPML WEBER 460 FORD CORCEL II BELINA DEL REY GM CH;0,;8,42;
401220120;GPMP GPTLDZ WEBER 190 495 450 M PROG FD ESCO VERSA;0,;4,32;
401220105;GPMP GPTLDZ WEBER 190 495 450 M PROG FD ESCOR VERS;0,;4,80;
401220125;GPMP GPTLDZ WEBER 190 495 450 M PROG FD ESCOR VERS;0,;4,95;
401220117;GPMP GPTLDZ WEBER 190 495 450 M PROG FD ESCORT VER;0,;4,32;
401220112;GPMP GPTLDZ WEBER 190 495 450 M PROG FORD ESC VERS;0,;4,32;
401220115;GPMP GPTLDZ WEBER 190 495 450 M PROG FORD ESCOR VE;0,;5,28;
401220122;GPMP GPTLDZ WEBER 190 495 450 M PROG FORD ESCORT V;0,;4,32;
401220107;GPMP GPTLDZ WEBER 190 495 450 M PROG FORD ESCORT V;0,;4,32;
401220110;GPMP GPTLDZ WEBER 190 495 450 M PROG FORD ESCORT V;0,;4,80;
401220080;GPMP GPTLDZ WEBER 190 495 450 M PROG FORD ESCORT V;0,;4,80;
401220085;GPMP GPTLDZ WEBER 190 495 450 M PROG FORD ESCORT V;0,;4,80;
401220090;GPMP GPTLDZ WEBER 190 495 450 M PROG FORD ESCORT V;0,;4,80;
401220095;GPMP GPTLDZ WEBER 190 495 450 M PROG FORD ESCORT V;0,;4,32;
401220100;GPMP GPTLDZ WEBER 190 495 450 M PROG FORD ESCORT V;0,;4,80;
401220102;GPMP GPTLDZ WEBER 190 495 450 M PROG FORD ESCORT V;0,;4,80;
401220127;GPMP GPTLDZ WEBER 190 495 450 M PROG FORD ESCORT V;0,;4,80;
401220130;GPMP GPTLDZ WEBER 190 495 450 M PROG FORD ESCORT V;0,;4,32;
401220132;GPMP GPTLDZ WEBER 190 495 450 M PROG FORD ESCORT V;0,;4,80;
401220135;GPMP GPTLDZ WEBER 190 495 450 M PROG FORD ESCORT V;0,;4,80;
401220137;GPMP GPTLDZ WEBER 190 495 450 M PROG FORD ESCORT V;0,;4,80;
401220140;GPMP GPTLDZ WEBER 190 495 450 M PROG FORD ESCORT V;0,;4,80;
401220142;GPMP GPTLDZ WEBER 190 495 450 M PROG FORD ESCORT V;0,;4,80;
401220145;GPMP GPTLDZ WEBER 190 495 450 M PROG FORD ESCORT V;0,;4,80;
401220147;GPMP GPTLDZ WEBER 190 495 450 M PROG FORD ESCORT V;0,;4,80;
401220150;GPMP GPTLDZ WEBER 190 495 450 M PROG FORD ESCORT V;0,;4,80;
401220152;GPMP GPTLDZ WEBER 190 495 450 M PROG FORD ESCORT V;0,;4,80;
401220155;GPMP GPTLDZ WEBER 190 495 450 M PROG FORD ESCORT V;0,;4,80;
401220157;GPMP GPTLDZ WEBER 190 495 450 M PROG FORD ESCORT V;0,;4,80;
401220160;GPMP GPTLDZ WEBER 190 495 450 M PROG FORD ESCORT V;0,;4,80;
401220162;GPMP GPTLDZ WEBER 190 495 450 M PROG FORD ESCORT V;0,;4,80;
401220165;GPMP GPTLDZ WEBER 190 495 450 M PROG FORD ESCORT V;0,;4,32;
401220167;GPMP GPTLDZ WEBER 190 495 450 M PROG FORD ESCORT V;0,;4,80;
401220170;GPMP GPTLDZ WEBER 190 495 450 M PROG FORD ESCORT V;0,;4,80;
401220175;GPMP GPTLDZ WEBER 190 495 450 M PROG FORD ESCORT V;0,;4,80;
401220177;GPMP GPTLDZ WEBER 190 495 450 M PROG FORD ESCORT V;0,;4,80;
401220180;GPMP GPTLDZ WEBER 190 495 450 M PROG FORD ESCORT V;0,;4,80;
401220185;GPMP GPTLDZ WEBER 190 495 450 M PROG FORD ESCORT V;0,;4,80;
401220187;GPMP GPTLDZ WEBER 190 495 450 M PROG FORD ESCORT V;0,;4,80;
401220190;GPMP GPTLDZ WEBER 190 495 450 M PROG FORD ESCORT V;0,;4,80;
401220192;GPMP GPTLDZ WEBER 190 495 450 M PROG FORD ESCORT V;0,;4,80;
401220195;GPMP GPTLDZ WEBER 190 495 450 M PROG FORD ESCORT V;0,;4,80;
401220200;GPMP GPTLDZ WEBER 190 495 450 M PROG FORD ESCORT V;0,;4,80;
401220205;GPMP GPTLDZ WEBER 190 495 450 M PROG FORD ESCORT V;0,;4,80;
401204110;GPMS SOLEX 35 ALFA 1 FIAT UNO 147 FURGAO FIORINO P;0,;8,92;
401204120;GPMS SOLEX 35 ALFA 1 FIAT UNO 147 FURGAO FIORINO P;0,;8,92;
401204130;GPMS SOLEX 35 ALFA 1 FIAT UNO 147 FURGAO FIORINO P;0,;8,92;
401204135;GPMS SOLEX 35 ALFA 1 FIAT UNO 147 FURGAO FIORINO P;0,;8,92;
401204137;GPMS SOLEX 35 ALFA 1 FIAT UNO 147 FURGAO FIORINO P;0,;8,92;
401204140;GPMS SOLEX 35 ALFA 1 FIAT UNO 147 FURGAO FIORINO P;0,;8,92;
401204142;GPMS SOLEX 35 ALFA 1 FIAT UNO 147 FURGAO FIORINO P;0,;8,92;
401204145;GPMS SOLEX 35 ALFA 1 FIAT UNO 147 FURGAO FIORINO P;0,;8,92;
401204147;GPMS SOLEX 35 ALFA 1 FIAT UNO 147 FURGAO FIORINO P;0,;8,92;
401204150;GPMS SOLEX 35 ALFA 1 FIAT UNO 147 FURGAO FIORINO P;0,;8,92;
401204160;GPMS SOLEX 35 ALFA 1 FIAT UNO 147 FURGAO FIORINO P;0,;8,92;
401204162;GPMS SOLEX 35 ALFA 1 FIAT UNO 147 FURGAO FIORINO P;0,;10,27;
401204170;GPMS SOLEX 35 ALFA 1 FIAT UNO 147 FURGAO FIORINO P;0,;8,92;
401204172;GPMS SOLEX 35 ALFA 1 FIAT UNO 147 FURGAO FIORINO P;0,;8,92;
401204175;GPMS SOLEX 35 ALFA 1 FIAT UNO 147 FURGAO FIORINO P;0,;8,92;
401204180;GPMS SOLEX 35 ALFA 1 FIAT UNO 147 FURGAO FIORINO P;0,;8,92;
3001MT;GRAXA AZUL EM SACHE DE 40 GRS S BICO GRAXA ESPECIA;0,;2,53;
3003MT;GRAXA AZUL EM SACHE S/BICO DE 50 GRS GRAXA ESPECIA;0,;3,06;
3006MT;GRAXA AZUL PARA MOTO C/BICO DE 80 GRS 3006 COD ANP;0,;5,36;
6002MT;GRAXA BR DE CAL EM SACHE PARA MOTO C/B DE 80 GR -;0,;4,29;
4001MT;GRAXA BRANCA DE LITIO EM SACHE C/BICO;0,;5,78;
1001MT;GRAXA GRAFITADA EM SACHE DE 50 GRS SEM BICO USO GE;0,;2,15;
1002MT;GRAXA GRAFITADA EM SACHE DE 80 GRS -2 COD ANP 6501;0,;3,32;
1005MT;GRAXA GRAFITADA SACHE P/ MOTO C/BICO DE 80G - 2 CO;0,;3,37;
M24;GUAR. TERM. BOMBA D'AGUA FIAT;0,;4,29;
4112103;GUARDA-PO INJECAO VW GOL POWER 1.0 KOMBI 1.4 GOLF;0,;42,52;
338.509;GUARN PTA CAMINHAO CARGO (ANTIGO) TDS S/ABA 4,5 MT;2,;61,46;
337.416;GUARN PTA CAMINHAO VW CONSTELLATION 4,50 MTS;5,;84,38;
339.282;GUARN PTA CENTRAL SPRINTER 97/11 - 5,60M;5,;110,62;
337.970;GUARN PTA DIANT/TRAS ONIX/COBALT/PRISMA/SPIN 3,80M;1,;114,84;
337.430;GUARN PTA FOX 4 PTAS 3,50 MTS;2,;69,38;
337.408;GUARN PTA GOL G V 2/4 PTAS 4,00 MTS;2,;79,27;
339.607;GUARN PTA HILUX 05> 4 PTAS 3,70 MTS;1,;114,84;
337.955;GUARN PTA LAT ZAFIRA/MERIVA/NV CORSA/ASTRA/VEC 3.7;2,;74,62;
337.025;GUARN PTA TRIBULBO ABA LARGA KADETT/IPANEMA 91>;1,;59,65;
391701061BN;GUARNIÇÃO CUBA CARBURADOR HONDA MOTOR - 250CC;0,;2,74;
39170102BN;GUARNIÇÃO CUBA CARBURADOR HONDA MOTOR - C100;0,;3,60;
7117VP;GUARNIÇÃO DA FLANGE DE COMBUSTÍVEL CITROEN C3 / PE;94,;11,61;
7132VP;GUARNIÇÃO DA FLANGE DE COMBUSTÍVEL HONDA CIVIC FLE;10,;12,24;
7129VP;GUARNIÇÃO DA FLANGE DE COMBUSTÍVEL HONDA NEW CIVIC;5,;13,09;
7036VP;GUARNIÇÃO DA FLANGE DE COMBUSTÍVEL VW GOL 96, SANT;1,;12,35;
731145;GUARNICAO DO RESERVATORIO DE PARTIDA FIESTA/ECO;0,;4,20;
7111115;GUARNICAO DO RESERVATORIO DE PARTIDA FOX/POLO/GOL;0,;3,45;
741149;GUARNICAO DO RESERVATORIO DE PARTIDA LINHA FIAT;0,;4,41;
337.421;GUARNICAO PTA TRIBULTO C/ABA GOL/PRT/SAV G II/III/;4,;54,86;
112762030;GUIA DE VALVULA (L) FORD KA 1.0 12V STD FCI A03AB1;168,;19,02;
111765045;GUIA DE VALVULA ADM CIVIC 1.6 16V STD FCI 844B172C;24,;21,04;
11542040;GUIA DE VALVULA ADM CORSA 1.0 16V STD FCI BCC8767D;216,;15,47;
112932030;GUIA DE VALVULA ADM DRAGON 1.5 12V FCI 45C59FF5-99;0,;12,42;
112741064;GUIA DE VALVULA ADM HB20 1.0 L STD (L) FCI EFD82A0;24,;20,07;
112493008;GUIA DE VALVULA ADM L200 3.2 4M41 STD FCI 8418E8B3;24,;20,33;
112505064;GUIA DE VALVULA ADM TUCSON 2.0 16V STD FCI A89E2D5;24,;18,02;
122790010;GUIA DE VALVULA ADM VW UP 1.0 12V 2016 STD (LL);24,;30,80;
122229031;GUIA DE VALVULA CLIO 1.0 16V FLEX STD FCI C30C7918;24,;16,29;
121680031;GUIA DE VALVULA CLIO 1.0/1.6 16V STD FCI 738AD4CB-;24,;17,84;
112998040;GUIA DE VALVULA ECOTEC 1.0L 12V ADM/ESC;12,;9,07;
111764045;GUIA DE VALVULA ESC CIVIC 1.6 16V STD FCI 7C98413F;24,;23,91;
112742064;GUIA DE VALVULA ESC HB20 1.0 L STD (L) FCI 89B0BC7;24,;20,07;
112494008;GUIA DE VALVULA ESC L200 3.2 4M41 STD FCI BB2E4714;24,;19,11;
112506064;GUIA DE VALVULA ESC TUCSON 2.0 16V STD FCI 02475E9;24,;18,49;
112791010;GUIA DE VALVULA ESC VW UP 1.0 12V 2016... STD (LL);0,;18,69;
112610030;GUIA DE VALVULA FIESTA 1.6 16V FLEX STD (L) FCI 18;24,;13,33;
111922070;GUIA DE VALVULA FIRE 1.4 / EVO 1.0 STD FCI B2753BE;168,;14,58;
112973070;GUIA DE VALVULA FIREFLY 1.3L 8V ADM/ESC;8,;28,22;
12725010;GUIA DE VALVULA GOL 1.0 POWER 8V/16V STD1;192,;10,98;
111876098;GUIA DE VALVULA HILUX 3.0 STD FCI 25290F91-027D-4A;12,;18,58;
112501007;GUIA DE VALVULA MARCH 1.0 12V / 1.6 16V STD (LL) F;0,;19,67;
122743031;GUIA DE VALVULA MASTER 2.3 16V STD (L);0,;20,56;
112438070;GUIA DE VALVULA MULTIJET 2.3 16V STD FCI D243D5F4-;24,;17,04;
112561070;GUIA DE VALVULA PALIO 1.6/1.8 16V ETORQ STD FCI 2F;0,;14,22;
111086070;GUIA DE VALVULA PALIO FIRE 1.0 8V STD FCI B9C28E2B;144,;15,13;
112414014;GUIA DE VALVULA PEUGEOT 1.4 8V STD FCI DD8BC274-AD;24,;19,67;
112854098;GUIA DE VALVULA TOYOTA HILUX ADM;24,;5,87;
112811070;GUIA VALVULA ADMISSAO/ESCAPE FIREFLY 1.0 6V STD FC;12,;28,22;
112812031;GUIA VALVULA ADMISSAO/ESCAPE KWID1.0 12V STD;24,;27,51;
401108045;INJ CARB SOLEX 2E FORD ESCORT VERONA 1 8 2 0 GM MO;0,;23,91;
401108050;INJ CARB SOLEX 2E FORD ESCORT VERONA 1.8 2.0 GM MO;0,;23,91;
401108055;INJ CARB SOLEX 2E FORD ESCORT VERONA 1.8 2.0 GM MO;0,;26,78;
401108060;INJ CARB SOLEX 2E FORD ESCORT VERONA 1.8 2.0 GM MO;0,;52,77;
401108070;INJ CARB SOLEX 2E FORD ESCORT VERONA 1.8 2.0 GM MO;0,;52,77;
401108080;INJ CARB SOLEX 2E FORD ESCORT VERONA 1.8 2.0 GM MO;0,;52,77;
401108035;INJ CARB SOLEX 2E FORD ESCORT VERONA 1.8 2.0 GM MO;0,;52,77;
401116040;INJ CARB SOLEX 30 34 BLFA FORD ESCORT CORCEL BELIN;0,;17,40;
401116050;INJ CARB SOLEX 30 34 BLFA FORD ESCORT CORCEL BELIN;0,;17,40;
401116070;INJ CARB SOLEX 30 34 BLFA FORD ESCORT CORCEL BELIN;0,;8,81;
401116080;INJ CARB SOLEX 30 34 BLFA FORD ESCORT CORCEL BELIN;0,;17,40;
401117080;INJ CARB SOLEX 30 34 BLFA GM MONZA 1.8 85 A 86 VAZ;0,;17,40;
401122050;INJ CARB SOLEX 30 34 BLFA GM MONZA 1.8 85 A 86 VAZ;0,;8,22;
401107040;INJ CARB SOLEX 30 PIC 31 PICT VW SEDAN 1200 FUSCA;0,;15,03;
401107050;INJ CARB SOLEX 30 PIC 31 PICT VW SEDAN 1200 FUSCA;9,;15,03;
401107055;INJ CARB SOLEX 30 PIC 31 PICT VW SEDAN 1200 FUSCA;0,;15,03;
401107070;INJ CARB SOLEX 30 PIC 31 PICT VW SEDAN 1200 FUSCA;0,;15,03;
401107080;INJ CARB SOLEX 30 PIC 31 PICT VW SEDAN 1200 FUSCA;0,;6,87;
401107045;INJ CARB SOLEX 30 PIC 31 PICT VW SEDAN 1200 FUSCA;0,;15,03;
401107060;INJ CARB SOLEX 30 PIC 31 PICT VW SEDAN 1200 FUSCA;0,;15,03;
401118040;INJ CARB SOLEX 32 34 PDSIT VW KOMBI 1600 91/... VA;0,;15,03;
401118050;INJ CARB SOLEX 32 34 PDSIT VW KOMBI 1600 91/... VA;0,;15,03;
401118060;INJ CARB SOLEX 32 34 PDSIT VW KOMBI 1600 91/... VA;0,;15,03;
401118070;INJ CARB SOLEX 32 34 PDSIT VW KOMBI 1600 91/... VA;0,;15,03;
401123045;INJ CARB SOLEX 32 DIDTA IMPORTADO VW PASSAT TS VAZ;0,;34,90;
401113050;INJ CARB SOLEX 32 DIS FIAT 147 1050 1300 76 A 82 V;0,;45,69;
401113065;INJ CARB SOLEX 32 DIS FIAT 147 1050 1300 76 A 82 V;0,;21,67;
401113070;INJ CARB SOLEX 32 DIS FIAT 147 1050 1300 76 A 82 V;0,;45,69;
401115105;INJ CARB SOLEX 34 SEIE GM CHEVETTE HATCH MARAJO 1.;0,;8,79;
401115150;INJ CARB SOLEX 34 SEIE GM CHEVETTE HATCH MARAJO 1.;0,;15,03;
401119050;INJ CARB SOLEX 35 ALFA 1 FIAT FIORINO OGGI UNO PRE;0,;7,63;
401119080;INJ CARB SOLEX 35 ALFA 1 FIAT FIORINO OGGI UNO PRE;0,;8,79;
401119100;INJ CARB SOLEX 35 ALFA 1 FIAT FIORINO OGGI UNO PRE;0,;8,54;
401120100;INJ CARB SOLEX 35 ALFA 1 FIAT FIORINO OGGI UNO PRE;0,;12,30;
401112050;INJ CARB SOLEX 35 PDSI FIAT ALFA ROMEU FORD CORCEL;0,;15,03;
401112075;INJ CARB SOLEX 35 PDSI FIAT ALFA ROMEU FORD CORCEL;0,;15,03;
401112085;INJ CARB SOLEX 35 PDSI FIAT ALFA ROMEU FORD CORCEL;0,;15,03;
401124050;INJ CARB SOLEX 35 PDSI GM CHEVETTE HATCH MARAJO CH;0,;15,03;
401111080;INJ CARB SOLEX 35 PDSI VW PASSAT VOYAGE 1 5 74 A 8;0,;15,03;
401111085;INJ CARB SOLEX 35 PDSI VW PASSAT VOYAGE 1 5 74 A 8;0,;15,03;
401111050;INJ CARB SOLEX 35 PDSI VW PASSAT VOYAGE 1.5 74 A 8;0,;15,03;
401110035;INJ CARB SOLEX 3E FORD ESCORT VERONA 1.8 2.0 GM MO;0,;24,63;
401110060;INJ CARB SOLEX 3E FORD ESCORT VERONA 1.8 2.0 GM MO;0,;24,63;
401110070;INJ CARB SOLEX 3E FORD ESCORT VERONA 1.8 2.0 GM MO;0,;52,77;
401110080;INJ CARB SOLEX 3E FORD ESCORT VERONA 1.8 2.0 GM MO;0,;52,77;
401114080;INJ CARB SOLEX 40 DEIS FORD JEEP PICK UP RURAL 230;0,;15,03;
401114060;INJ CARB SOLEX 40 DEIS FORD JEEP PICK-UP RURAL 230;0,;15,03;
401121060;INJ CARB SOLEX 40 EIS FORD JEEP PICK-UP RURAL 2300;0,;23,25;
401121070;INJ CARB SOLEX 40 EIS FORD JEEP PICK-UP RURAL 2300;0,;15,03;
401109040;INJ CARB SOLEX DUPLO 32 PDSI VW SEDAN FUSCA BR KB;0,;15,03;
401109045;INJ CARB SOLEX DUPLO 32 PDSI VW SEDAN FUSCA BR KB;0,;15,03;
401109050;INJ CARB SOLEX DUPLO 32 PDSI VW SEDAN FUSCA BR KB;0,;15,03;
401109055;INJ CARB SOLEX DUPLO 32 PDSI VW SEDAN FUSCA BR KB;0,;15,03;
401109060;INJ CARB SOLEX DUPLO 32 PDSI VW SEDAN FUSCA BR KB;0,;15,03;
401109070;INJ CARB SOLEX DUPLO 32 PDSI VW SEDAN FUSCA BR KB;0,;15,03;
4011010357;INJ CARB WEBER 190 460 FIAT UNO FORD CORCEL BELINA;0,;27,32;
4011010402;INJ CARB WEBER 190 460 FIAT UNO FORD CORCEL BELINA;0,;45,69;
4011010407;INJ CARB WEBER 190 460 FIAT UNO FORD CORCEL BELINA;0,;45,69;
4011010452;INJ CARB WEBER 190 460 FIAT UNO FORD CORCEL BELINA;0,;45,69;
4011010457;INJ CARB WEBER 190 460 FIAT UNO FORD CORCEL BELINA;0,;45,69;
4011010507;INJ CARB WEBER 190 460 FIAT UNO FORD CORCEL BELINA;0,;45,69;
4011020402;INJ CARB WEBER 190 460 FIAT UNO FORD CORCEL BELINA;0,;45,69;
4011020407;INJ CARB WEBER 190 460 FIAT UNO FORD CORCEL BELINA;0,;45,69;
4011020457;INJ CARB WEBER 190 460 FIAT UNO FORD CORCEL BELINA;0,;23,73;
4011020507;INJ CARB WEBER 190 460 FIAT UNO FORD CORCEL BELINA;0,;45,69;
4011020559;INJ CARB WEBER 190 460 FIAT UNO FORD CORCEL BELINA;0,;45,69;
4011020607;INJ CARB WEBER 190 460 FIAT UNO FORD CORCEL BELINA;0,;45,69;
4011020707;INJ CARB WEBER 190 460 FIAT UNO FORD CORCEL BELINA;0,;45,69;
401125050;INJ CARB WEBER 228 DFV FORD CORCEL BELINA I II GM;0,;21,23;
401125060;INJ CARB WEBER 228 DFV FORD CORCEL BELINA I II GM;0,;15,47;
401105045;INJ CARB WEBER 450 M PROG FORD CORCEL BELINA II DE;0,;48,14;
401105050;INJ CARB WEBER 450 M PROG FORD CORCEL BELINA II DE;0,;48,14;
401105052;INJ CARB WEBER 450 M PROG FORD CORCEL BELINA II DE;0,;48,14;
401105065;INJ CARB WEBER 450 M PROG FORD CORCEL BELINA II DE;0,;48,14;
401105085;INJ CARB WEBER 450 M PROG FORD CORCEL BELINA II DE;0,;48,14;
401104045;INJ CARB WEBER 495 TLDZ FIAT ELBA UNO FORD ESCORT;0,;46,86;
401106045;INJ CARB WEBER 495 TLDZ FIAT ELBA UNO PREMIO FORD;0,;46,86;
401106062;INJ CARB WEBER 495 TLDZ FIAT ELBA UNO PREMIO FORD;0,;46,86;
401103042;INJ CARB WEBER 495 TLDZ FIAT ELBA UNO PREMIO FORD;0,;50,30;
401103045;INJ CARB WEBER 495 TLDZ FIAT ELBA UNO PREMIO FORD;0,;50,30;
401103050;INJ CARB WEBER 495 TLDZ FIAT ELBA UNO PREMIO FORD;0,;50,30;
401103055;INJ CARB WEBER 495 TLDZ FIAT ELBA UNO PREMIO FORD;0,;50,30;
401103060;INJ CARB WEBER 495 TLDZ FIAT ELBA UNO PREMIO FORD;0,;50,30;
401103065;INJ CARB WEBER 495 TLDZ FIAT ELBA UNO PREMIO FORD;0,;50,30;
401104035;INJ CARB WEBER 495 TLDZ FIAT ELBA UNO PREMIO FORD;0,;46,86;
401104042;INJ CARB WEBER 495 TLDZ FIAT ELBA UNO PREMIO FORD;0,;46,86;
401103035;INJ CARB WEBER 495 TLDZ FIAT ELBA UNO PREMIO FORD;0,;50,30;
401106042;INJ CARB WEBER 495 TLDZ FORD FIAT VW VAZAO 35 A 62;0,;24,63;
401125070;INJ CARB WEBER DFV 228 FORD CORCEL BELINA I II GM;0,;21,23;
401120050;INJ CARSOLEX 35 ALFA 1 FIAT FIORINO OGGI UNO PREMI;0,;20,34;
401120080;INJ CARSOLEX 35 ALFA 1 FIAT FIORINO OGGI UNO PREMI;0,;20,14;
401112060;INJ CARSOLEX 35 PDSI FIAT ALFA ROMEU FORD CORCEL B;0,;15,03;
401111060;INJ CARSOLEX 35 PDSI VW PASSAT VOYAGE 1 5 74 A 82;0,;15,03;
401103040;INJ CARWEBER 495 TLDZ FIAT ELBA UNO PREMIO FORD ES;0,;50,30;
036919081D;INTERRUPTOR PRESSAO OLEO VW G5 EM DIANTE FOX/GOL/.;0,;54,95;
010392-FA-1278;JG ANEIS 1.2 X 1.2 X 2.0 0,40 FT FIRE 1.4 8V FLEX ;1,;233,50;
010391-FA-1276;JG ANEIS 1.2 X 1.2 X 2.0 STD 1402 FIAT FIRE 1.4 8V;0,;207,56;
010388-FA-2672;JG ANEIS 1.2 X 1.2 X 2.5 STD FIRE 1.0 8/16V ;1,;207,56;
010376-FA-2749;JG ANEIS 1.2 X 1.5 X 2.0 STD VW GOL FOX 1.0 8/16V ;1,;198,90;
010380-FA-1958;JG ANEIS 1.2 X 1.5 X 2.5 0,50 VW KOM POL GOLF FOX;1,;211,88;
1321891BN;JG ANEL BOR TV FORD RANGER POWER STROKE 3.0I 16V D;0,;82,87;
1121852;JG ANEL COL ADM 06 PCS VW GOLF BORA AGN 1.8 20V;0,;116,08;
010379-FA-1956;JG ANS 1.2 X 1.5 X 2.5 STD VW 1.4. 1.6 MI KOM POL ;1,;211,90;
241101;JG CÂMBIO (SO PAPEL) FIAT 147 4 MARCHAS;8,;4,17;CAM-1_G.2
271102;JG CÂMBIO CHEVROLET BRASIL C'60 FULLER 5 MARCHAS;4,;42,70;CAM-1_B.1
231107;JG CÂMBIO COMPLETO JEEP RURAL 3/4 MARCHAS TRAÇÃO 4;23,;6,24;CAM-1_B.2
211110;JG CÂMBIO COMPLETO SEM ANEL GOL/PASSAT/VOYAGE/PARA;5,;6,32;CAM-2_C.1
131904CB;JG CAR COR FORD F75 100 MAVERICK WILLYS;0,;50,67;
1221173;JG COL ADM MTR L4G LIG ASPIRADO/TURBO 1.0 1.2 12V;7,;120,98;COL-P3_I.8
1421102;JG JTA COL ADM FIAT FASTBACK PULSE  MTR GSE T200 1;0,;115,50;
1421103;JG JTA COL ADMS  FIAT FASTBACK PULSE ABARTH TORO J;0,;130,23;
39100109MLR;JG JTA MOTOCICLETA  RET HONDA MOTOR - NXR HONDA NX;0,;33,58;
39100104MLB;JG JTA MOTOCICLETA C BORR MTR HONDA 150CC CRF 150F;0,;31,66;
39100111MLBR;JG JTA MOTOCICLETA C BORRACHA HONDA MOTOR NX 200 X;0,;39,19;
39100101MLO;JG JTA MOTOCICLETA C ORING HONDA SUNDOWN MTR CG125;0,;24,33;
39100101MLBR;JG JTA MOTOCICLETA C RET HONDA SUNDOWN MTR CG125CC;0,;32,48;
39100101MLB;JG JTA MOTOCICLETA C/BORR MTR HONDA CG 125 1992/19;0,;23,68;
39100103MLB;JG JTA MOTOCICLETA C/BORR MTR HONDA CG 125 1993/99;0,;27,53;
39100103MLBR;JG JTA MOTOCICLETA COM RETENTOR;0,;29,73;
39100104MLBR;JG JTA MOTOCICLETA COM RETENTOR 39100104MLBR;0,;32,94;
39100109ML;JG JTA MOTOCICLETA HONDA MOTOR - NXR HONDA NXR 150;0,;30,17;
39100101ML;JG JTA MOTOCICLETA HONDA SUNDOWN MTR CG125CC;0,;26,14;
39100106ML;JG JTA MOTOCICLETA S BORRACHA HONDA MOTOR 250CC CB;0,;48,92;
39100105ML;JG JTA MOTOCICLETA S BORRACHA HONDA MOTOR 300CC CB;0,;67,83;
39100107ML;JG JTA MOTOCICLETA S BORRACHA HONDA MOTOR 400CC NX;0,;107,92;
39100102ML;JG JTA MOTOCICLETA S BORRACHA HONDA MOTOR C100 DRE;0,;35,76;
39100110ML;JG JTA MOTOCICLETA S BORRACHA HONDA MOTOR CBX200;0,;37,38;
39100103ML;JG JTA MOTOCICLETA S BORRACHA HONDA MOTOR CG 125CC;0,;20,20;
39100104ML;JG JTA MOTOCICLETA S BORRACHA HONDA MOTOR CG TITAN;0,;26,04;
39100111ML;JG JTA MOTOCICLETA S BORRACHA HONDA MOTOR NX 200 X;0,;25,33;
39100302ML;JG JTA MOTOCICLETA S BORRACHA SUZUKI MOTOR 125CC E;0,;34,59;
39100301ML;JG JTA MOTOCICLETA S BORRACHA SUZUKI MOTOR 125CC S;0,;29,46;
39100201ML;JG JTA MOTOCICLETA S BORRACHA YAMAHA MOTOR 250 YAM;0,;26,19;
39100202ML;JG JTA MOTOCICLETA S BORRACHA YAMAHA MOTOR 250 YAM;0,;76,28;
39100107MLB;JG JTA MOTOCICLETA S RETENTOR C BORRACHA HONDA MOT;0,;72,38;
39100108ML;JG JTA MOTOCICLETA S RETENTOR C BORRACHA HONDA MOT;0,;109,08;
39100102MLB;JG JTA MOTOCICLETA S RETENTOR C BORRACHA HONDA MOT;0,;29,70;
39100106PK;JG JTA MOTOCICLETA SEM BORRACHA 39100106PK;0,;30,47;
39100401PK;JG JTA MOTOCICLETA SEM BORRACHA SEM RETENTOR 39100;0,;48,95;
39100102PK;JG JTA MOTOCICLETA SEM BORRACHA SEM RETENTOR HONDA;0,;36,94;
191324R;JG JTA MTR INFERIOR  QSB6.7;0,;2.446,01;
191321R;JG JTA MTR INFERIOR CAMMINS 4ISBE3.9L;0,;3.023,88;
191311R;JG JTA MTR INFERIOR CAMMINS 6L ISLE;0,;0,00;
191312R;JG JTA MTR INFERIOR CAMMINS ISCE;0,;1.396,56;
191315R;JG JTA MTR INFERIOR CAMMINS ISM11;0,;0,00;
191314R;JG JTA MTR INFERIOR CAMMINS L10;0,;5.819,00;
191327R;JG JTA MTR INFERIOR CAMMINS QSB 5.9L4.5;0,;0,00;
191313R;JG JTA MTR INFERIOR CAMMINS QSL;0,;3.284,71;
191326R;JG JTA MTR INFERIOR QSB5.9;0,;4.664,04;
191323R;JG JTA MTR INFERIOR QSB6.7;0,;2.341,92;
191223MLR;JG JTA MTR SUPERIOR  QSB6.7;0,;2.520,96;
191226MLR;JG JTA MTR SUPERIOR QSB5.9;0,;8.903,66;
191224MLR;JG JTA MTR SUPERIOR QSB6.7;0,;4.252,89;
321001;JG JTAS CARB CHEVETTE CARB.SOLEX DPL 34 SEIE;84,;14,71;
321003;JG JTAS CARB CHEVETTE CARB.WEBER 450 MINI-PROGRESS;69,;3,83;
321005;JG JTAS CARB CHEVETTE CARB.WEBER DFV 228;7,;3,12;
321007;JG JTAS CARB CHEVETTE CARBURADOR SOLEX 35 PDSI;19,;12,71;
331001;JG JTAS CARB CORCEL CARB.WEBER DFV 228;20,;13,82;
331023;JG JTAS CARB CORCEL CARB.WEBER DFV 228;49,;3,12;
331011;JG JTAS CARB CORCEL II CARB.WEBER 460.013;13,;15,99;RET-08
331017;JG JTAS CARB CORCEL II CARB.WEBER 460.056;4,;15,99;
331019;JG JTAS CARB ESCORT CARB.SOLEX 3E;19,;0,00;
331015;JG JTAS CARB ESCORT CARB.SOLEX BLFA;40,;15,99;
341001;JG JTAS CARB FIAT 147 CARB.SOLEX 32 DIS;79,;11,54;
341003;JG JTAS CARB FIAT 147 CARB.WEBER 190;26,;13,82;
311003;JG JTAS CARB FUSCA 1600 CARB.SOLEX 32 PDSIT DUPLO;161,;13,82;
311001;JG JTAS CARB FUSCA CARB.SOLEX 30 PIC SMP 112 BROSO;22,;7,67;C9
311021;JG JTAS CARB FUSCA CARB.SOLEX 35 PDSI;38,;11,54;
311019;JG JTAS CARB GOL A AR CARB.SOLEX SIMPLES;34,;6,09;
311025;JG JTAS CARB GOL CARB. SOLEX BLFA;18,;3,83;
321017;JG JTAS CARB MONZA CARB.SOLEX 160 ALFA-1;114,;12,71;
321019;JG JTAS CARB MONZA CARB.WEBER 190;28,;3,12;
321009;JG JTAS CARB OPALA CARB.WEBER DFV 228;41,;13,82;
321013;JG JTAS CARB OPALA CARB.WEBER DFV 446;28,;12,71;
311013;JG JTAS CARB SANTANA CARB. SOLEX 2E;0,;13,82;
341009;JG JTAS CARB UN0-SX CARB.WEBER 460.013;50,;14,71;
341013;JG JTAS CARB UNO 84/...CARB.SOLEX 460 DUPLO;16,;3,64;
341005;JG JTAS CARB UNO MILLE CARB.WEBER 460.056;13,;14,71;
341011;JG JTAS CARB UNO MILLE CARB.WEBER TLDF 495;10,;33,75;
311005;JG JTAS CARB VARIANT CARB.SOLEX 32 PDSIT DUPLO;20,;3,41;
151018PKRVT;JG MOT EFFA / NOVA TOWNER / CHANA 1.0 8V MOT F10A;0,;298,49;JOG-8_C
1510159PKRVT;JG MOT HONDA ACCORD 2.2/2.3 - 16V F22B/F23A (MLS R;2,;514,23;JOG-7_B
111001RPVT;JG MOT VW 1300/1500/1600 (C/RET);0,;40,37;
131019PKVT;JG MOT WILLYS / MAVERIC / PICK UP RURAL 6CC (CAB P;0,;253,98;JOG-5_C
15108101PKR;JG MTR BASPACK 1.20MM RET SMART FORTWO MOTOR- 132.;0,;711,48;
15108601MLR;JG MTR CABE ACO 0.30MM C RET RENAULT LOG SAND KWID;4,;471,82;JOG-7_A
15108602MLR;JG MTR CABE ACO INOX 0.7MM C/ RET RENAULT - CAPTUR;2,;567,44;JOG-8_D
131088ML3R;JG MTR CABE ACO INOX 1.4MM C/ RET FORD TROLLER MTR;0,;1.305,82;
15105008PKR;JG MTR CABE BASPACK  0.65MM RET TOYOTA HILUX 2.7L;2,;1.020,14;JOG-8.A
15108602PKR;JG MTR CABE BASPACK 1.2MM C/ RET RENAULT - CAPTUR;2,;507,28;JOG-7_C
82732;JG TAPETE CORSA (ANT. NOVA FAMILIA) CELTA/PRISMA;9,;102,05;
82737;JG TAPETE NOVA FAM. PALIO/WEEK/FIRE/EX/ELX 03>;11,;102,05;
82733;JG TAPETE PRT/GOL GII/GIII/VOY/SAT/QUANT PASSAT;12,;102,05;
V46480362;JG VELA DE IGNIÇÃO ORIGINAL FIAT;1,;85,71;
V93230926;JG VELA DE IGNIÇÃO ORIGINAL GM CORSA ONIX 1.4 8V;0,;75,00;
93206675;JG VELA IGNICAO GM;76,;86,94;
121501PKVT;JT CAB CHEVETTE 1.4/1.6;21,;22,19;
122006VT;JT COL ESCAP.MONZA 1.6/1.8/2.0;0,;9,20;
141709PKVT;JT TP DE VALV INF PALIO / SIENA / WEEKEND / BRAVA;0,;27,12;
15214001ML;JTA  COL ADM FIAT IVECO F30DT 3.0 16V - DUCATO CIT;0,;59,78;
152140011ML;JTA  COL ADM IVECO DAILY FUC F1CDS EGR F1CWS F1CE;5,;114,68;ADM-15_B.1
15401652;JTA  FILTRO OLEO CIT C2 C3 02/ PGT PASSION 106 206;0,;58,99;
15106207MLR;JTA  MTR RET CABE ACO INOX HONDA CIVIC CITY CR-Z E;1,;566,00;JOG-8_A
39420101;JTA  PAPEL HONDA / SUNDOWN MOTOR - CG 125CC;0,;1,04;
394001021;JTA  TAMPA CABE?OTE HONDA MOTOR;0,;2,74;
1342452;JTA 1.0 8V ZETEC ROCAM FORD FIESTA KA 99/...;0,;14,07;
15426411;JTA 1KZ-TE 1KZ-T SOCH TURBO DSL TY HILUX .../00 LA;0,;16,19;
15424015;JTA 2.5 2.8 ASP TURB 8V INJ DIR IV DAILY FT DUCATO;0,;7,42;
15424017;JTA 2.5 2.8 ASP TURB 8V INJ DIR IV DAILY FT DUCATO;0,;7,46;
15421553;JTA 3KD FTV 2.5 16V TY HILUX 01/;0,;21,66;
1542115;JTA 4D55T 4D56 4D56T 8V TURBO DSL MS L200 HPE L30;0,;10,00;
1542113;JTA 4D55T 4D56 L200 L300 MONTERO PAJERO 2 3 8V;0,;4,93;
1542112;JTA 4D55T 4D56 L200 L300 PAJERO MONTERO 2 3 8V;0,;18,63;
39400105;JTA ACIONADOR TENSOR CORRENTE COMANDO HONDA MTR 30;0,;3,30;
39400106;JTA ACIONADOR TENSOR CORRENTE COMANDO MTR 250CC;0,;5,06;
39400202;JTA ACIONADOR TENSOR CORRENTE YAMAHA MTR 250;0,;3,20;
1733082;JTA ACOPLAMENTO BBA INJ PERKINS TRATOR 8BR 4203;0,;4,12;
1542233;JTA ACOPLAMENTO DA BBA INJETORA KIA BESTA 2.7 GS 3;0,;7,50;
1742012;JTA ADAPT EXAUST GM CHEVROLET D10 PERKINS F350 D40;0,;7,08;
154298;JTA ALOJ TERM PEUGEOT 306 406 XU7JP4 1.6 16 VAL;0,;8,90;
821101;JTA ANEL ANTI RUIDO GM MONZA KADETT;5,;14,17;
12171666BN;JTA ANEL BORR TV 18 PCS GM S10 TRAILBLAZER MTR DUR;0,;77,71;
1317921BN;JTA ANEL BORR TV FORD ECOSPORT 17/... KA KA+ 18/..;2,;43,46;TV-13_F.2.A
151780131BN;JTA ANEL BORR TV HYUNDAI TUCSON SANTA FE SONATA KI;0,;176,26;
1717181BN;JTA ANEL BORR TV PERKINS D20 D40 SILVERADA MTR S4;0,;20,43;
1521186;JTA ANEL COL ADM HYUNDAI HB20 KIA PICANTO 1.0 12V;7,;70,48;COL-P3_F.5
144153;JTA ANEL ORING BOR FIAT PALIO UNO MTR FIRE 1.0 16V;0,;1,75;
1135118;JTA ANEL ORING BOR VALVULA TEMORTATICA VW UP FOX B;0,;51,83;
451285;JTA ANEL ORING CORPO TBI RENAULT CLIO KANGOO 1.0 8;0,;30,71;
1261123BN;JTA ANEL ORING SEMI-EIXO PONTA CUBO RODA BORRACHA ;0,;7,43;
11401161;JTA ANEL TP SUP DISTR VW JETTA PASSAT TIGUAN AUDI;0,;25,35;
1240932;JTA ANEL VED MTR 1.0 16V MPFI GM CORSA CELTA 95/96;0,;9,00;
1140021;JTA ANEL VED MTR AP VW 1.6 1.8 2.0 FORD ESCORT ROY;0,;3,09;
114220;JTA ANEL VED MTR AT TURBO 1.0 16V VW GOL PARATI 98;0,;5,45;
15171753BN;JTA ANEL VED MTR G9U 720/724/730750/754 2.5 16V DS;0,;22,32;
15171753;JTA ANEL VED MTR G9U 720/724/730750/754 2.5 16V DS;0,;15,84;
153609;JTA ARRUELA ALUMINIO BUJÃO 16X22X2.0MM FORD MTR 2.;0,;2,51;
15369602;JTA ARRUELA COBRE RECHEADA BUJÃO CAR 16X22X2.3MM P;0,;6,93;
113001;JTA ARRULA VOL MOTOR VW FUSCA BRASILIA KOMBI 1300;0,;3,62;
1542079;JTA ASIA TOPIC;0,;7,06;
144215;JTA BASE CARB FIAT 147 OGGI UNO MILLE PREMIO ELBA;10,;7,17;
1542765;JTA BASE CARB RENAULT CLIO SCENIC R11 R19 R21 1.8;0,;7,52;
331401;JTA BASE CARB SOLEX 3E FORD GM VW 1.6 1.8 2.0;0,;7,50;
112401;JTA BASE CARB SOLEX SIMPLES 112 30 PIC VW FUSCA BR;40,;6,03;DIV-3_E.7
134215;JTA BASE DIST FORD CORCEL I II CHT;10,;3,53;
114207;JTA BASE DIST VW SANTANA GOL;13,;3,17;DIV-3_D.6
1542073;JTA BASE FILTRO OLEO ASIA TOPIC;0,;12,03;
1542095;JTA BASE FILTRO OLEO GM S10 BLAZER M BENS SPRINTER;0,;30,62;
18420111;JTA BASE FILTRO OLEO MWM D225 226 227 229 3 4 6 CI;0,;4,61;
154248;JTA BASE FILTRO OLEO PEUGEOT 504 505 XD2 XD3;0,;27,31;
114205;JTA BASE FILTRO OLEO VW PASSAT GOL SANTANA 1.5 1.6;5,;7,24;DIV-3_D.2
124224;JTA BASE INJE AO COL GM CORSA;75,;8,28;DIV-3_A.5
162408;JTA BASE TURBINA ABERTA MWM TB FORD F1000;0,;4,44;
1624082;JTA BASE TURBINA FECHADA M BENS;0,;4,44;
182409;JTA BASE TURBINA PEQUENA FECHADA GM D20 D40 MTR S4;0,;9,85;
1441942;JTA BASE VALVULA EGR FIAT TORO JEEP RENEGADE COMPA;5,;42,86;SEL-2_D.8.B
12421621;JTA BBA AGUA CHEVROLET CAPTIVA 2.4 16V ECOTEC.;0,;50,26;
1741082;JTA BBA AGUA FORD D10 F350 D400 4236;0,;19,71;
1836011;JTA BBA ALIMENT MWM D226 VALMET TRATOR F4000 86 MF;0,;2,49;
1736081;JTA BBA ALIMENTADORA PERKINS 4 236 4 248 AGRICOLA;0,;3,14;
142303;JTA BBA COMB 0.4 FIAT 147 OGGI UNO MILLE PREMIO EL;70,;5,24;DIV-3_A.1
142304;JTA BBA COMB 0.8 FIAT 147 OGGI UNO MILLE PREMIO EL;0,;5,24;
142302;JTA BBA COMB 1.6 FIAT 147 OGGI UNO MILLE PREMIO EL;70,;5,71;DIV-3_B.3
112303;JTA BBA COMB ABERTA VW PASSAT SANTANA GOL 1.5 1.6;10,;4,64;
112302;JTA BBA COMB FECHADA VW BRASILIA KOMBI;0,;3,55;
142301;JTA BBA COMB FIAT 147 OGGI UNO MILLE PREMIO ELBA F;25,;5,31;DIV-3_C.4
122305;JTA BBA COMB GM CHEVROLET BRASIL 261;0,;4,09;
122302;JTA BBA COMB GM OPALA 4/6CIL;220,;3,83;
641104;JTA BBA COMB INJ 12 FUROS ELET FIAT UNO PALIO FIRE;16,;31,04;DIV-1_A.5
641105;JTA BBA COMB INJ ELET FIAT DOBLO 02/...;0,;27,33;
631143;JTA BBA COMB INJ ELET FORD COURIER ECOSPORT FOCUS;0,;40,58;
631139;JTA BBA COMB INJ ELET FORD F1000 ESCORT HOBBY;0,;13,74;
631174;JTA BBA COMB INJ ELET FORD F250 F350;0,;21,86;
631153;JTA BBA COMB INJ ELET FORD RANGER 97/...;0,;19,46;
621106;JTA BBA COMB INJ ELET GM ASTRA ZAFIRA 00/... CORSA;0,;52,38;
6211124;JTA BBA COMB INJ ELET GM COBALT ONIX PRISMA;0,;32,20;
621103;JTA BBA COMB INJ ELET GM CORSA 94/... TIGRA 98/...;0,;26,42;DIV-1_B.5
621105;JTA BBA COMB INJ ELET GM KADETT IPANEMA 97/...;0,;43,21;
621175;JTA BBA COMB INJ ELET GM MONTANA 1.8 ASTRA SEDAN 2;0,;49,31;
621104;JTA BBA COMB INJ ELET GM S10 BLAZER 4.3 S10 2.2 96;0,;20,96;
6511171;JTA BBA COMB INJ ELET HONDA CIVIC 1.7 FLEX;0,;42,79;
6511186;JTA BBA COMB INJ ELET HYUNDAI HB20 HB20 S 1.0 1.6;0,;38,01;
651160;JTA BBA COMB INJ ELET NISSAN LIVINA GRAND LIVINA T;0,;51,66;
651187;JTA BBA COMB INJ ELET PEUGEOT 206 306 405 406 8 16;0,;28,08;
6511118;JTA BBA COMB INJ ELET RENAULT CLIO SCENIC MEGANE K;0,;38,65;
651174;JTA BBA COMB INJ ELET RENAULT TODOS;0,;28,11;
611105;JTA BBA COMB INJ ELET VW GOL PARATI SAVEIRO 95/...;0,;29,39;
611107;JTA BBA COMB INJ ELET VW QUANTUM SANTANA FORD ROYA;0,;45,35;
122301;JTA BBA COMB PP GM CHEVETTE MONZA KADETT;0,;3,85;DIV-2_E.5
1541723;JTA BBA COMB RENAULT CLIO R19 C3L 1.3 1.6 C INJECA;0,;4,93;
112301;JTA BBA COMB VW BRASILIA KOMBI;0,;3,85;DIV-2_F.2
411236;JTA BBA COMB VW KOMBI INJECAO;0,;5,50;
112304;JTA BBA COMB VW PASSAT SANTANA GOL 1.5 1.6 1.8 2.0;9,;4,64;
114161A;JTA BBA D AGUA ALUMINIO VW GOL SANTANA SAVEIRO PAR;0,;59,46;
174108;JTA BBA D AGUA AO BLOCO FORD F600 CHEVROLET D65 DO;0,;9,38;
1541112;JTA BBA D AGUA AO BLOCO HYUNDAI H100 HR D4BH MITSU;0,;6,42;
154172;JTA BBA D AGUA AO BLOCO RENAULT CLIO R19 C3L 1 3 1;0,;8,02;
154102;JTA BBA D AGUA AO BLOCO RENAULT TRAFIC R21 2.0 2.2;0,;16,71;
15420714;JTA BBA D AGUA ASIA TOPIC;0,;11,70;
1542078;JTA BBA D AGUA ASIA TOPIC.;0,;7,17;
154108;JTA BBA D AGUA ASIA TOWNER 3CIL GAS.;0,;28,46;
144210;JTA BBA D AGUA BLOCO FIAT 147 OGGI UNO MILLE PREMI;10,;7,16;
144218;JTA BBA D AGUA BLOCO VOLANTE FIAT 147 OGGI UNO PRE;5,;5,26;
1741084;JTA BBA D AGUA CARC TERM FORD D10 F350 D400 4236.;0,;6,61;
174242;JTA BBA D AGUA CONEXAO DESVIO D AGUA FORD TRATOR 8;0,;5,46;
144238;JTA BBA D AGUA CORPO BLOCO FIAT PALIO MILLE SMART;18,;6,61;DIV-3_F.3
144101;JTA BBA D AGUA FIAT 147 OGGI UNO PREMIO ELBA 1050;0,;5,71;
144111;JTA BBA D AGUA FIAT PALIO SIENA BRAVA 1.6 16 VAL.;0,;5,80;
144149;JTA BBA D AGUA FIAT UNO SMART PALIO SIENA IDEIA PU;14,;9,00;DIV-3_H.5
134105;JTA BBA D AGUA FIBRA FORD ESCORT CHT VW AE 1.6 GOL;29,;7,15;DIV-2_G.3
1641042;JTA BBA D AGUA FIBRA M BENS OM366.;0,;49,32;
134101;JTA BBA D AGUA FORD CORCEL BELINA I II DEL REY PAM;29,;5,03;
134107;JTA BBA D AGUA FORD ESCORT CHT VW AE 1.6 GOL 1000.;18,;5,84;DIV-3_A.4
134143;JTA BBA D AGUA FORD FIESTA COURIER ZETEC 1.4 16V.;69,;12,71;DIV-2_D.3
1741222;JTA BBA D AGUA FORD MICRO ONIBUS FB 400 F2000 F400;0,;28,42;
1241121;JTA BBA D AGUA GM OMEGA A CIH 6CIL 3.0 12V.;0,;34,47;
154109;JTA BBA D AGUA GM S10 BLAZER M BENS SPRINTER LAND;0,;19,86;
154111;JTA BBA D AGUA HYUNDAI H100 MITSUBISHI PAJERO MONT;0,;15,30;
1541186;JTA BBA D AGUA HYUNDAI HB20 KIA PICANTO 1.0 12V KA;0,;46,90;
1542232;JTA BBA D AGUA KIA BESTA 2.7 GS 3.0 16 LUGARES K27;0,;27,51;
1641011;JTA BBA D AGUA M BENS OM352 366.;0,;4,68;
1741013;JTA BBA D AGUA PERKINS TRATOR MF 65 CBT1000 4203 I;0,;4,97;
154196;JTA BBA D AGUA PEUGEOT 205 305 306 309 405 406 PAR;0,;5,24;
1626101;JTA BBA D AGUA RADIADOR OLEO M BENS OM314 L608D OM;0,;21,25;
164008;JTA BBA D AGUA REFRIGERACAO OLEO M BENS OM352 352A;0,;23,35;
164012;JTA BBA D AGUA REFRIGERACAO OLEO M BENS OM366.;0,;36,57;
154190;JTA BBA D AGUA RENAULT CLIO KANGOO TWINGO PEUGEOT;0,;8,28;
1541114;JTA BBA D AGUA RENAULT CLIO MEGANE SCENIC KANGOO 1;0,;6,62;
154176;JTA BBA D AGUA RENAULT CLIO R19 R21 TRAFIC 1.8 2.0;0,;9,47;
15411182;JTA BBA D AGUA RENAULT MEGANE SCENIC LAGUNA K4M 1.;0,;8,28;
1541021;JTA BBA D AGUA RENAULT TRAFIC R21 2.0 2.2 GAS.;0,;16,10;
1641012;JTA BBA D AGUA SUPORTE M BENS OM352 366 L321 1111.;0,;50,52;
1735082;JTA BBA D AGUA SUPORTE TERM FORD D10 F350 D400 423;0,;3,01;
1542647;JTA BBA D AGUA TOYOTA HILUX TD 2005/... LANDCRUISE;0,;39,10;
144224;JTA BBA D AGUA TP TRAS BLOCO FIAT 1500 1600 ARGENT;10,;6,61;
144233;JTA BBA D AGUA TP TRAS BLOCO FIAT TEMPRA 8 VAL.;0,;7,17;
1742086;JTA BBA D AGUA TP TRAS CABE FORD D10 F350 D400 423;0,;5,06;
174201;JTA BBA D AGUA TP TRAS CABE FORD TRATOR 8BR 4203.;0,;8,28;
144231;JTA BBA D AGUA VAL TERMOSTATICA FIAT TEMPRA 2.0 16;10,;5,24;
124101;JTA BBA D AGUA VELOM GM CHEVETTE MARAJO ALC GAS 1.;29,;4,54;DIV-2_D.1
1241115;JTA BBA D AGUA VELOM GM OMEGA SILVERADO 4.1 6CIL 8;0,;7,64;
124102;JTA BBA D AGUA VELOM GM OPALA 90 CARAVAN 153 151 1;13,;6,17;DIV-2_E.3
1541721;JTA BBA DAGUA AO BLOCO RENAULT CLIO R19 C3L 1 3 1;0,;23,54;
1442943;JTA BBA D'ÁGUA CARC FIAT TORO JEEP RENEGADE COMPAS;0,;76,47;
12421623;JTA BBA D'AGUA CARCAÇA GM CHEVROLET CAPTIVA 2.4 16;0,;56,12;
1741086;JTA BBA DAGUA FORD D10 F350 D400 4236;0,;13,09;
134196;JTA BBA D'AGUA FORD NEW FIESTAS 16 A 19 KA+ 14 A 2;0,;55,14;
1241161;JTA BBA DAGUA GM CAPTIVA MTR 10HM 3.6 24V V6;0,;92,75;
1541091;JTA BBA DAGUA GM S10 BLAZER M BENS SPRINTER LAND R;0,;21,57;
154256051;JTA BBA DAGUA HYUNDAI HR 13/... KIA BONGO 13/... M;0,;41,83;
1541187;JTA BBA D'ÁGUA HYUNDAI MOTOR - G4FJ 1.6V TURBO GDI;0,;47,18;
15421772;JTA BBA DAGUA MTR G4GC 2.0 16V HY TUCSON I30 KIA C;0,;28,03;
1541186NA;JTA BBA D'ÁGUA NA HYUNDAI HB20 KIA PICANTO .MTR 1.;0,;46,92;
154260051;JTA BBA D'AGUA NISSAN VERSA MARCH LIVINA MTR HR16D;0,;44,61;
1541022;JTA BBA DAGUA RENAULT TRAFIC R21 2 0 2 2 GAS;0,;17,76;
15426005;JTA BBA D'AGUA SUPORTE NISSAN VERSA MARCH LIVINA M;0,;55,00;
1141114;JTA BBA D'ÁGUA VW JETTA PASSAT TIGUAN AUDI Q3 A3 A;0,;76,23;
17420812;JTA BBA INJ AO ADAPT 4236 4248 D20 D40;0,;4,40;
1542077;JTA BBA INJ ASIA TOPIC;0,;5,91;
15424018;JTA BBA INJ FIAT TURBO DAILY IVECO 2.8 INJ DIRETA;0,;33,12;
1542091;JTA BBA INJ GM S10 BLAZER M BENS SPRINTER LAND ROV;0,;11,43;
1542584;JTA BBA INJETORA MTR MWM SPRINT 4.07TCA 2.8 12V DS;0,;11,76;
1521501;JTA BBA OLEO 1KZ T 1KZ TE HILUX LAND CRUISER 3.0 8;0,;72,77;
134265;JTA BBA OLEO AO BLOCO FORD FOCUS ZETEC 1.8 2.0 MON;0,;51,43;
134145;JTA BBA OLEO D AGUA DISTRIBUICAO FORD KA FIESTA EC;9,;13,85;DIV-2_F.7
144208;JTA BBA OLEO FIAT 147 OGGI UNO MILLE PREMIO ELBA F;22,;5,26;DIV-3_F.1
144219;JTA BBA OLEO FIAT 1500 1600 ARGENTINO FIAT 147 OGG;10,;5,26;
144252;JTA BBA OLEO FIAT PALIO WEEKEND STRADA BRAVA 1.6 1;0,;7,17;
144205;JTA BBA OLEO FIAT TEMPRA TIPO 2.0 8 16 VAL;30,;12,74;DIV-2_C.1
144207;JTA BBA OLEO FIAT TIPO 2.0 8 VAL;0,;6,63;
144220;JTA BBA OLEO FIAT UNO PREMIO ELBA;60,;5,26;DIV-2_B.3
134210;JTA BBA OLEO FORD CORCEL I II ESCORT CHT;0,;4,52;
134211;JTA BBA OLEO FORD ESCORT CORCEL DEL REY VW GOL AE;0,;4,54;
134235;JTA BBA OLEO FORD FIESTA KA COURIER 1.0 1.3 ENDURA;14,;5,26;
124210;JTA BBA OLEO GM CHEVETTE 1.4 1.6 JUNIOR 1000;0,;5,24;
124218;JTA BBA OLEO GM OPALA 90 CARAVAN 153 151 169 230 2;0,;4,64;
152309;JTA BBA OLEO GM S10 BLAZER M BENS SPRINTER LAND RO;0,;5,03;
154256053;JTA BBA OLEO HYUNDAI HR 13/... KIA BONGO 13/... MT;0,;44,09;
1542405;JTA BBA OLEO LATERAL MENOR FIAT TURBO DAILY IVECO;0,;55,92;
1542583;JTA BBA OLEO NS X TERRA FRONTIER GM S10 BLAZER 200;0,;70,09;
1342531;JTA BBA OLEO PESCADOR FORD RANGER EXPLORER .../94;0,;7,97;
1541118;JTA BBA OLEO RENAULT MEGANE SCENIC LAGUNA K4M 1.6;11,;30,20;DIV-2_C.8
15411181;JTA BBA OLEO SILICONE RENAULT MEGANE SCENIC LAGUNA;0,;36,98;
114211;JTA BBA OLEO VW GOL PARATI SAVEIRO MI 1000 AT 8V E;18,;5,70;DIV-3_D.4
1142051;JTA BBA OLEO VW PASSAT GOL SANTANA 1.5 1.6 1.8 2.0;7,;7,19;DIV-3_G.4
14271031;JTA BBA VACUO FIAT FASTBACK PULSE ABARTH TORO JEEP;0,;91,16;
142783;JTA BBA VÁCUO FIAT PUNTO BRAVO LINEA 07/.. TJET 19;0,;60,69;
144194;JTA BBA VÁCUO FIAT TORO JEEP - RENEGADE COMPASS MT;0,;147,43;
132782;JTA BBA VÁCUO FORD FUSION ANO 12 A 21 VOLVO XC60 L;0,;88,51;
132783;JTA BBA VÁCUO FORD TRANSIT RANGER MTR H9FA H9FB H9;0,;13,15;
1227173;JTA BBA VÁCUO GM ONIX 2G 20/... TRACKER MTR ECOTEC;0,;76,51;
1227167;JTA BBA VÁCUO GM S10 LCV ECOTEC SIDI DOHC VVT FLEX;0,;75,11;
15411802;JTA BBA VACUO RENAULT MASTER III DCI M9T 2 3 16V 4;0,;155,14;
152760;JTA BBA VACUO SUPORTE BBA DAGUA NISSAN LIVINA QASH;0,;51,83;
1427941;JTA BBA VÁCUO VALVULA FIAT TORO JEEP RENEGADE COMP;0,;28,20;
1141116;JTA BBA VACUO VW JETTA PASSAT TIGUAN AUDI Q3 A3 A3;0,;64,25;
1242164;JTA BBO ESP CRUZE TRACKER 1,8 4CIL 16V F18 D4 DOHC;4,;114,30;DIV-2_D.5
1317833BN;JTA BICO VELA FORD DURATORQ PUMA TDCI (22DDOP) 2.2;2,;198,71;TV-13_G.3.B
1317863BN;JTA BICO VELA FORD RANGER 13/... TROLLER - T4 MTR;0,;248,22;
1317893BN;JTA BICO VELA TV FORD RANGER FULL BR POWER STROKE;0,;62,70;
142502;JTA BLC AO TERMOSTATO FIAT 147 OGGI UNO MILLE PREM;0,;5,71;
142501;JTA BLOCO AO TERMOSTATO FIAT 147 OGGI UNO MILLE PR;10,;5,70;DIV-2_E.7
154150;JTA BMB DAGUA 1KZ T 1KZ TE HILUX LAND CRUISER 3.0;0,;7,50;
134212;JTA BOCAL ENCHIMENTO DE OLEOW FORD CORCEL BELINA I;0,;6,62;
144222;JTA BOCAL SAIDA D AGUA FIAT UNO PREMIO ELBA 1500.;10,;6,61;
641101;JTA BOIA FIAT TODOS;0,;7,17;
631104;JTA BOIA GARGALO DO TANQUE CORTICA FORD CORCEL I E;0,;10,58;
621101;JTA BOIA GM CHEVETTE OPALA MONZA;0,;7,19;
611104;JTA BOIA VW GOL SANTANA SAVEIRO 90/...;25,;7,79;DIV-1_B.1
19411101;JTA BOMBA D ÁGUA CUMMINS FORD F350 MTR ISF 2.8L 16;0,;20,94;
1541111;JTA BOMBA D'AGUA 4D55T 4D56 L200 L300 MONTERO PAJE;0,;13,64;
154280041;JTA BOMBA D'AGUA HYUNDAI KIA MOTOR-G6DB MPI 3.3 24;0,;106,36;
194210082;JTA BOMBA HIDRAULICA CUMMINS ISB4 3.9 16V;0,;123,72;
193710082PK;JTA BOMBA OLEO CUMMINS MOTOR CUMMINS ISB4 ELETRÔNI;0,;65,32;
193710082;JTA BOMBA OLEO CUMMINS MOTOR CUMMINS ISB4 ELETRÔNI;0,;89,99;
394201021;JTA BOMBA OLEO HONDA MOTOR C100;0,;2,87;
194110202ML;JTA BOMBA OLEO MOTOR CUMINS ISF 3.8 16V;0,;243,22;
1427103;JTA BOMBA VACUO FIAT FASTBACK PULSE ABARTH TORO JE;0,;85,59;
154060031;JTA BOR 85X3,8;0,;20,47;
134259BN;JTA BOR ALONGARINA 140 WLT RANGER 2.3 8V;0,;16,92;
12401613;JTA BOR BOMBA DÁGUA GM CAPTIVA MTR 10HM 3.6 24V V6;0,;172,02;
11411187;JTA BOR BOMBA DAGUA VW UP FOX BLUEMOTION MTR 1.0 C;0,;64,25;
11351181;JTA BOR CARCACA VAL TEMOSTATICA VW UP FOX BLUEMOTI;0,;60,32;
1121126;JTA BOR COL ADM AUDI A1 A3 A5 A6 TT Q3 VW GOLF JET;0,;114,73;
1121116;JTA BOR COL ADM VW JETTA PASSAT TIGUAN AUDI Q3 A3;0,;64,59;
15171871BN;JTA BOR CORPO INJEÇÃO  HYUNDAI HB20 I30 VELOSTER;0,;96,75;
1217164BN;JTA BOR GM CRUZE TRACKER 1.8 4CIL 16V F18 D4 DOCH;0,;95,55;
1217163BN;JTA BOR GM GRAND VITARA TRACKER MTR 12A 121.7 CID;6,;76,81;TV-12_C.3.A
12371665;JTA BOR MTR CTDI LTZ 2.8 4 CILS 16V DIESEL GM S10;0,;150,64;
15401751;JTA BOR SUPORTE FILTRO MTR G9U 724/720/730/750/754;0,;74,38;
15401754;JTA BOR SUPORTE FILTRO MTR G9U 724/720/730/750/754;0,;67,60;
15401691;JTA BOR VED MTR 1.4 8V IDSI TWIN SPARK GAS HD FIT;0,;31,10;
154162;JTA BOR VED MTR D16Z6 D15Z1 D16ZY D16Z9 D16W4 1.5;0,;5,91;
1440946;JTA BORR ANEL TBI FIAT TORO JEEP RENEGADE COMPASS ;0,;75,89;
154050162;JTA BORR CURUJA TV TOYOTA MTR 1NR FE 1.3 1.5 16V E;0,;76,57;
1741303BN;JTA BORR FORD F600 CHEVROLET D65 DODGE D7000 D900;0,;9,88;
1437102BN;JTA BORR TROCADOR CALOR COLETOR ADM FIAT FASTBACK ;0,;95,19;
154080015;JTA BORR VALVULA TERMOSTATICA CAVALETE D'AGUA CHRY;0,;31,55;
15401752;JTA BORR VED MTR G9U 720/724/730/750/754 2.5 16V D;0,;16,63;
711103;JTA BORRACHA FORD;20,;7,67;SEL-1_D.5
11401162;JTA BORRACHA VW JETTA PASSAT TIGUAN AUDI Q3 A3 A3;0,;37,89;
11401163;JTA BORRACHA VW JETTA PASSAT TIGUAN AUDI Q3 A3 A3;0,;37,89;
11401164;JTA BORRACHA VW JETTA PASSAT TIGUAN AUDI Q3 A3 A4;0,;23,97;
11401165;JTA BORRACHA VW JETTA PASSAT TIGUAN AUDI Q3 A3 A4;0,;23,97;
151562MLVT;JTA CAB ACO 0,76MM BVT HONDA CIVIC D15Z3 8 D16Z6 7;0,;126,07;
111589MLEL;JTA CAB AÇO 1,2 ELRING VW GOLF POLO 02/... NEW BEE;0,;268,35;
1215117MLEL;JTA CAB AÇO 1,6MM ELRING GM CORSA MERIVA FLEX FIAT;0,;111,04;
1215136MLEL;JTA CAB AÇO 1,6MM ELRING GM CORSA PRISMA MONTANA 0;0,;123,49;
1215123MLEL;JTA CAB AÇO 1,8MM ELRING GM CORSA CELTA 03/... 1.0;0,;104,89;
1115119ML;JTA CAB ACO AUDI A4 A6 AVAN AJK AGB ARE AZA AZB BE;0,;257,16;
1215123MLVT;JTA CAB AÇO BVT GM CORSA CELTA 1.0 VHC OHC  20203;0,;64,13;
1215117MLVT;JTA CAB AÇO BVT GM CORSA MERIVA MONTANA FIAT PALIO;0,;73,23;
1515146MLVT;JTA CAB AÇO BVT TOYOTA COR COR FIELDER .../2010;5,;159,15;CAB-D15_D.8
131590ML;JTA CAB ACO INOX 0,55MM FORD KA KA+ ECOBOOST TIVCT;28,;184,28;CAB-13_D.1
15155414ML1;JTA CAB ACO INOX 1,10MM MITSUBISHI OUTLANDER MTR 4;0,;767,00;
15155414ML2;JTA CAB ACO INOX 1,15MM MITSUBISHI OUTLANDER MTR 4;1,;785,57;CAB-E15_D.7
15155414ML3;JTA CAB ACO INOX 1,20MM MITSUBISHI OUTLANDER MTR 4;1,;804,14;CAB-E15_G
15155415ML1;JTA CAB ACO INOX 1,30MM MITSUBISHI L200 TRITON 201;3,;386,77;CAB-E15_D.4
15155415ML2;JTA CAB ACO INOX 1,35MM MITSUBISHI L200 TRITON 201;2,;292,76;CAB-E15_D.3
15155415ML3;JTA CAB ACO INOX 1,40MM MITSUBISHI L200 TRITON 201;3,;439,15;CAB-E15_D.2
15155415ML4;JTA CAB ACO INOX 1.45MM MITSUBISHI L200 TRITON 20;5,;948,56;CAB-E15_D.1
15155415ML5;JTA CAB ACO INOX 1.50MM MITSUBISHI L200 TRITON 20;2,;948,56;CAB-B15_F.6
39150109ML;JTA CAB ACO INOX HONDA CBX 200 200 92/03 NX 200 20;0,;8,31;
121587ML;JTA CAB ACO INOX X24SFD MPRI 2.0 2.2 16V FLEX GM A;0,;155,81;
161528ML;JTA CAB ACO MB SPRINTER CDI C200 C220 E200 2 220 9;4,;232,21;CAB-E15_C.3
15155415PK3;JTA CAB BASPACK 1.40MM MITSUBISHI L200 TRITON 201;4,;634,29;CAB-11_F.8
121587PK;JTA CAB BASPACK 1.60 MMX24SFD MPRI 2.0 2.2 16V FLE;3,;64,58;CAB-12_B.9
121587PK30;JTA CAB BASPACK 3.00MMX24SFD MPRI 2.0 2.2 16V FLEX;0,;168,49;
1215163PK;JTA CAB BASPACK GM GRAND VITARA  TRACKER 121.7 2.0;2,;223,25;CAB-12_D.7
15156201PK;JTA CAB BASPACK HONDA CIVIC K20A4 K20A5 K20A9 2.0;2,;204,34;CAB-C15_F.4
151565032PK;JTA CAB BASPACK JEEP GRAND CHEROKEE IV 3.0 MTR EXF;2,;939,70;CAB-D15_9.C
131573MP;JTA CAB METALOPACK FORD ECOSPORT FOCUS MONDEO RANG;0,;251,50;
1515159MP;JTA CAB METALOPACK HONDA ACCORD VTEC SOHC 98/... F;3,;185,62;CAB-A15_F.5
151554PK2;JTA CAB PACK 1,35MM MITSUBISHI PAJERO MONTERO NATI;2,;143,33;CAB-B15_D.5
1515171PK20;JTA CAB PACK 2,00 MM HONDA CIVIC D17A8 Z2 Z3 1.7;0,;144,84;
131545PKVT;JTA CAB PACK BVT FORD FIESTA KA 1.0 8V ZETEC ROCAM;0,;46,90;
131547PKVT;JTA CAB PACK BVT FORD FIESTA KA ECOSPORT 1.6 8V ZE;0,;40,81;
1515171PKVT;JTA CAB PACK BVT HONDA CIVIC 1.7 16V 70200;0,;65,29;
151562PKVT;JTA CAB PACK BVT HONDA CIVIC VTEC 1.5 1.6 16V 7020;0,;83,56;
151570PKVT;JTA CAB PACK BVT MITSUBISHI L200 HPE L300 HYUNDAI;5,;67,88;CAB-E15_E.1
1515165PKVT;JTA CAB PACK BVT PEUGEOT 206 307 CITROEN C2 C3 1.0;17,;52,01;
151587PKVT;JTA CAB PACK BVT RENAULT CLIO KANGOO PEUGEOT 206 1;0,;50,63;
111523PKVT;JTA CAB PACK BVT VW GOL PASSAT SANTANA 1.6 1.8 AP;0,;23,14;
111525PKVT;JTA CAB PACK BVT VW GOL SAV PAR AT VHT MI TURBO 1.;0,;34,18;
1515132PK;JTA CAB PACK MSM 1515181PK PEUGEOT 106 206 306 CIT;10,;70,98;CAB-B15_F.9
1115122PK;JTA CAB PACK WW JETTA BORA  CBUA CBTA CCCA 2.5 20V;0,;398,74;
151562MP;JTA CABE (METALOPACK) 0,76 MM HONDA CIVIC D15Z3 D1;16,;169,33;D15_E.8
151544M250;JTA CABE (METALOPACK) 2,50 MM DUCATO 2.8 - TURBO P;2,;0,00;
151544MP25;JTA CABE (METALOPACK) 2,50 MM DUCATO IVECO DAILY 3;2,;239,74;
151521MP;JTA CABE (METALOPACK) BESTA 2.2 / BONGO MOTOR HW 1;1,;195,11;
151594MP;JTA CABE (METALOPACK) BONGO;2,;156,76;
1515141MP;JTA CABE (METALOPACK) CITROEN XSARA C5 C5 HIP XSAR;0,;114,01;
141515MP;JTA CABE (METALOPACK) FIAT PALIO SIENA BRAVA 1.6 1;0,;83,43;
1215119MP;JTA CABE (METALOPACK) GM MERIVA FIAT STILO DOHC 1.;0,;158,95;
121513MP;JTA CABE (METALOPACK) GM MONZA KADETT IPANEMA OMEG;11,;36,51;
151587MP;JTA CABE (METALOPACK) RENAULT CLIO KANGOO TWINGO P;4,;100,70;D15_B.4
151584MP;JTA CABE (METALOPACK) RENAULT CLIO LAGUNA MEGANE E;4,;69,23;D15_E.2
1515118MP;JTA CABE (METALOPACK) RENAULT CLIO MEGANE LAGUNA K;0,;147,58;
1515114MP;JTA CABE (METALOPACK) RENAULT CLIO MEGANE SCENIC K;5,;142,90;
151508MP;JTA CABE (METALOPACK) TOWNER GAS;6,;55,98;
1515106MP;JTA CABE (METALOPACK) TOYOTA COROLLA CARINA SPRINT;3,;105,91;B15_E.2
111583PK30;JTA CABE 2,2 BASPACK 83.5 VW PASSAT GOLF BORA SHAR;0,;325,22;
151558PK30;JTA CABE 2,4 MM BASPACK MWM VOLARE A6 GM S10 BLAZE;0,;600,00;D15_B.1
1515186ML;JTA CABE ACO 0,25 HYUNDAI HB20 KIA PICANTO  1.0 12;2,;144,41;C15_F.7
15155404ML2;JTA CABE AÇO 0,55 MM MITSUBISHI L200 TRITON PAJERO;1,;382,89;E15_C.9
15155404ML3;JTA CABE AÇO 0,60 MM MITSUBISHI L200 TRITON PAJERO;0,;459,47;E15_A
15156004ML1;JTA CABE ACO 0,85MM 89MM NISSAN FRONTIER 190CV;2,;358,31;D15_C.4
15156004ML2;JTA CABE ACO 0,90MM 89MM NISSAN FRONTIER 190CV;2,;358,31;D15_C.4
15156004ML3;JTA CABE ACO 0,92MM 89MM NISSAN FRONTIER 190CV;1,;358,31;D15_C.4
15156004ML4;JTA CABE ACO 0,95MM 89MM NISSAN FRONTIER 190CV;4,;298,62;D15_C.5
15156004ML5;JTA CABE ACO 0,97MM 89MM NISSAN FRONTIER 190CV;0,;338,21;D15_C.5
141592ML;JTA CABE ACO 0.75MM FIAT ARG CRON MOBI 3 CIL FIREF;18,;62,32;14_F.7
15156004ML6;JTA CABE ACO 1,00MM 89MM NISSAN FRONTIER 190CV;3,;405,58;D15_C.5
131582ML2;JTA CABE ACO 1.00MM FORD RANGER FUSION 2013/...MTR;0,;453,01;
15159602ML1;JTA CABE ACO 1.20MM PEUG 208 308 408 508 2008 3008;1,;674,04;A15_F.3
15153901ML;JTA CABE ACO ACTYON KYRON D20T 2.0;0,;984,12;
141594PK3;JTA CABE ACO BASPACK 1.40MM FIAT TORO JEEP RENEGAD;3,;189,13;14_D.7
141593ML;JTA CABE ACO FIAT ARG MOBI UNO CRONOS 4CIL FIREF;1,;136,54;14_F.6
141597ML;JTA CABE ACO FIAT TORO 2016/. 2.4 COMPASS 2.0 16V;2,;434,18;14_F.4
131582ML;JTA CABE ACO FORD RANGER FUSION 2013/...MTR 2.5 16;3,;263,77;13_B.3
1515240ML;JTA CABE ACO HONDA CIVIC 1.6 16V VTEC B16A;2,;206,55;C15_G.6
151560ML2;JTA CABE AÇO INOX  1,11MM NISSAN SENTRA TIIDA VERS;0,;400,00;
19151008ML3;JTA CABE ACO INOX  Ø 107 1.20MM CUMMINS ISB4 3.9 1;0,;591,20;
1115116ML;JTA CABE ACO INOX  VW GOLF JETTA PASSAT TIGUAN 1.8;3,;172,07;11_B.2
15153302ML1;JTA CABE ACO INOX 0,40MM BMW 118I 120I (E81/E87) 3;0,;229,37;
1515196ML1;JTA CABE ACO INOX 0,50 MM MITSUBISHI L200 TRITON P;6,;416,35;E15_C.7
15153301ML1;JTA CABE ACO INOX 0,50MM BMW 118I 120I (E81/E87) 3;2,;244,28;E15_B.2
1515186ML1;JTA CABE ACO INOX 0,50MM HYUNDAI HB20 KIA PICANTO;12,;300,00;D15_E.8
1515196ML2;JTA CABE ACO INOX 0,55 MM MITSUBISHI L200 TRITON P;5,;416,35;E15_C.6
1515196ML3;JTA CABE ACO INOX 0,60 MM MITSUBISHI L200 TRITON P;4,;416,35;E15_C.5
1515196ML4;JTA CABE ACO INOX 0,65 MM MITSUBISHI L200 TRITON P;5,;444,11;E15_C.4
131581ML1;JTA CABE AÇO INOX 0,65MM FORD KA KA+ 14/... NEW FI;9,;250,00;13_F.2
15153311ML1;JTA CABE ACO INOX 0,7 MM BMW 520I 528I 320I N20 N2;2,;229,48;E15_A.6
15153302ML2;JTA CABE ACO INOX 0,70MM BMW 118I 120I (E81/E87) 3;0,;400,00;
15159605ML;JTA CABE ACO INOX 0,75 PEUGEOT CITROEN 208 C3 MTR;0,;177,11;13_E.4
1515187ML;JTA CABE ACO INOX 0,75MM HYUNDAI HB20 I30 VELOSTE;8,;207,58;E15_E.10
15153301ML2;JTA CABE ACO INOX 0,80MM BMW 118I 120I (E81/E87) 3;0,;400,00;
15158017ML1;JTA CABE AÇO INOX 0,80MM HYUNDAI HB20 CRETA MTR G3;0,;415,35;
15155605ML1;JTA CABE ACO INOX 0,80MM HYUNDAI HR 13/... KIA SOR;3,;295,64;A15_A.1
15155605ML2;JTA CABE ACO INOX 0,85MM HYUNDAI HR 13/... KIA SOR;3,;295,64;A15_A.1
151560ML1;JTA CABE AÇO INOX 0,88MM NISSAN SENTRA TIIDA VERSA;0,;306,04;
131581ML2;JTA CABE AÇO INOX 0,90MM FORD KA KA+ 14/... NEW FI;5,;300,00;13_F.5
15155605ML3;JTA CABE ACO INOX 0,90MM HYUNDAI HR 13/... KIA SOR;2,;295,64;A15_A.1
15159602ML;JTA CABE ACO INOX 0,90MM PEUGEOT 3008 308 508 RC2;4,;225,34;E15_B.3
141594ML1;JTA CABE ACO INOX 0,95 JEEP FIAT RENEGADE COMPASS;4,;234,92;14_B.8
15153311ML2;JTA CABE ACO INOX 0,95 MM BMW 520I 528I 320I N20 N;0,;400,00;
15155605ML4;JTA CABE ACO INOX 0,95MM HYUNDAI HR 13/... KIA SOR;3,;295,64;A15_A.2
141569ML;JTA CABE ACO INOX 0.50MM 84MM FIAT MAREA STILO 2.0;0,;238,22;
15155404ML1;JTA CABE ACO INOX 0.50MM 99.5MM MITSUBISHI MONTERO;0,;510,50;E15_E
151580092ML;JTA CABE ACO INOX 0.60MM HYUNDAI AZERA SANTA FE KI;0,;830,70;
151580042ML;JTA CABE ACO INOX 0.60MM HYUNDAI KIA AZERA SONATA;0,;809,40;A15_F.8
15155404ML4;JTA CABE ACO INOX 0.65MM 99.5MM MITSUBISHI MONTERO;0,;484,98;E15_E
15158603ML;JTA CABE AÇO INOX 0.65MM RENAULT DUSTER OROCH CAPT;1,;195,74;A15_E.0
15155014ML;JTA CABE AÇO INOX 0.70MM TOYOTA COROLLA 2019/... C;0,;341,86;
151564ML1;JTA CABE ACO INOX 0.75MM 97MM TOYOTA HILUX TD LAND;4,;295,16;C15_B.1
1415103ML;JTA CABE AÇO INOX 0.75MM FIAT FASTBACK PULSE ABART;6,;219,42;13_E.3
1415102ML;JTA CABE AÇO INOX 0.75MM FIAT FASTBACK PULSE MTR G;2,;189,82;14_A.1
1515186ML2;JTA CABE AÇO INOX 0.75MM HYUNDAI HB20 KIA PICANTO;0,;350,00;12_G.2
15156005ML1;JTA CABE AÇO INOX 0.75MM RENAULT CAPTUR DUSTER 1.6;0,;450,51;
1515146ML1;JTA CABE AÇO INOX 0.75MM TOYOTA COROLLA VVTI FILDE;0,;385,60;
151562ML;JTA CABE ACO INOX 0.76MM HONDA CIVIC D15Z3 8 D16Z6;3,;211,82;D15_E.6
141549ML77;JTA CABE ACO INOX 0.77MM FIAT UNO SMART PALIO SIEN;0,;218,14;
15156006ML1;JTA CABE AÇO INOX 0.78MM NISSAN MARCH VERSA MTR HR;0,;355,77;
1515185ML;JTA CABE ACO INOX 0.80 MM 81.5 MM HONDA CIVIC 1.8;11,;224,00;D15_A.4
15158015ML1;JTA CABE AÇO INOX 0.80MM HYUNDAI HB20 CRETA 21/...;0,;280,00;
141590ML1;JTA CABE AÇO INOX 0.84MM FIAT PALIO STRADA DOBLÔ G;0,;300,00;E15_B.8
15158309ML;JTA CABE AÇO INOX 0.84MM Ø80.0MM CHERY TIGGO 2 1.5;0,;234,84;
1515157ML1;JTA CABE ACO INOX 0.85MM 97.5MM TOYOTA HILUX 2005/;0,;218,15;A15_C.5
151564ML2;JTA CABE ACO INOX 0.85MM 97MM TOYOTA HILUX TD LAND;4,;295,16;C15_B.1
15156003ML1;JTA CABE ACO INOX 0.85MM NISSAN FRONTIER 07/...PAT;7,;314,39;C15_B.2
15153707ML2;JTA CABE AÇO INOX 0.88MM LAND ROVER FREELANDER 2 M;0,;944,38;
1515155ML1;JTA CABE ACO INOX 0.90 MM 93.5MM TOYOTA HILUX 16V;3,;189,68;A15_B.1
141585ML;JTA CABE ACO INOX 0.90MM 72.5MM FIAT EVO GRAND IDE;1,;83,58;14_B.6
1515157ML2;JTA CABE ACO INOX 0.90MM 97.5MM TOYOTA HILUX 2005/;-1,;218,15;A15_C.5
15156003ML2;JTA CABE ACO INOX 0.90MM NISSAN FRONTIER 07/...PAT;2,;314,39;C15_B.3
15156003ML3;JTA CABE ACO INOX 0.92MM NISSAN FRONTIER 07/.. PAT;3,;314,39;C15_D.6
141597ML1;JTA CABE AÇO INOX 0.93MM FIAT TORO 2016/... 2.4 16;3,;500,00;E15_D.11
1515155ML2;JTA CABE ACO INOX 0.95 MM 93.5MM TOYOTA HILUX 16V;5,;197,94;A15_B.2
151564ML3;JTA CABE AÇO INOX 0.95 MM TOYOTA HILUX .../2000 LA;2,;295,16;C15_C.5
1515157ML3;JTA CABE ACO INOX 0.95MM 97.5MM TOYOTA HILUX 2005/;0,;218,15;A15_C.5
15156003ML4;JTA CABE ACO INOX 0.95MM NISSAN FRONTIER 07/...PAT;3,;225,71;C15_B.4
15156003ML5;JTA CABE ACO INOX 0.97MM NISSAN FRONTIER 07/...PAT;3,;377,96;C15_B.5
15156003ML6;JTA CABE ACO INOX 1 00M NISSAN FRONTIER 07/...PATH;0,;224,03;C15_B.6
131547ML1;JTA CABE ACO INOX 1 20MM FORD KA 97 FIETA 99 ESCOR;0,;269,64;
141592ML1;JTA CABE AÇO INOX 1,00MM FIAT ARGO CRONOS MOBI UNO;4,;293,41;12_C.8
1415103ML1;JTA CABE AÇO INOX 1,00MM FIAT FASTBACK PULSE ABART;0,;350,00;
141591ML1;JTA CABE AÇO INOX 1,00MM FIAT FREEMONT CHRYSLER DO;0,;494,26;
1415102ML1;JTA CABE AÇO INOX 1,00MM FIAT STRADA FASTBACK PULS;0,;319,61;
15155605ML5;JTA CABE ACO INOX 1,00MM HYUNDAI HR 13/... KIA SOR;3,;453,10;A15_A.2
1515194ML1;JTA CABE ACO INOX 1,00MM MITSUBISHI PAJERO IO 98/;0,;277,40;
15156005ML2;JTA CABE AÇO INOX 1,00MM RENAULT CAPTUR DUSTER DUS;0,;450,00;
141594ML2;JTA CABE ACO INOX 1,05 JEEP FIAT RENEGADE COMPASS;0,;239,39;14_B.8
151564ML4;JTA CABE ACO INOX 1,05MM 97MM TOYOTA HILUX TD LAND;2,;295,16;C15_E.8
131583ML1;JTA CABE ACO INOX 1,10 MM Ø 87MM FORD RANGER 2.2 T;3,;224,36;E15_A.4
15155012ML1;JTA CABE ACO INOX 1,10 TOYOTA HILUX SW4 SRV 2016/.;3,;334,32;A15_A.3
131585ML1;JTA CABE ACO INOX 1,10MM Ø 91MM FORD RANGER TRANS;2,;513,24;E15_A.10
141594ML3;JTA CABE ACO INOX 1,15 JEEP FIAT RENEGADE COMPASS;4,;243,86;14_B.8
131583ML2;JTA CABE ACO INOX 1,15 MM Ø 87MM FORD RANGER 2.2 T;3,;224,36;E15_A.3
15155012ML2;JTA CABE ACO INOX 1,15 TOYOTA HILUX SW4 SRV 2016/.;3,;334,32;A15_A.3
131581ML3;JTA CABE AÇO INOX 1,15MM FORD KA KA+ 14/... NEW FI;10,;400,00;13_F.4
131585ML2;JTA CABE ACO INOX 1,15MM Ø 91MM FORD RANGER TRANS;0,;513,24;
131583ML3;JTA CABE ACO INOX 1,20 MM Ø 87MM FORD RANGER 2.2 T;3,;263,33;E15_A.1
15155012ML3;JTA CABE ACO INOX 1,20 TOYOTA HILUX SW4 SRV 2016/.;5,;374,44;A15_E.6
15153311ML3;JTA CABE ACO INOX 1,20MM BMW 520I 528I 320I N20 N2;0,;450,00;
131585ML3;JTA CABE ACO INOX 1,20MM Ø 91MM FORD RANGER TRANSI;0,;440,67;
1515175ML2;JTA CABE ACO INOX 1,20MM RENAULT MASTER G9U 720 72;0,;450,00;
15155012ML4;JTA CABE ACO INOX 1,25 TOYOTA HILUX SW4 SRV 2016/.;4,;334,32;A15_A.4
141591ML2;JTA CABE AÇO INOX 1,25MM FIAT FREEMONT CHRYSLER DO;2,;550,00;14_D.9
1415108ML1;JTA CABE AÇO INOX 1,25MM FIAT SCUDO PEUGEOT EXPERT;0,;299,16;
15156005ML3;JTA CABE AÇO INOX 1,25MM RENAULT CAPTUR DUSTER DUS;0,;503,15;
151580042ML2;JTA CABE AÇO INOX 1,25MM SOB MEDIDA HYUNDAI KIA AZ;0,;1.214,10;
15155012ML5;JTA CABE ACO INOX 1,30 TOYOTA HILUX SW4 SRV 2016/.;4,;334,32;A15_A.4
1415108ML2;JTA CABE AÇO INOX 1,30MM FIAT SCUDO PEUGEOT EXPERT;0,;304,49;
1515175ML3;JTA CABE ACO INOX 1,30MM RENAULT MASTER G9U 720 72;3,;505,39;A15_A.7
151560ML3;JTA CABE AÇO INOX 1,34 NISSAN SENTRA TIIDA VERSA L;0,;450,00;
1415108ML3;JTA CABE AÇO INOX 1,35MM FIAT SCUDO PEUGEOT EXPERT;0,;311,52;
1515165ML1;JTA CABE AÇO INOX 1,38MM CITROEN C2 C3 2002/ PEUGE;1,;300,00;B15_A.9
181530ML3;JTA CABE ACO INOX 1,40MM  Ø 113,4MM MTR MWM X12 4.;0,;124,43;
1415108ML4;JTA CABE AÇO INOX 1,40MM FIAT SCUDO PEUGEOT EXPERT;0,;332,82;
1115117ML1;JTA CABE ACO INOX 1,45MM AMAROK 2.0 4CIL 16V MTR C;3,;188,05;11_B.3
1415108ML5;JTA CABE AÇO INOX 1,45MM FIAT SCUDO PEUGEOT EXPERT;0,;384,36;
1115117ML2;JTA CABE ACO INOX 1,50MM AMAROK 2.0 4CIL 16V MTR C;0,;188,05;11_B.4
1515194ML2;JTA CABE ACO INOX 1,50MM MITSUBISHI PAJERO IO 98/;0,;390,41;
1115117ML3;JTA CABE ACO INOX 1,55MM AMAROK 2.0 4CIL 16V MTR C;4,;188,05;11_B.5
1515159ML;JTA CABE ACO INOX 1,60MM HONDA ACCORD VTEC MTR F18;0,;528,36;
1115117ML4;JTA CABE ACO INOX 1,70MM AMAROK 2.0 4CIL 16V MTR C;3,;275,20;11_B.6
151580042ML3;JTA CABE AÇO INOX 1,75MM SOB MEDIDA HYUNDAI KIA AZ;0,;1.618,80;
141573ML2;JTA CABE ACO INOX 1.0 MM 81MM FIAT DOBLO BRAVA MAR;0,;300,00;
1515155ML3;JTA CABE ACO INOX 1.00 MM 93.5MM TOYOTA HILUX 16V;1,;228,14;A15_B.3
1515157ML4;JTA CABE ACO INOX 1.00MM 97.5MM TOYOTA HILUX 2005/;2,;218,15;A15_C.6
141553ML2;JTA CABE ACO INOX 1.00MM FIAT PALIO SIENA DOBLO FI;0,;250,00;
141579ML2;JTA CABE ACO INOX 1.00MM FIAT PALIO SIENA PUNTO ID;2,;250,00;12_G.4
141549ML2;JTA CABE ACO INOX 1.00MM FIAT UNO SMART PALIO SIEN;0,;250,00;14_F.8
141586ML;JTA CABE ACO INOX 1.00MM FIAT UNO SMART PALIO SIEN;8,;112,87;14_D.2
131547ML2;JTA CABE ACO INOX 1.00MM FORD ECOSPORT FIESTA COUR;3,;340,00;12_G.3
131545ML1;JTA CABE ACO INOX 1.00MM FORD FIESTA ECOSPORT SUPE;0,;287,17;
131582ML1;JTA CABE ACO INOX 1.00MM FORD RANGER FUSION 2013/.;1,;350,00;E15_E.4
1215173ML1;JTA CABE AÇO INOX 1.00MM GM ONIX 2G 20/... TRACKER;1,;335,69;E15_E.8
15156207ML2;JTA CABE ACO INOX 1.00MM HONDA CIVIC CITY CR-Z EX;4,;300,00;C15_G.9
15158015ML2;JTA CABE AÇO INOX 1.00MM HYUNDAI HB20 CRETA 21/...;0,;420,00;C15_G.7
15158017ML2;JTA CABE AÇO INOX 1.00MM HYUNDAI HB20 CRETA MTR G3;2,;447,84;C15_C.8
1515187ML1;JTA CABE AÇO INOX 1.00MM HYUNDAI HB20 HB20S I30 VE;0,;443,63;
15158601ML2;JTA CABE ACO INOX 1.00MM RENAULT LOGAN SANDERO KWI;3,;431,65;A15_F.7
1515146ML2;JTA CABE AÇO INOX 1.00MM TOYOTA COROLLA VVTI FILDE;0,;400,00;
111595ML2;JTA CABE ACO INOX 1.00MM VW AUDI A3 FOX GOL GOLF P;4,;276,72;11_A.8
111525ML2;JTA CABE ACO INOX 1.00MM VW GOL SAVEIRO PARATI AT;2,;200,00;11_D.5
15156006ML2;JTA CABE AÇO INOX 1.01MM NISSAN MARCH VERSA MTR HR;0,;414,96;
1515155ML4;JTA CABE ACO INOX 1.05 MM 93.5MM TOYOTA HILUX 16V;5,;228,14;A15_B.4
1515157ML5;JTA CABE ACO INOX 1.05MM 97.5MM TOYOTA HILUX 2005/;2,;218,15;A15_C.6
141590ML2;JTA CABE AÇO INOX 1.07MM FIAT PALIO STRADA DOBLÔ G;0,;400,00;B15_E.7
1515193ML1;JTA CABE ACO INOX 1.10 MM 88.5MM FIAT DUCATO MULTI;5,;218,31;A15_B.6
1515155ML5;JTA CABE ACO INOX 1.10 MM 93.5MM TOYOTA HILUX 16V;3,;228,14;A15_B.5
15153312ML2;JTA CABE ACO INOX 1.10MM BMW N51B30 N52B30 130I 12;0,;1.342,03;
131586ML1;JTA CABE ACO INOX 1.10MM FORD RANGER 13/... TROLLE;4,;637,54;E15_A.7
15153707ML3;JTA CABE AÇO INOX 1.11MM LAND ROVER FREELANDER 2 M;0,;994,58;
15156030ML1;JTA CABE AÇO INOX 1.15MM 100,0MM NISSAN FRONTIER M;0,;481,92;
19151408ML2;JTA CABE AÇO INOX 1.15MM 107.0MM CASE 430 440 440C;0,;756,50;
19151409ML2;JTA CABE AÇO INOX 1.15MM 107.0MM CASE CX220B CX22;0,;979,87;
19151008ML2;JTA CABE ACO INOX 1.15MM 107.0MM CUMMINS ISB4 3.9;0,;543,69;
17150101ML;JTA CABE AÇO INOX 1.15MM 108.0MM PERKINS 1104B-C-D;0,;567,65;
151564ML5;JTA CABE ACO INOX 1.15MM 97MM TOYOTA HILUX TD LAND;4,;295,16;C15_B.1
131586ML2;JTA CABE ACO INOX 1.15MM FORD RANGER 13/... TROLL;0,;529,61;E15_A.8
141597ML2;JTA CABE AÇO INOX 1.16MM FIAT TORO 2016/... 2.4 16;3,;600,00;E15_D.11
15153708ML1;JTA CABE ACO INOX 1.17MM LAND ROVER RANGE ROVER SP;0,;642,48;
1215166ML1;JTA CABE ACO INOX 1.1MM GM S10 TRAIL BLAZER 12 CTD;6,;169,61;12_F.5
1515193ML2;JTA CABE ACO INOX 1.20 MM 88.5MM FIAT DUCATO MULTI;4,;218,32;A15_B.7
15156030ML2;JTA CABE AÇO INOX 1.20MM 100,0MM NISSAN FRONTIER M;0,;481,92;
151540ML1;JTA CABE ACO INOX 1.20MM FIAT IVECO TURBO DAILY 2.;4,;282,93;B15_B.2
131545ML2;JTA CABE ACO INOX 1.20MM FORD FIESTA ECOSPORT SUPE;2,;340,00;12_F.8
131590ML2;JTA CABE ACO INOX 1.20MM FORD KA KA+ NEW FIESTA EC;4,;431,54;13_D.3.B
15156027ML1;JTA CABE ACO INOX 1.20MM FORD MAVERICK NISSAN CABS;0,;377,36;
131586ML3;JTA CABE ACO INOX 1.20MM FORD RANGER 13/... TROLLE;2,;637,54;E15_A.9
15154001ML1;JTA CABE ACO INOX 1.20MM IVECO 35S14 3.0 16V 2008/;3,;320,24;E15_D.6
1515180ML2;JTA CABE ACO INOX 1.20MM RETIF BLOCO RENAULT MASTE;2,;677,63;E15_B.11
15153708ML2;JTA CABE ACO INOX 1.22MM LAND ROVER RANGE ROVER SP;0,;643,60;
19151408ML3;JTA CABE AÇO INOX 1.25MM 107.0MM CASE 430 440 440C;0,;756,50;
19151409ML3;JTA CABE AÇO INOX 1.25MM 107.0MM CASE CX220B CX22;0,;979,87;
19151012ML3;JTA CABE ACO INOX 1.25MM 107.0MM CUMMINS ISDE QSB;0,;565,92;
15159608ML1;JTA CABE ACO INOX 1.25MM 76.0MM PEUGEOT EXPERT CIT;0,;247,11;
15159610ML1;JTA CABE AÇO INOX 1.25MM 86.0MM CITROEN JUMPER PEU;0,;448,13;B15_E.2
1515190ML1;JTA CABE ACO INOX 1.25MM 97.5MM NISSAN FRONTIER TD;0,;424,99;
19151013ML3;JTA CABE ACO INOX 1.25MM CUMMINS ISDE QSB 6.7L 6CI;0,;926,61;
15156027ML2;JTA CABE ACO INOX 1.25MM FORD MAVERICK NISSAN CABS;0,;388,68;
1215173ML2;JTA CABE AÇO INOX 1.25MM GM ONIX 2G 20/... TRACKER;0,;400,00;
1515187ML2;JTA CABE AÇO INOX 1.25MM HYUNDAI HB20 HB20S I30 VE;0,;468,65;
1515146ML3;JTA CABE ACO INOX 1.25MM TOYOTA COROLLA VVTI FILDE;2,;450,00;A15_E.8
15159603ML;JTA CABE ACO INOX 1.27MM 76MM Ø PEUGEOT 208 2013/.;3,;103,40;C15_G.3
15153708ML3;JTA CABE ACO INOX 1.27MM LAND ROVER RANGE ROVER SP;0,;654,76;
131589ML1;JTA CABE AÇO INOX 1.2MM FORD RANGER POWER STROKE 3;4,;449,10;13_E.2
1215166ML2;JTA CABE ACO INOX 1.2MM GM S10 TRAIL BLAZER 12 CTD;4,;206,58;12_F.2
1515193ML3;JTA CABE ACO INOX 1.30 MM 88.5MM FIAT DUCATO MULTI;9,;218,32;A15_B.8
15159608ML2;JTA CABE ACO INOX 1.30MM 76.0MM PEUGEOT EXPERT CIT;0,;270,56;
1515185ML2;JTA CABE ACO INOX 1.30MM 81.5 MM HONDA NEW CIVIC 2;1,;475,67;E15_B.7
15159610ML2;JTA CABE AÇO INOX 1.30MM 86.0MM CITROEN JUMPER PEU;0,;458,18;D15_A.9.B
1515190ML2;JTA CABE ACO INOX 1.30MM 97.5MM NISSAN FRONTIER TD;0,;491,07;
151540ML2;JTA CABE ACO INOX 1.30MM FIAT IVECO TURBO DAILY 2.;3,;101,50;B15_B.3
15154001ML2;JTA CABE ACO INOX 1.30MM IVECO 35S14 3.0 16V 2008/;2,;286,30;E15_E
15156801ML1;JTA CABE ACO INOX 1.30MM SUZUKI GRAND VITARA 2.0 8;0,;505,09;
15153708ML4;JTA CABE ACO INOX 1.32MM LAND ROVER RANGE ROVER SP;0,;642,48;
15159608ML3;JTA CABE ACO INOX 1.35MM 76.0MM PEUGEOT EXPERT CIT;0,;270,56;
15159610ML3;JTA CABE AÇO INOX 1.35MM 86.0MM CITROEN JUMPER PEU;0,;480,49;
15156801ML2;JTA CABE ACO INOX 1.35MM SUZUKI GRAND VITARA 2.0 8;0,;505,09;
151509ML1;JTA CABE ACO INOX 1.37MM 92MM GM S10 BLAZER MB SPR;2,;314,13;A15_E.7
131575ML1;JTA CABE ACO INOX 1.37MM 94MM FORD RANGER 2.8 POWE;2,;227,85;13_B.1
141597ML3;JTA CABE AÇO INOX 1.39MM FIAT TORO 2016/... 2.4 16;3,;700,00;11_F.9
131589ML2;JTA CABE ACO INOX 1.3MM FORD RANGER MTR POWER-STR;4,;457,98;13_A.7
1215166ML3;JTA CABE ACO INOX 1.3MM GM S10 TRAIL BLAZER 12 CTD;0,;218,42;12_F.3
1215159ML;JTA CABE ACO INOX 1.40 2.4 16V FLEX GM VECTRA GT V;4,;135,15;12_E.7
1515177ML2;JTA CABE ACO INOX 1.40MM  HYUNDAI TUCSON I30 KIA S;0,;350,00;
181523ML3;JTA CABE ACO INOX 1.40MM 113.0MM MWM 4.10 6.10 X 1;0,;127,33;
15159608ML4;JTA CABE ACO INOX 1.40MM 76.0MM PEUGEOT EXPERT CIT;0,;270,56;
1515141ML2;JTA CABE AÇO INOX 1.40MM CITROEN XSARA C5 HIP XSAR;0,;335,00;
151540ML3;JTA CABE ACO INOX 1.40MM FIAT IVECO TURBO DAILY 2.;0,;307,66;B15_B.4
151562ML2;JTA CABE ACO INOX 1.40MM HONDA CIVIC D15Z3 8 D16Z6;0,;326,13;
1515171ML2;JTA CABE ACO INOX 1.40MM HONDA CIVIC D17A8 Z2 Z3 1;0,;400,00;
15154001ML3;JTA CABE ACO INOX 1.40MM IVECO 35S14 3.0 16V 2008/;1,;286,30;E15_E.9
181509ML3;JTA CABE ACO INOX 1.40MM MTR MWM D229 3/4/6CIL;0,;78,02;
15156801ML3;JTA CABE ACO INOX 1.40MM SUZUKI GRAND VITARA 2.0 8;0,;505,09;
151552ML1;JTA CABE ACO INOX 1.45MM 100.5MM TOYOTA HILUX LN14;4,;409,03;A15_C.1
15159608ML5;JTA CABE ACO INOX 1.45MM 76.0MM PEUGEOT EXPERT CIT;0,;327,52;
151511ML2;JTA CABE ACO INOX 1.45MM 92.5MM H100 MITSUBISHI L2;2,;293,11;A15_A.6
151551ML1;JTA CABE ACO INOX 1.45MM 93.5MM TOYOTA HILUX 2L 2.;5,;469,38;A15_C.3
151570ML;JTA CABE ACO INOX 1.45MM MITSUBISHI L200 TD L300 P;2,;293,11;B15_D.3
151550ML1;JTA CABE ACO INOX 1.45MM Ø 97MM TOYOTA HILUX 3L 2.;3,;290,00;A15_C.8
15156801ML4;JTA CABE ACO INOX 1.45MM SUZUKI GRAND VITARA 2.0 8;0,;505,09;
131575ML2;JTA CABE ACO INOX 1.48MM 94MM FORD RANGER 2.8 POWE;0,;301,74;
131589ML3;JTA CABE ACO INOX 1.4MM FORD RANGER POWER STROKE 3;2,;462,91;13_E.6
151511ML3;JTA CABE ACO INOX 1.50MM 92.5MM H100 MITSUBISHI L2;1,;293,11;A15_A.6
151509ML2;JTA CABE ACO INOX 1.50MM 92MM GM S10 BLAZER MB SPR;0,;311,67;A15_E.5
141591ML3;JTA CABE AÇO INOX 1.50MM FIAT FREEMONT COMPASS MTR;0,;650,00;
151540ML4;JTA CABE ACO INOX 1.50MM FIAT IVECO TURBO DAILY 2.;3,;307,66;B15_B.5
131547ML3;JTA CABE ACO INOX 1.50MM FORD ECOSPORT FIESTA COUR;0,;420,00;
131545ML3;JTA CABE ACO INOX 1.50MM FORD FIESTA ECOSPORT SUPE;0,;420,00;
1215163ML3;JTA CABE AÇO INOX 1.50MM GM TRACKER SUZUKI GRAND V;0,;450,00;
1515187ML3;JTA CABE AÇO INOX 1.50MM HYUNDAI HB20 HB20S I30 VE;0,;506,67;E15_E.5
15154001ML4;JTA CABE ACO INOX 1.50MM IVECO 35S14 3.0 16V 2008/;3,;286,30;E15_D.10
151570ML1;JTA CABE ACO INOX 1.50MM MITSUBISHI L200 TD L300 P;0,;293,11;
131573ML1;JTA CABE ACO INOX 1.50MM Ø 89MM FORD ECOSPORT FOCU;0,;365,67;
151587ML2;JTA CABE ACO INOX 1.50MM RENAULT CLIO KANGOO LOGAN;0,;350,00;
15156801ML5;JTA CABE ACO INOX 1.50MM SUZUKI GRAND VITARA 2.0 8;0,;505,09;
1515146ML4;JTA CABE AÇO INOX 1.50MM TOYOTA COROLLA VVTI FILDE;0,;500,00;
111525ML3;JTA CABE ACO INOX 1.50MM VW GOL SAVEIRO PARATI AT;0,;300,00;
1115123ML1;JTA CABE ACO INOX 1.53MM 82MM VOLKSWAGEN CALIFORNI;0,;501,41;
151552ML2;JTA CABE ACO INOX 1.55MM 100.5MM TOYOTA HILUX LN14;3,;409,03;A15_C.1
151511ML4;JTA CABE ACO INOX 1.55MM 92.5MM H100 MITSUBISHI L2;7,;293,11;B15_F.4
151551ML2;JTA CABE ACO INOX 1.55MM 93.5MM TOYOTA HILUX 2L 2.;2,;469,38;A15_C.4
151570ML2;JTA CABE ACO INOX 1.55MM MITSUBISHI L200 TD L300 P;0,;293,11;
151550ML2;JTA CABE ACO INOX 1.55MM Ø 97MM TOYOTA HILUX 3L 2.;3,;290,00;A15_C.8
1115123ML2;JTA CABE ACO INOX 1.57MM 82MM VOLKSWAGEN CALIFORNI;0,;501,41;
131589ML4;JTA CABE ACO INOX 1.5MM FORD RANGER MTR POWER-STR;0,;465,25;13_D.8
11151322ML1;JTA CABE AÇO INOX 1.60MM (0,81-0,91) PAR LD LE VW ;0,;500,55;
151511ML5;JTA CABE ACO INOX 1.60MM 92.5MM H100 MITSUBISHI L2;6,;293,11;A15_A.8
151509ML3;JTA CABE ACO INOX 1.60MM 92MM GM S10 BLAZER MB SPR;3,;311,67;A15_F.9
131575ML3;JTA CABE ACO INOX 1.60MM 94MM FORD RANGER 2.8 POWE;2,;301,74;13_D.9
141557ML;JTA CABE ACO INOX 1.60MM FIAT MAREA 2.0 2.4 20V 5;2,;364,58;14_D.1
15154001ML5;JTA CABE ACO INOX 1.60MM IVECO 35S14 3.0 16V 2008/;4,;286,30;E15_E.2
151570ML3;JTA CABE ACO INOX 1.60MM MITSUBISHI L200 TD L300 P;0,;293,11;
1515118ML;JTA CABE ACO INOX 1.60MM RENAULT MEGANE SCENIC LAG;2,;154,60;B15_C.6
15156031ML;JTA CABE AÇO INOX 1.60MM YARE HASTER KOMATSU STILL;0,;233,77;
1115123ML3;JTA CABE ACO INOX 1.61MM 82MM VOLKSWAGEN CALIFORNI;0,;501,41;
11151322ML2;JTA CABE AÇO INOX 1.64MM (0,91-0,96) PAR LD LE VW ;0,;511,20;
151552ML3;JTA CABE AÇO INOX 1.65MM 100.5MM TOYOTA HILUX LN14;2,;409,03;A15_C.2
151551ML3;JTA CABE ACO INOX 1.65MM 93.5MM TOYOTA HILUX 2L 2.;2,;469,38;A15_C.4
151550ML3;JTA CABE ACO INOX 1.65MM Ø 97MM TOYOTA HILUX 3L 2.;2,;251,97;A15_C.8
11151322ML3;JTA CABE AÇO INOX 1.69MM (0,96-1,07) PAR LD LE VW ;0,;521,85;
151558ML1;JTA CABE ACO INOX 1.70MM MWM VOLARE A6 GM S10 BLAZ;2,;610,00;B15_F.3
151511552;JTA CABE ACO INOX 1.70MM TOYOTA TOY-ACE 3.7D 96MM;0,;1.146,60;
11151322ML4;JTA CABE AÇO INOX 1.74MM (1,07-1,15) PAR LD LE VW ;0,;724,20;
1215159ML2;JTA CABE ACO INOX 1.90MM Ø 88.5MM GM VECTRA GT VEC;0,;352,00;
161506ML;JTA CABE ACO INOX 100.00MM OM352 OM352A OM366 OM36;0,;213,94;
161522ML;JTA CABE ACO INOX 100.0MM OM314 OM324 OM364 OM364L;0,;191,13;
161541ML;JTA CABE ACO INOX 103,5 MM MB EURO III ATEGO 2425;0,;459,69;
161542ML;JTA CABE ACO INOX 106,5 MM MB ATEGO ATRON AXOR 283;0,;1.011,46;
161540ML;JTA CABE ACO INOX 106,5 MM MB ATEGO ATRON WFLY URB;0,;747,50;
15153402ML1;JTA CABE ACO INOX 141MM JEEP GRAND CHEROKEE MTR VM;0,;366,09;
15153402ML2;JTA CABE ACO INOX 151MM JEEP GRAND CHEROKEE MTR VM;0,;358,82;
15153402ML3;JTA CABE ACO INOX 161MM JEEP GRAND CHEROKEE MTR VM;0,;366,09;
151587ML3;JTA CABE ACO INOX 2 00 MM RENAULT CLIO KANGOO LOGA;0,;453,91;
131575ML4;JTA CABE ACO INOX 2 0MM RANGER MOTOR HSD 2 8 POWER;0,;248,85;
151509ML4;JTA CABE ACO INOX 2 0MM TROLLER MERCEDES SPRINTER;3,;328,08;D15_A.6
111573ML2;JTA CABE ACO INOX 2 10MM VW GOLF MOTOR 2 0 ADC GTI;0,;538,32;
131549ML2;JTA CABE ACO INOX 2 30MM FORD FOCUS MONDEO ESCORT;0,;505,00;
1515118ML2;JTA CABE ACO INOX 2 30MM RENAULT MEGANE SCENIC LAG;0,;505,65;
1515118ML3;JTA CABE ACO INOX 2 80 MM RENAULT MEGANE SCENIC LA;0,;550,00;
1115117ML5;JTA CABE ACO INOX 2,00MM AMAROK 2.0 4CIL 16V MTR C;2,;275,20;11_A.3
1215157ML2;JTA CABE ACO INOX 2,3MM GM VECTRA ELITE BLAZER ZAF;0,;459,46;
121587ML1;JTA CABE ACO INOX 2,4MM X24SFD MPRI 2.0 2.2 16V FL;0,;330,00;
1215157ML3;JTA CABE ACO INOX 2,8MM GM VECTRA ELITE BLAZER ZAF;4,;483,77;12_D.4
121587ML3;JTA CABE ACO INOX 2,8MM X24SFD MPRI 2.0 2.2 16V FL;0,;359,82;
141573ML3;JTA CABE ACO INOX 2.0 MM 81MM FIAT DOBLO BRAVA MAR;0,;280,49;
151540ML5;JTA CABE ACO INOX 2.00 MM FIAT IVECO TURBO DAILY 2;1,;282,93;B15_B.6
141553ML3;JTA CABE ACO INOX 2.00 MM FIAT PALIO SIENA DOBLO F;0,;300,00;
141579ML3;JTA CABE ACO INOX 2.00 MM FIAT PALIO SIENA PUNTO I;1,;300,00;14_E.5
141549ML3;JTA CABE ACO INOX 2.00 MM FIAT UNO SMART PALIO SIE;0,;300,00;
111595ML3;JTA CABE ACO INOX 2.00 MM VW AUDI A3 FOX GOL GOLF;0,;320,00;
131579ML3;JTA CABE ACO INOX 2.00MM FORD FUSION 2.3 16V DURAT;0,;504,12;
131582ML3;JTA CABE ACO INOX 2.00MM FORD RANGER FUSION 2013/.;0,;504,12;
131573ML3;JTA CABE ACO INOX 2.00MM Ø 89MM FORD ECOSPORT FOCU;0,;504,12;
111583ML2;JTA CABE ACO INOX 2.10MM 82.5 VW PASSAT GOLF BORA;0,;505,00;
1215117ML2;JTA CABE ACO INOX 2.10MM GM CORSA MERIVA MONTANA F;3,;300,00;12_C.7
111589ML2;JTA CABE ACO INOX 2.10MM VW GOLF BORA PASSAT APK A;0,;505,00;
1515171ML3;JTA CABE ACO INOX 2.20MM HONDA CIVIC D17A8 Z2 Z3 1;0,;469,20;
121511ML2;JTA CABE ACO INOX 2.20MM Ø 88MM GM MONZA KADETT IP;0,;352,00;
111523ML2;JTA CABE ACO INOX 2.20MM VW GOL SAVEIRO PARATI SAN;0,;350,00;
111579ML2;JTA CABE ACO INOX 2.20MM VW GOLF SR BORA AUDI A3 A;0,;505,00;
161530ML;JTA CABE ACO INOX 2.2MM SPRINTER CDI LA DIESEL BI;5,;367,96;E15_C.2
1215123ML2;JTA CABE ACO INOX 2.30MM GM CORSA CELTA VHC 1.0 8V;0,;300,00;
1515134ML2;JTA CABE ACO INOX 2.30MM PEUGEOT 206 307 PARTNER C;0,;357,14;
111569ML2;JTA CABE ACO INOX 2.30MM VW GOLF VENTO PASSAT CORR;0,;505,46;
111511ML2;JTA CABE ACO INOX 2.30MM VW SANTANA GOL PARATI AP;0,;402,23;
141557ML2;JTA CABE ACO INOX 2.40MM FIAT MAREA 2.0 2.4 20V 5;0,;701,25;
15156207ML3;JTA CABE ACO INOX 2.40MM HONDA CIVIC CITY CR-Z EX;0,;441,63;
151562ML3;JTA CABE ACO INOX 2.40MM HONDA CIVIC D15Z3 8 D16Z6;0,;611,96;
1215159ML3;JTA CABE ACO INOX 2.40MM Ø 88.5MM GM VECTRA GT VEC;2,;383,21;D15_B.4
111525ML4;JTA CABE ACO INOX 2.50 MM VW GOL SAVEIRO PARATI AT;0,;350,00;
1215117ML3;JTA CABE ACO INOX 2.60 MM GM CORSA MERIVA MONTANA;3,;350,00;12_C.7
111589ML3;JTA CABE ACO INOX 2.60 MM VW GOLF BORA PASSAT APK;0,;600,00;
111583ML3;JTA CABE ACO INOX 2.60 MM VW PASSAT GOLF BORA SHAR;0,;600,00;
111579ML3;JTA CABE ACO INOX 2.70 MM VW GOLF SR BORA AUDI A3;0,;600,00;
1515141ML3;JTA CABE ACO INOX 2.80 MM CITROEN XSARA C5 HIP XSA;0,;234,92;
131551ML3;JTA CABE ACO INOX 2.80 MM FORD FOCUS MONDEO ZETEC;0,;609,50;
1215123ML3;JTA CABE ACO INOX 2.80 MM GM CORSA CELTA VHC 1.0 8;0,;350,00;
1215136ML3;JTA CABE ACO INOX 2.80 MM GM CORSA PRISMA MONTANA;3,;414,36;12_D.3
121511ML3;JTA CABE ACO INOX 2.80 MM Ø 88MM GM MONZA KADETT I;0,;383,21;
1515134ML3;JTA CABE ACO INOX 2.80 MM PEUGEOT 206 307 PARTNER;0,;400,00;
1515108ML3;JTA CABE ACO INOX 2.80 MM RENAULT LAGUNA MEGANE SC;3,;456,58;A15_D.0
111523ML3;JTA CABE ACO INOX 2.80 MM VW GOL SAVEIRO PARATI SA;0,;400,00;
111511ML3;JTA CABE ACO INOX 2.80 MM VW SANTANA GOL PARATI AP;0,;438,89;
141557ML3;JTA CABE ACO INOX 2.90 MM FIAT MAREA 2.0 2.4 20V 5;0,;731,70;
1515153ML3;JTA CABE ACO INOX 3.00MM TOYOTA COROLLA 92 99 1.8;0,;476,52;
141573ML;JTA CABE ACO INOX 81MM FIAT DOBLO BRAVA MAREA PALI;0,;219,17;
111583ML;JTA CABE ACO INOX 82.5 VW PASSAT GOLF BORA SHARA A;4,;217,75;11_E.3
15155403ML;JTA CABE AÇO INOX 92.0MM MITSUBISHI 3000 GT 3000GT;2,;368,74;C15_F.3
15156203ML;JTA CABE ACO INOX ACCORD F20A;0,;374,18;
11151271ML;JTA CABE ACO INOX AUDI  L1 A4 A5 A6 A7 A8 Q7  TFSI;0,;671,19;
1115127ML;JTA CABE ACO INOX AUDI  L2 A4 A5 A6 A7 A8 Q7  TFSI;0,;671,20;
1115129ML;JTA CABE ACO INOX AUDI A1 A3 MTR CAXA CNVA CAVG CT;0,;271,97;
1115121ML;JTA CABE ACO INOX AUDI A3 TFSI A4 TFSI A6 TFSI TT;2,;142,47;11_C.3
11151272ML;JTA CABE ACO INOX AUDI PAR  A4 A5 A6 A7 A8 Q7  TFS;0,;1.477,88;
1115120ML;JTA CABE ACO INOX AUDI VW PASSAT CC PORSCHE Q7 TOU;0,;1.035,31;
15153307ML;JTA CABE ACO INOX BMW 135 335I 335I XDRIVE N54 B30;0,;1.449,80;
15153304ML;JTA CABE ACO INOX BMW 323I 325I 523I Z3 Z3I Z4I 52;0,;821,17;
15153309ML;JTA CABE ACO INOX BMW 323I 523I 325I X3I Z4I N52 B;0,;1.725,84;
15153311ML;JTA CABE ACO INOX BMW 520I 528I 320I N20 N26 2 0 1;0,;466,53;
15156011ML;JTA CABE ACO INOX C RT NISSAN X-TRAIL MTR QR20DE;0,;486,86;
1215171ML;JTA CABE ACO INOX CAMARO SS 6.2L SOHC V8 16V;0,;2.390,94;
15158311ML;JTA CABE ACO INOX CHERY TIGGO 3X MTR SQRE3T10 1.0 ;0,;368,39;
1215162ML;JTA CABE ACO INOX CHEVROLET CAPTIVA MOTOR 2.4 16V;1,;521,85;E15_A.2
141591ML;JTA CABE ACO INOX CHRYSLER DODGE FIAT JEEP  FREEMO;1,;257,14;14_E.3
15155603ML;JTA CABE ACO INOX CHRYSLER NEON STRATUS MT ECB 2.0;0,;323,86;
1515165ML;JTA CABE ACO INOX CITROEN C2 C3 2002/ PEUGEOT206 3;9,;119,52;B15_D.2
1515141ML;JTA CABE ACO INOX CITROEN XSARA C5 HIP XSARA PICAS;3,;120,00;A15_E.2
1515181ML;JTA CABE ACO INOX CITROEN XSARA SAXO ZX PEUGEOT 10;1,;289,51;A15_D.1
15155604ML;JTA CABE ACO INOX CRYSLER CIRRUS NEON STRATUS VOYA;0,;592,26;
15155401ML;JTA CABE ACO INOX CRYSLER PT CRUISER MTR EDZ 2.4 1;0,;280,22;
15153401ML;JTA CABE ACO INOX CRYSLER PT CRUISER MTR EDZ 2.5 1;0,;816,80;
15155405ML2;JTA CABE ACO INOX CRYSLER SEBRING STRATUS MITSUBIS;0,;579,96;
15155405ML;JTA CABE AÇO INOX CRYSLER SEBRING STRATUS MITSUBIS;1,;351,83;C15_E.4
151554032ML;JTA CABE ACO INOX CRYSLER STEALT MITSUBISHI 3000 G;0,;392,71;C15_F.3
15155403ML3;JTA CABE ACO INOX CRYSLER STEALT MITSUBISHI 3000 G;0,;619,60;
191521ML1;JTA CABE ACO INOX CUMMINS 1.15MM 4ISB;0,;0,00;
191506ML;JTA CABE ACO INOX CUMMINS 6B/BT 5.9L;0,;185,19;
19151019ML;JTA CABE ACO INOX CUMMINS FORD F350 MTR ISF 2.8L 1;0,;322,69;
19151012ML2;JTA CABE ACO INOX CUMMINS ISDE QSB 4.5L;0,;565,92;
19151013ML2;JTA CABE ACO INOX CUMMINS ISDE QSB 6.7L 6CIL;0,;926,61;
19151020ML;JTA CABE ACO INOX CUMMINS ISF 3.8L;0,;419,24;
19151007ML;JTA CABE ACO INOX CUMMINS SERIE C 6C CT CTA CTAA 8;0,;453,18;
191507ML;JTA CABE ACO INOX CUMMINS SERIE C MTR 6CT8.3 6CTA;0,;407,86;
15155002ML2;JTA CABE ACO INOX DAIHATSU DELTA TOYOTA COASTER DY;0,;190,58;
15155002ML3;JTA CABE ACO INOX DAIHATSU DELTA TOYOTA COASTER DY;2,;385,53;B15_F.8
15155002ML1;JTA CABE ACO INOX DAIHATSU DELTA TOYOTA MTR 14B 3.;0,;190,58;
15153405ML2;JTA CABE ACO INOX DAKOTA CHEROKEE VOYAGER 2.5 8V;0,;309,33;
15153405ML3;JTA CABE ACO INOX DAKOTA VOYAGER CHEROKEE 2.5 8V;0,;330,95;
151534092ML;JTA CABE ACO INOX DODGE JOURNEY 2009/2012 CHYSLER;0,;971,07;
151534082ML;JTA CABE ACO INOX DODGE JOURNEY DURANGO CHALLENGER;1,;871,27;B15_D.4
1115124ML;JTA CABE ACO INOX EA-211 VW GOL SAVEIRO FOX VOYAGE;9,;76,44;11_C.4
141588ML;JTA CABE ACO INOX FIAT  ETORQ EVO 1.6 16V FIAT DOB;2,;105,04;14_B.5
141583ML;JTA CABE ACO INOX FIAT 500 PUNTO BRAVO LINEA 07/..;5,;113,07;14_D.5
141587ML;JTA CABE ACO INOX FIAT DOBLO GRAND SIENA IDEA PALI;0,;136,55;14_D.6
141589ML;JTA CABE ACO INOX FIAT DOBLO GRAND SIENA IDEA PALI;3,;137,73;14_E.1
141553ML;JTA CABE ACO INOX FIAT PALIO SIENA DOBLO FIRE 1.0;7,;44,67;14_C.4
141579ML;JTA CABE ACO INOX FIAT PALIO SIENA PUNTO IDEA DUBL;7,;79,86;14_C.5
141549ML;JTA CABE ACO INOX FIAT UNO SMART PALIO SIENA FIRE;0,;62,71;14_A.3
141590ML;JTA CABE ACO INOX FIATETORQ EVO FLEX 1.8 16V JEEP;0,;250,00;14_C.1
131543ML;JTA CABE ACO INOX FORD COURIER FIESTA PUMA MTR FHA;0,;274,79;
131592ML;JTA CABE ACO INOX FORD ECOSPORT 17/... KA KA+ 18/.;12,;99,00;13_D.6
131547ML;JTA CABE ACO INOX FORD ECOSPORT FIESTA COURIER ZET;4,;86,54;13_A.1
131580ML;JTA CABE ACO INOX FORD ENDEAVOUR EVEREST RANGER MA;0,;368,29;
1315932ML;JTA CABE ACO INOX FORD F250 256 4 2 24V V6;0,;1.449,09;
131581ML;JTA CABE ACO INOX FORD FIESTA ECO FOCUS FUSION PUM;5,;80,00;13_C.6
131545ML;JTA CABE ACO INOX FORD FIESTA ECOSPORT SUPERCHARGE;2,;74,66;13_A.2
131549ML;JTA CABE ACO INOX FORD FOCUS MONDEO ESCORT ZETEC 1;3,;145,62;13_B.9
131571ML;JTA CABE AÇO INOX FORD FOCUS MONDEO ZETEC 1.8 16V;0,;152,65;
131551ML;JTA CABE ACO INOX FORD FOCUS MONDEO ZETEC 2.0 16V;1,;223,38;13_B.6
131565ML;JTA CABE AÇO INOX FORD FOCUS MONDEO ZETEC 2.0 16V;0,;190,44;
131579ML;JTA CABE ACO INOX FORD FUSION 2.3 16V DURATEC;3,;198,06;13_A.9
131576ML;JTA CABE ACO INOX FORD FUSION 2016/... MOTOR ECOBO;2,;500,29;13_C.5
15156027ML3;JTA CABE ACO INOX FORD MAVERICK NISSAN CABSTAR FRO;0,;452,61;
131591ML;JTA CABE ACO INOX FORD MONDEO 2.5 24V;0,;752,41;
1315912ML;JTA CABE AÇO INOX FORD MONDEO MTR SEA 2.5 V6 24V;0,;908,74;
15156702ML;JTA CABE ACO INOX FORD PROBE MAZDA 323 626 MX-6 PR;0,;588,14;
131598ML;JTA CABE AÇO INOX FORD TERRITORY MTR DRAGON JX4G15;0,;202,15;
1215178ML;JTA CABE AÇO INOX GM CHEVROLET EQUINOX MTR 2.0 201;0,;617,70;
1215123ML;JTA CABE ACO INOX GM CORSA CELTA VHC ONIX  1.0 8V;11,;147,13;12_G.5
1215117ML;JTA CABE ACO INOX GM CORSA MERIVA MONTANA FIAT PAL;13,;111,10;12_E.5
1215136ML;JTA CABE ACO INOX GM CORSA PRISMA MONTANA OHC 1.4;20,;103,00;12_F.1
1215164ML;JTA CABE ACO INOX GM CRUZE TRACKER 1.8 SONIC 1.6;6,;171,77;12_E.4
1215170ML;JTA CABE ACO INOX GM CRUZER TRACKER MTR LE2 TURBO;3,;249,69;12_G.1
1215119ML;JTA CABE ACO INOX GM MERIVA FIAT STILO DOHC 1.8 16;4,;114,46;12_E.6
1215173ML;JTA CABE ACO INOX GM ONIX 2G 2020/... MTR 1.0 12V;2,;248,25;B15_B.7
1215167ML;JTA CABE ACO INOX GM S10 LCV ECOTEC SIDI DOHC VVT;3,;490,44;E15_B.9
1215163ML;JTA CABE ACO INOX GM TRACKER SUZUKI GRAND VITARA 2;2,;227,80;12_D.7
111511ML;JTA CABE ACO INOX GUIA 5.9 VW SANTANA GOL PARATI A;6,;191,03;11_A.2
111569ML;JTA CABE ACO INOX GUIA 8.0 VW GOLF VENTO PASSAT CO;2,;372,41;11_D.7
15156204ML;JTA CABE ACO INOX HONDA ACCORD MTR F20B3 F22B2 F22;2,;581,74;C15_F.5
15156206ML;JTA CABE ACO INOX HONDA ACCORD PRELUDE ROVER GROUP;0,;334,48;
15156211ML;JTA CABE ACO INOX HONDA CIVIC 1.6 16VAL VTEC B16A;0,;362,84;
15156207ML;JTA CABE ACO INOX HONDA CIVIC CITY CR-Z EX VTEC L1;8,;205,20;C15_D.1
1515171ML;JTA CABE ACO INOX HONDA CIVIC D17A8 Z2 Z3 1.7;5,;183,50;D15_B.9
15156210ML;JTA CABE ACO INOX HONDA CIVIC G10 CR-V 2017/... HR;2,;431,50;E15_B.6
15156201ML;JTA CABE AÇO INOX HONDA CR-V EDIX FR V STEPWAGON M;0,;259,48;
15156202ML;JTA CABE ACO INOX HONDA CR-V MTR B20B2 B20B3 B20Z1;1,;461,75;A15_D.7
1515169ML;JTA CABE ACO INOX HONDA FIT CITY JAZZ TWIN SPARK M;14,;250,78;D15_F.9
1515170ML;JTA CABE ACO INOX HONDA FIT VTEC L15A6 1.5 16 VAL;3,;250,78;B15_A.4
15155606ML2;JTA CABE ACO INOX HYUNDAI CENTENNIAL TERRACAN XG U;0,;204,62;
151556062ML;JTA CABE ACO INOX HYUNDAI CENTENNIAL TERRACAN XG U;0,;711,02;
15158001ML2;JTA CABE ACO INOX HYUNDAI COUPE SANTA FE SONATA TI;0,;580,02;
15158002ML;JTA CABE ACO INOX HYUNDAI ELANTRA MTR G4EK 1 5 12V;0,;464,04;
15158017ML;JTA CABE AÇO INOX HYUNDAI HB20 CRETA MTR G3LC F3LB;1,;298,20;B15_D.8
15158020ML;JTA CABE AÇO INOX HYUNDAI HB20 HB20S MTR KAPPA 1.0;0,;350,00;
15158015ML;JTA CABE ACO INOX HYUNDAI HB20 MTR G3LC F3LBG 1.0;17,;190,37;C15_B.8
15158008ML;JTA CABE AÇO INOX HYUNDAI I30 IX35 ELANTRA CRETA C;5,;343,34;11_F.7
15158001ML;JTA CABE ACO INOX HYUNDAI KIA IX35 SONATA MAGENTIS;1,;367,40;D15_A.5
15158005ML;JTA CABE ACO INOX HYUNDAI KIA IX35 SONATA MAGENTIS;0,;359,99;
15158006ML;JTA CABE ACO INOX HYUNDAI KIA SONATA SORENTO G4KE;5,;253,28;C15_C.4
15158003ML;JTA CABE ACO INOX HYUNDAI SANTA FE SONATA EF TRAJE;2,;849,12;C15_E.5
1515177ML;JTA CABE ACO INOX HYUNDAI TUCSON I30 KIA SPORTAGE;7,;140,98;B15_C.3
15156501ML;JTA CABE ACO INOX JEEP CHEROKEE COMANCHE WRANGLER;0,;738,99;
15153407ML;JTA CABE ACO INOX JEEP LIBERTY CHEROKEE EKG 3 7 24;0,;1.147,64;
151523ML;JTA CABE ACO INOX KIA BESTA GS BONGO K2700 2.7 DIE;3,;362,53;14_E.4
15155611ML;JTA CABE AÇO INOX KIA CERATO MTR 1.6 G4ED 2004 200;0,;223,65;
151511120;JTA CABE ACO INOX KIA SPORTAGE 2.0 TD 96/... MLS;0,;1.103,96;
151592ML;JTA CABE ACO INOX KIA SUZUKI SPORTAGE VITARA RF RF;3,;475,30;D15_D5
15153705ML;JTA CABE ACO INOX LAND ROVER EVOQUE DISCOVERY SPOR;0,;504,30;
15153707ML;JTA CABE ACO INOX LAND ROVER FREELANDER 2 VOLVO XC;0,;885,35;
151537042ML;JTA CABE ACO INOX LAND ROVER FREELANDER V6 HSE S S;0,;636,14;
15153704ML;JTA CABE ACO INOX LAND ROVER FREELANDER V6 HSE S S;0,;402,89;
15153701ML1;JTA CABE ACO INOX LAND ROVER RANGE ROVER SPORT DIC;0,;1.622,23;
15153701ML2;JTA CABE ACO INOX LAND ROVER RANGE ROVER SPORT DIC;0,;1.622,23;
15153701ML3;JTA CABE ACO INOX LAND ROVER RANGE ROVER SPORT DIC;0,;1.622,23;
15153701ML4;JTA CABE ACO INOX LAND ROVER RANGE ROVER SPORT DIC;0,;1.622,23;
15153701ML5;JTA CABE ACO INOX LAND ROVER RANGE ROVER SPORT DIC;0,;1.460,00;
1315931ML;JTA CABE ACO INOX LD FORD F250 256 4 2 24V V6;0,;374,19;
151580122ML;JTA CABE ACO INOX LD LE HYUNDAI VERACRUZ IX55 3.8;0,;668,65;
15155407ML;JTA CABE AÇO INOX LD LE MITISUBISH ECLIPSE MONTERO;0,;297,29;
15155402ML;JTA CABE AÇO INOX LD LE MITSUBISHI L200 TRITON MON;0,;361,90;
161538ML;JTA CABE ACO INOX LD MERCEDES C280 C240 C320 C32 A;0,;359,99;
1615361ML;JTA CABE ACO INOX LD MERCEDES ML 280 ML 320 GL 320;0,;402,60;
131593ML;JTA CABE ACO INOX LE FORD F250 256 4 2 24V V6;0,;374,19;
161536ML;JTA CABE ACO INOX LE MERCEDES ML 280 ML 320 GL 320;0,;402,60;
161544ML;JTA CABE ACO INOX M BENS AXOR 2035 2040 2044 2540;0,;191,70;
161545ML;JTA CABE ACO INOX M BENS MOTOR OM 457 OM457LA 24V;0,;185,74;
15153502ML;JTA CABE AÇO INOX M BENZ C250 E200 GLC300 C160 C18;0,;347,18;
19151101ML;JTA CABE ACO INOX MAN D0834 LFL LOH 4.6 16V 4CIL M;0,;115,64;
181529ML;JTA CABE ACO INOX MAXXFORCE MWM VOLVO B270F 13/...;0,;93,45;
15156701ML2;JTA CABE ACO INOX MAZDA 929 ANFINI M6 9 LUCE MPV C;0,;547,34;
151567012ML;JTA CABE AÇO INOX MAZDA 929 ANFINI M6 9 LUCE MPV C;0,;693,26;
15153501ML;JTA CABE ACO INOX MB A200 A250 B200 CLA200 CLA250;0,;346,48;
161531ML;JTA CABE ACO INOX MERCEDES ATEGO MOTOR OM 904 A LA;0,;723,42;
161532ML;JTA CABE ACO INOX MERCEDES ATEGO MOTOR OM 906 6 CI;0,;454,17;
1615381ML;JTA CABE ACO INOX MERCEDES C280 C240 C320 C32 AMG;0,;359,99;
16153002ML;JTA CABE AÇO INOX MERCEDES FURGÃO MTR OM651 311 31;0,;473,93;
161529ML;JTA CABE ACO INOX MERCEDES JEEP SPRINTER E 270 ML;0,;628,35;
161534ML;JTA CABE ACO INOX MERCEDES SLK200 CLK200 C200 CLC1;0,;697,04;
15155407ML2;JTA CABE ACO INOX MITISUBISH ECLIPSE MONTERO PAJER;0,;579,96;
151554072ML;JTA CABE ACO INOX MITISUBISH ECLIPSE MONTERO PAJER;0,;341,07;
15155418ML;JTA CABE AÇO INOX MITSUBISHI ECLIPSE CROSS MTR 4B4;0,;394,59;
151510990;JTA CABE ACO INOX MITSUBISHI LANCER 1.6 1.8 16 VAL;0,;1.078,07;
15155402ML2;JTA CABE ACO INOX MITSUBISHI MONTERO NATIVA MTR 6G;0,;500,72;
151554022ML;JTA CABE ACO INOX MITSUBISHI MONTERO NATIVA MTR 6G;0,;385,43;
15155408ML;JTA CABE ACO INOX MITSUBISHI OUTLANDER AIRTREK LAN;3,;559,47;D15_C.3
15155410ML;JTA CABE AÇO INOX MITSUBISHI OUTLANDER AIRTREK MTR;0,;372,75;
1515194ML;JTA CABE ACO INOX MITSUBISHI PAJERO IO 98/ TR4 FLE;3,;193,39;C15_D.5
1215164ML3;JTA CABE AÇO INOX MM GM SONIC 1.6 CRUZE TRACKER 1.;0,;469,56;
39150102ML;JTA CABE ACO INOX MOTOCICLETA HONDA C100 C100;0,;28,71;
39150105ML;JTA CABE ACO INOX MOTOCICLETA HONDA CB 300 HONDA;0,;25,61;
39150106ML;JTA CABE ACO INOX MOTOCICLETA HONDA CBX 250 TWISTE;0,;17,14;
39150117ML;JTA CABE AÇO INOX MOTOCICLETA HONDA CG 160 NXR 160;0,;25,70;
39150104ML;JTA CABE ACO INOX MOTOCICLETA HONDA CG CG BROS 150;0,;10,70;
39150104ML1;JTA CABE ACO INOX MOTOCICLETA HONDA CG CG BROS 150;0,;6,80;
39150107ML;JTA CABE ACO INOX MOTOCICLETA HONDA MOTOR - 400CC;0,;9,95;
39150108ML;JTA CABE ACO INOX MOTOCICLETA HONDA MOTOR - 400CC;0,;18,25;
39150201ML;JTA CABE ACO INOX MOTOCICLETA HONDA YAMAHA YBR 125;0,;11,81;
39150103ML;JTA CABE ACO INOX MOTOCICLETA MT HONDA CG 125 86/0;0,;9,10;
39150301ML;JTA CABE ACO INOX MOTOCICLETA SUZUKI MOTOR - 125CC;0,;11,59;
39150202ML;JTA CABE ACO INOX MOTOCICLETA YAMAHA MOTOR - 250;0,;30,76;
181523ML;JTA CABE ACO INOX MWM 4.10 6.10 X 10 4/6 CIL;0,;74,87;
181509ML;JTA CABE ACO INOX MWM D229 3/4/ 6 CIL;0,;57,55;
151558ML;JTA CABE ACO INOX MWM VOLARE A6 GM S10 BLAZER VW V;3,;356,69;D15_B.1
15156005ML;JTA CABE ACO INOX NISSAN BLUEBIRD LIVINA MARCH MIC;1,;166,10;D15_A.8
15156012ML;JTA CABE ACO INOX NISSAN FRONTIER 15/... MTR YS23;6,;246,33;A15_A.5
15156030ML3;JTA CABE ACO INOX NISSAN FRONTIER MTR QD32 3 2;0,;481,92;
1515190ML;JTA CABE ACO INOX NISSAN FRONTIER TD 2.7 8V 96MM;0,;492,43;
15156006ML;JTA CABE ACO INOX NISSAN MARCH VERSA HR12DE CVVTC;2,;192,29;C15_C.6
151507090;JTA CABE ACO INOX NISSAN PATHFINDER 2.5D 2.7D 1.20;0,;617,43;
151560ML;JTA CABE ACO INOX NISSAN SENTRA TIIDA VERSA LIVINA;2,;251,05;C15_C.2
191506ML1;JTA CABE ACO INOX Ø 106 1,70MM CUMMINS 6B 6BT 5.9L;0,;2.291,79;
19151006PK;JTA CABE ACO INOX Ø 106 CUMMINS 6B 6BT 5.9L;0,;308,48;
19151009ML1;JTA CABE ACO INOX Ø 107 1.15MM CUMMINS 6ISB 5.9L;0,;887,32;
19151009ML3;JTA CABE ACO INOX Ø 107 1.15MM CUMMINS 6ISB 5.9L A;3,;663,50;EM CIMA CARB
19151009ML2;JTA CABE ACO INOX Ø 107 1.25MM CUMMINS 6ISB 5.9L;0,;663,50;
19151008ML1;JTA CABE ACO INOX Ø 107MM 1,10MM CUMMINS ISB4 3.9;0,;484,93;
19151010ML3;JTA CABE ACO INOX Ø 109,5 1.18MM CUMMINS ISB6 QSB6;0,;4.028,00;
19151010ML2;JTA CABE ACO INOX Ø 109,5 1.25MM CUMMINS ISB6 QSB6;0,;3.625,17;
111523TML;JTA CABE ACO INOX Ø 84MM VW GOL SAVEIRO PARATI SAN;0,;245,60;
1215157ML;JTA CABE ACO INOX Ø 88.5MM GM VECTRA ELITE BLAZER;3,;146,95;12_D.8
121511ML;JTA CABE ACO INOX Ø 88MM GM MONZA KADETT IPANEMA O;4,;160,18;12_B.5
131573ML;JTA CABE ACO INOX Ø 89MM FORD ECOSPORT FOCUS MONDE;5,;198,06;13_B.2
1515189ML;JTA CABE ACO INOX Ø 89MM NISSAN FRONTIER PARTHFIND;1,;532,24;B15_F.7
161524ML;JTA CABE ACO INOX OM447 5CIL;0,;105,11;
12151602ML;JTA CABE ACO INOX PAR 90.0MM GM CAPTIVA OMEGA 2011;0,;279,23;
12151612ML;JTA CABE ACO INOX PAR 95.5MM GM CAPTIVA OMEGA TRAI;1,;340,83;12_E.8
1315942ML;JTA CABE ACO INOX PAR FORD FUSION SEL AMD 3.0 V6 2;0,;1.246,03;
151580072ML;JTA CABE ACO INOX PAR HYUNDAI SANTA FE G6BA 2.6 24;2,;1.123,09;B15_E.4
151580132ML;JTA CABE ACO INOX PAR HYUNDAI SANTA FE G6EA 2.6 24;5,;1.106,14;B15_C.9
151565042ML;JTA CABE ACO INOX PAR JEEP GRAND CHEROKEE TD EXL M;0,;1.029,75;
151565052ML;JTA CABE ACO INOX PAR JEEP GRAND CHEROKEE TD EXL M;0,;1.624,99;
151580182ML;JTA CABE AÇO INOX PAR LD LE KIA CARNIVAL SEDONA MT;0,;1.165,11;
1615382ML;JTA CABE ACO INOX PAR MERCEDES C280 C240 C320 C32;0,;1.172,20;
151550092ML;JTA CABE ACO INOX PAR TOYOTA AVALON XL XLS CAMRY M;0,;769,78;
15159601ML1;JTA CABE ACO INOX PEUGEOT 1.9 EM ACO 151596;0,;309,06;
1515134ML;JTA CABE ACO INOX PEUGEOT 206 307 PARTNER CITROEN;9,;125,47;D15_A.7
151587ML;JTA CABE ACO INOX RENAULT CLIO KANGOO LOGAN;5,;72,03;D15_B.2
151586ML;JTA CABE ACO INOX RENAULT CLIO KANGOO TWINGO D7D D;0,;70,52;
1515108ML;JTA CABE ACO INOX RENAULT LAGUNA MEGANE SCENIC F4P;3,;158,24;A15_F.1
1515179ML;JTA CABE ACO INOX RENAULT LOGAN SANDERO 1.6 8 VAL;3,;111,08;D15_F.3
15158601ML;JTA CABE ACO INOX RENAULT LOGAN SANDERO KWID SCE B;15,;241,72;E15_B.4
1515180ML;JTA CABE ACO INOX RENAULT MASTER III DCI M9T 2 3 1;3,;232,70;C15_E.3
1515175ML;JTA CABE ACO INOX RENAULT MASTER TRAFIC G9U 720 72;4,;252,06;B15_F.1
19151204ML;JTA CABE ACO INOX SCANIA MOTOR DN9, DS9, DSC9 - CA;0,;165,89;
19151219ML;JTA CABE ACO INOX SCANIA R142 T142 R143 T143 R144;0,;93,34;
201514190ML;JTA CABE ACO INOX SCANIA R142.T142.R143.T143 R144.;0,;66,31;
15158101ML;JTA CABE ACO INOX SMART FORTWO 132910 1 0 12V 3 CI;0,;414,29;
131592ML1;JTA CABE AÇO INOX SOB 0,75MM FORD ECOSPORT 17/... ;0,;350,00;
15158020ML1;JTA CABE AÇO INOX SOB 0,75MM HYUNDAI HB20 HB20S MT;0,;600,00;
1115118ML1;JTA CABE AÇO INOX SOB 0.90MM VW UP FOX VOYAGE GOL ;0,;300,00;
131590ML1;JTA CABE AÇO INOX SOB 1.00MM FORD KA KA+ NEW FIEST;10,;368,71;C15_F.1
131573ML2;JTA CABE AÇO INOX SOB 1.15MM FORD ECOSPORT FOCUS M;0,;411,06;
15153801ML;JTA CABE ACO INOX SSANGYONG ACTYON KYRON 2.0 16V;0,;441,17;
15153803ML;JTA CABE ACO INOX SSANGYONG REXTON KYRON D27 DT 2;0,;1.384,76;
15156804ML;JTA CABE AÇO INOX SUZUKI JIMNY 98/03 IGNIS SCROSS ;0,;368,39;
15155009ML;JTA CABE ACO INOX TOYOTA AVALON XL XLS CAMRY MTR 1;0,;541,55;
15155001ML;JTA CABE ACO INOX TOYOTA AVENSIS CAMRY CORONA PICN;3,;432,70;D15_A.2
151508210ML;JTA CABE ACO INOX TOYOTA CAMRY 2.5 2VZFE 3.0 3VZFE;0,;700,27;
15155006ML;JTA CABE ACO INOX TOYOTA CAMRY CELICA SOLARA MTR 5;0,;336,86;
1515153ML;JTA CABE ACO INOX TOYOTA COROLLA 92 02 1.8 16V DOH;3,;253,72;A15_D.4
1515146ML;JTA CABE ACO INOX TOYOTA COROLLA VVTI FILDER VVTI;3,;248,87;D15_D.8
15155016ML;JTA CABE ACO INOX TOYOTA ETIOS YARIS MTR 1NR-FE 1.;0,;358,77;C15_E.1
15155013ML;JTA CABE ACO INOX TOYOTA ETIOS YARIS MTR 2NR-FE DU;3,;247,20;C15_F.6
15155008ML;JTA CABE ACO INOX TOYOTA HILUX LANDCRUISER PRADO 2;5,;415,89;B15_B.1
15155011ML;JTA CABE ACO INOX TOYOTA HILUX PRADO LANDCRUISE 2T;0,;215,99;
1115122ML;JTA CABE ACO INOX VOLKWAGEN BORA JETTA NEW BEETLE;1,;636,31;E15_C.1
15153405ML1;JTA CABE ACO INOX VOYAGER DAKOTA CHEROKEE 2.5 8V;0,;330,95;
111595ML;JTA CABE ACO INOX VW AUDI A3 FOX GOL GOLF POLO 1.6;7,;60,69;11_E.7
1115125ML;JTA CABE ACO INOX VW GOL JETTA TSI AUDI A1 A3 1.4;2,;161,06;11_F.1
111525ML;JTA CABE ACO INOX VW GOL SAVEIRO PARATI AT VHT MI;7,;51,75;11_C.9
111565ML;JTA CABE ACO INOX VW GOL SAVEIRO PARATI SANTANA GO;5,;184,67;11_D.6
111523ML;JTA CABE ACO INOX VW GOL SAVEIRO PARATI SANTANA GO;0,;128,42;11_C.6
111573ML;JTA CABE ACO INOX VW GOLF MOTOR 2.0 ADC GTI MEXICA;7,;372,41;11_D.8
111579ML;JTA CABE ACO INOX VW GOLF SR BORA AUDI A3 A4 AEH A;3,;145,00;11_D.9
1115114ML;JTA CABE ACO INOX VW JETTA PASSAT GOLF NEW BEETLE;4,;210,08;11_B.1
1515154ML;JTA CABE ACO TOYOTA COROLLA PRIUS 2ZR-FE  12/..;3,;207,00;D15_C.1
111589ML;JTA CABE ACO VW GOLF BORA PASSAT 99/.. JETTA 10/..;6,;279,16;11_E.5
1115118ML;JTA CABE ACO VW UP 1.0 CHYA CHYB EA211 3 CIL 8V DO;0,;120,00;11_B.8
151534122PK;JTA CABE BASPACK  LD LE CHRYSLER GRAN CARAVAN EGA;0,;242,05;
1115116PK;JTA CABE BASPACK  VW GOLF JETTA PASSAT TIGUAN 1.8;3,;172,07;11_F.3
15158001PK;JTA CABE BASPACK 0.70MM HYUNDAI COUPE SANTA FE SON;2,;391,58;E15_E.6
15159605PK;JTA CABE BASPACK 0.75MM PEUGEOT CITROEN 208 C3 MTR;3,;127,70;B15_B.3
1515157PK3;JTA CABE BASPACK 0.95MM C RT TOYOTA HILUX 2005/...;0,;101,18;
151564PK3;JTA CABE BASPACK 0.95MM Ø 97MM TOYOTA HILUX TD 16V;0,;169,30;
151580092PK;JTA CABE BASPACK 1,20MM HYUNDAI AZERA SANTA FÉ KIA;1,;689,91;13_C.2
15156003PK3;JTA CABE BASPACK 1,20MM NISSAN FRONTIER PATHFINDER;3,;194,10;C15_C.7
151580042PK;JTA CABE BASPACK 1,2MM HYUNDAI KIA AZERA SANTA FE;2,;542,70;A15_C.7
15155605PK6;JTA CABE BASPACK 1,40MM HYUNDAI HR 13/... KIA SORE;0,;315,44;
1515155PK3;JTA CABE BASPACK 1.00MM TOYOTA HILUX 16V 2KD FTV T;0,;167,54;
1515157PK5;JTA CABE BASPACK 1.05MM Ø 97.5MM TOYOTA HILUX 2005;0,;73,16;
1515155PK5;JTA CABE BASPACK 1.10MM TOYOTA HILUX 16V 2KD FTV T;0,;169,30;
151564PK5;JTA CABE BASPACK 1.15MM Ø 97MM TOYOTA HILUX TD 16V;0,;169,30;
15155016PK;JTA CABE BASPACK 1.20MM 73.5MM TOYOTA ETIOS 04/16;4,;318,31;D15_E.5
151540PK1;JTA CABE BASPACK 1.20MM FIAT IVECO TURBO DAILY 2.8;0,;150,88;
1315872PK;JTA CABE BASPACK 1.20MM FORD EDGE 3.5 V6 24V 2008;0,;938,06;
131589PK1;JTA CABE BASPACK 1.20MM FORD RANGER FULL BR INTERC;0,;345,93;
15155605PK5;JTA CABE BASPACK 1.20MM HYUNDAI HR 13/... KIA SORE;0,;315,44;
131583PK3;JTA CABE BASPACK 1.20MM Ø 87MM FORD DURATORQ PUMA;2,;213,54;E15_A.5
131585PK3;JTA CABE BASPACK 1.20MM Ø 91MM FORD DURATORQ 2.4 1;0,;410,61;
151580072PK;JTA CABE BASPACK 1.20MM PAR HYUNDAI SANTA FÉ TUCSO;0,;736,03;
151580122PK;JTA CABE BASPACK 1.20MM PAR HYUNDAI VERACRUZ GENES;0,;636,62;
151554022PK;JTA CABE BASPACK 1.20MM PAR LD LE MITSUBISHI L200 ;0,;215,47;
151560022PK;JTA CABE BASPACK 1.20MM PAR LD LE NISSAN PATHFINDE;0,;283,97;
151554PK1;JTA CABE BASPACK 1.30MM 96MM MITSUBISHI PAJERO TDI;0,;139,99;B15_D.5
1215166PK3;JTA CABE BASPACK 1.30MM CTDI LTZ 2.8 4 CILS 16V DI;1,;310,12;12_F.4
151540PK2;JTA CABE BASPACK 1.30MM FIAT IVECO TURBO DAILY 2.8;0,;164,07;
1215166PK2;JTA CABE BASPACK 1.30MM GM S10 TRAIL BLAZER 12/...;0,;180,40;
15159608PK3;JTA CABE BASPACK 1.35MM 76.0MM PEUGEOT EXPERT CITR;2,;290,76;B15_E.9
151509PK1;JTA CABE BASPACK 1.35MM 92MM GM S10 BLAZER MB SPRI;0,;183,06;
131575PK1;JTA CABE BASPACK 1.37MM RANGER MOTOR HSD 2 8 POWER;1,;183,29;13_B.1
111509PK;JTA CABE BASPACK 1.40MM 1 FURO VW KOMBI 1.6 DIESEL;0,;81,55;
181523PK3;JTA CABE BASPACK 1.40MM 113.0MM MWM 4.10 6.10 X 10;0,;41,70;
15159603PK;JTA CABE BASPACK 1.40MM 76MM Ø PEUGEOT 208 2013/..;4,;129,64;C15_G.2
151554PK3;JTA CABE BASPACK 1.40MM 96MM MITSUBISHI PAJERO MON;0,;141,11;B15_D.5
151507PK;JTA CABE BASPACK 1.40MM ASIA TOPIC.;4,;120,30;C15_A.1
151540PK3;JTA CABE BASPACK 1.40MM FIAT IVECO TURBO DAILY 2.8;0,;387,10;
131589PK3;JTA CABE BASPACK 1.40MM FORD RANGER FULL BR INTERC;2,;330,09;13_D.2
121533PK;JTA CABE BASPACK 1.40MM GM MONZA KADETT IPANEMA AS;5,;86,54;12_E.3
1215166PK4;JTA CABE BASPACK 1.40MM GM S10 TRAIL BLAZER 12/...;0,;310,12;
15154001PK3;JTA CABE BASPACK 1.40MM IVECO 35S14 3.0 16V 2008/.;0,;233,70;E15_E
1515196PK;JTA CABE BASPACK 1.40MM MITSUBISHI MONTERO III PAJ;1,;291,43;E15_C.8
181507PK3;JTA CABE BASPACK 1.40MM MTR MWM D226 2/3/4/6CIL VA;0,;34,20;
181509PK3;JTA CABE BASPACK 1.40MM MTR MWM D229 3/4/6CIL;0,;39,09;
151596PK3;JTA CABE BASPACK 1.44MM PEUGEOT 205 306 309 405 PA;0,;132,88;
151511PK2;JTA CABE BASPACK 1.45MM 92.5MM H100 MITSUBISHI L20;4,;108,00;D15_D.1
151509PK2;JTA CABE BASPACK 1.45MM 92MM GM S10 BLAZER MB SPRI;0,;199,31;
151554PK4;JTA CABE BASPACK 1.45MM 96MM MITSUBISHI PAJERO TDI;3,;142,23;B15_D.5
151570PK;JTA CABE BASPACK 1.45MM MITSUBISHI L200 TD L300 PA;0,;127,69;
111509PK2;JTA CABE BASPACK 1.50MM 2 FURO VW KOMBI 1.6 DIESEL;0,;111,84;
151511PK3;JTA CABE BASPACK 1.50MM 92.5MM H100 MITSUBISHI L20;4,;168,87;D15_D.2
151540PK4;JTA CABE BASPACK 1.50MM FIAT IVECO TURBO DAILY 2.8;6,;218,69;
131589PK4;JTA CABE BASPACK 1.50MM FORD RANGER MTR POWER-STRO;0,;358,94;
151570PK1;JTA CABE BASPACK 1.50MM MITSUBISHI L200 TD L300 PA;0,;127,69;
151548PK1;JTA CABE BASPACK 1.53MM PEUGEOT 2300 504D XD2 0.79;0,;127,47;
151511PK4;JTA CABE BASPACK 1.55MM 92.5MM H100 MITSUBISHI L20;1,;115,38;D15_D.2
151570PK2;JTA CABE BASPACK 1.55MM MITSUBISHI L200 TD L300 PA;0,;127,69;
111509PK3;JTA CABE BASPACK 1.60MM 3 FURO VW KOMBI 1.6 DIESEL;0,;111,84;
151511PK5;JTA CABE BASPACK 1.60MM 92.5MM H100 MITSUBISHI L20;0,;115,38;D15_D.3
151509PK3;JTA CABE BASPACK 1.60MM 92MM GM S10 BLAZER MB SPRI;3,;193,47;E15_D.8
151544PK1;JTA CABE BASPACK 1.60MM FIAT DUCATO 2.5 INJ INDIRE;1,;150,88;B15_D.8
151570PK3;JTA CABE BASPACK 1.60MM MITSUBISHI L200 TD L300 PA;0,;127,69;
151548PK2;JTA CABE BASPACK 1.60MM PEUGEOT 2300 504D XD2 505T;0,;154,10;
131575PK3;JTA CABE BASPACK 1.60MM RANGER MOTOR HSD 2 8 POWER;2,;183,29;B15_A.8
151584PK;JTA CABE BASPACK 1.60MM RENAULT CLIO LAGUNA R19 R2;4,;111,67;D15_E.1
151505PK1;JTA CABE BASPACK 1.60MM RENAULT TRAFIC DIESEL.;0,;120,71;
151544PK2;JTA CABE BASPACK 1.70MM FIAT DUCATO 2.5 INJ INDIRE;0,;150,88;
151559PK1;JTA CABE BASPACK 1.70MM FORD F250 00/... GM SILVER;0,;587,37;
151558PK1;JTA CABE BASPACK 1.70MM MWM VOLARE A6 GM S10 BLAZE;0,;390,91;
151548PK3;JTA CABE BASPACK 1.70MM PEUGEOT 2300 504D XD2 0.89;0,;164,12;
151505PK2;JTA CABE BASPACK 1.70MM RENAULT TRAFIC DIESEL.;0,;120,71;
15153802PK;JTA CABE BASPACK 1.70MM SSANGYONG KORANDO OM 662 2;0,;302,70;
151544PK3;JTA CABE BASPACK 1.80MM FIAT DUCATO 2.5 INJ INDIRE;6,;387,10;
1515170PK18;JTA CABE BASPACK 1.80MM HONDA FIT CITY JAZZ VTEC L;0,;303,99;
15153707PK1;JTA CABE BASPACK 1.80MM LAND ROVER FREELANDER 2 VO;0,;927,59;
151548PK4;JTA CABE BASPACK 1.80MM PEUGEOT 2300 504D XD2 505T;0,;164,07;
151505PK3;JTA CABE BASPACK 1.80MM RENAULT TRAFIC DIESEL.;0,;120,72;
161506PK;JTA CABE BASPACK 100.00MM M BENS OM 352A 1316 1516;0,;124,23;
15155613PK;JTA CABE BASPACK 104,5MM KIA BONGO K3500 K3600 3.6;0,;315,44;
151523PK2;JTA CABE BASPACK 2 00MM KIA BESTA GS BONGO K2700 2;0,;132,22;
121511PK2;JTA CABE BASPACK 2 00MM Ø 88MM GM MONZA KADETT IPA;0,;125,65;
141501PK2;JTA CABE BASPACK 2 0MM FIAT 147 OGGI UNO PREMIO EL;0,;120,15;
151521PK2;JTA CABE BASPACK 2 0MM HW BESTA BONGO 2.2 8V;0,;131,27;
111589PK2;JTA CABE BASPACK 2 2 MM VW GOLF BORA PASSAT AQY AT;0,;229,53;
111519PK2;JTA CABE BASPACK 2 20 MM VW GOL FORD ESCORT HOBBY;0,;79,28;
111579PK2;JTA CABE BASPACK 2 2MM VW GOLF SR BORA AUDI A3 A4;0,;340,00;
1515146PK30;JTA CABE BASPACK 2 30MM TOYOTA COROLLA VVTI FILDER;6,;300,00;D15_D.9
151521PK4;JTA CABE BASPACK 2 50MM HW BESTA BONGO 2.2 8V;2,;266,73;D15_F.6
1515185PK30;JTA CABE BASPACK 2,2MM HONDA NEW CIVIC 2006/.. R18;2,;507,61;D15_F.5
15158601PK30;JTA CABE BASPACK 2,40MM RENAULT LOGAN SANDERO KWID;13,;300,00;13_D.4
111525PK30;JTA CABE BASPACK 2,40MM VW GOL SAV PAR AT MI POWER;21,;121,90;11_A.6
151505PK30;JTA CABE BASPACK 2,6 MM RENAULT TRAFIC DIESEL;0,;313,99;
151511PK30;JTA CABE BASPACK 2,8 MM 92.5MM H100 MITSUBISHI L20;6,;350,00;B15_E.5
111523PKTU;JTA CABE BASPACK 2.00MM 89.5MM VW GOL SAVEIRO PASS;0,;172,80;
151554PK5;JTA CABE BASPACK 2.00MM 96MM MITSUBISHI PAJERO TDI;2,;144,45;B15_D.5
131590PK30;JTA CABE BASPACK 2.00MM FORD KA KA+ NEW FIESTA ECO;28,;250,00;13_E.7
1215163PK30;JTA CABE BASPACK 2.00MM GM TRACKER SUZUKI GRAND VI;0,;450,00;
15153707PK2;JTA CABE BASPACK 2.00MM LAND ROVER FREELANDER 2 VO;0,;793,38;
131581PK30;JTA CABE BASPACK 2.2 MM FORD KA KA+ 14/... NEW FIE;12,;200,00;13_F.9
151525PK2;JTA CABE BASPACK 2.2 MM J2 BESTA 2.7 8V;0,;374,16;
1215119PK30;JTA CABE BASPACK 2.20 GM MERIVA FIAT STILO DOHC 1.;0,;143,24;
141549PK30;JTA CABE BASPACK 2.20 MM FIAT UNO SMART PALIO SIEN;90,;120,00;14_E.2
141503PK2;JTA CABE BASPACK 2.20MM FIAT UNO MILLE PALIO EX ED;0,;100,70;
141507PK22;JTA CABE BASPACK 2.20MM FIAT UNO PREMIO ELBA PALIO;0,;75,80;
1515146PK2;JTA CABE BASPACK 2.30MM TOYOTA COROLLA VVTI FILDER;0,;241,54;
141592PK30;JTA CABE BASPACK 2.40MM FIAT ARGO CRONOS MOBI UNO;4,;250,00;13_C.3.B
141593PK30;JTA CABE BASPACK 2.40MM FIAT ARGO MOBI UNO CRONOS;5,;300,00;14_B.7
141591PK30;JTA CABE BASPACK 2.40MM FIAT FREEMONT CHRYSLER DOD;4,;378,97;13_E.3.B
131592PK30;JTA CABE BASPACK 2.40MM FORD ECOSPORT 17/... KA KA;3,;250,00;13_D.6.B
1215173PK30;JTA CABE BASPACK 2.40MM GM ONIX 2G 20/... TRACKER;8,;404,50;A15_A.9
1515187PK30;JTA CABE BASPACK 2.40MM HYUNDAI HB20 HB20S I30 VEL;2,;300,00;13_E.8
1515186PK30;JTA CABE BASPACK 2.40MM INOX HYUNDAI HB20 KIA PICA;5,;266,13;12_F.6
131509PK30;JTA CABE BASPACK 2.4MM  FORD MAVERICK WILLYS 6 CIL;0,;290,84;
151544PK4;JTA CABE BASPACK 2.50MM FIAT DUCATO 2.5 INJ INDIRE;0,;112,21;
15153707PK3;JTA CABE BASPACK 2.50MM LAND ROVER FREELANDER 2 VO;0,;819,70;
1515165PK30;JTA CABE BASPACK 2.60 MM CITROEN C2 C3 2002/ PEUGE;12,;300,00;B15_A.2
141553PK30;JTA CABE BASPACK 2.60 MM FIAT PALIO SIENA DOBLO FI;17,;120,00;14_C.3
1215136PK30;JTA CABE BASPACK 2.60MM GM CORSA PRISMA MONTANA OH;0,;204,18;12_E.2
131573PK30;JTA CABE BASPACK 3 00 MM FORD ECOSPORT FOCUS MONDE;2,;328,56;13_F.1
131507PK30;JTA CABE BASPACK 3 00 MM FORD MAVERICK F100 F75 JE;0,;241,57;
121593PK30;JTA CABE BASPACK 3 00 MM GM CORSA 1 0 16V;2,;166,60;12_C.2
121517PK30;JTA CABE BASPACK 3 00 MM GM CORSA EFI MPFI OHC VHC;19,;120,00;12_B.7
121507PK30;JTA CABE BASPACK 3 00 MM GM OPALA CARAVAN CAMINHAO;0,;579,01;
1515159PK30;JTA CABE BASPACK 3 00 MM HONDA ACCORD VTEC MTR F18;2,;510,34;A15_F.4
151562PK30;JTA CABE BASPACK 3 00 MM HONDA CIVIC D15Z3 8 D16Z6;5,;342,20;D15_E.9
151566PK30;JTA CABE BASPACK 3 00 MM MITSUBISHI ECLIPSE SPACE;0,;603,65;
121511PK30;JTA CABE BASPACK 3 00 MM Ø 88MM GM MONZA KADETT IP;3,;115,80;12_B.4
151598PK30;JTA CABE BASPACK 3 00 MM PEUGEOT 306 406 CITROEN X;1,;431,84;B15_B.8
151587PK30;JTA CABE BASPACK 3 00 MM RENAULT CLIO KANGOO LOGAN;6,;250,00;C15_G.1
151586PK30;JTA CABE BASPACK 3 00 MM RENAULT CLIO KANGOO TWING;2,;122,00;B15_E.6
151574PK30;JTA CABE BASPACK 3 00 MM RENAULT CLIO R19 C3L 1.6;0,;281,75;
151578PK30;JTA CABE BASPACK 3 00 MM RENAULT CLIO TWINGO SUPER;0,;258,67;
1515153PK30;JTA CABE BASPACK 3 00 MM TOYOTA COROLLA 92 02 1.8;2,;325,35;D15_C.7
111595PK30;JTA CABE BASPACK 3 00 MM VW AUDI A3 FOX GOL GOLF P;31,;137,15;11_E.9
111579PK30;JTA CABE BASPACK 3 00 MM VW GOLF SR BORA AUDI A3 A;3,;354,84;11_E.2
111509PK30;JTA CABE BASPACK 3 00 MM VW KOMBI 1 6 DIESEL;1,;265,70;11_A.7
1515108PK30;JTA CABE BASPACK 3 00 RENAULT LAGUNA MEGANE SCENIC;0,;350,00;
1515141PK30;JTA CABE BASPACK 3 00MM CITROEN XSARA C5 HIP XSARA;2,;300,00;A15_E.3
151544PK30;JTA CABE BASPACK 3 00MM FIAT DUCATO 2.5 INJ INDIRE;0,;600,00;
151509PK30;JTA CABE BASPACK 3 00MM Ø 92MM GM S10 BLAZER MB SP;0,;491,98;
151548PK30;JTA CABE BASPACK 3 00MM PEUGEOT 2300 504D XD2 505T;0,;600,00;
1515114PK30;JTA CABE BASPACK 3 00MM RENAULT CLIO MEGANE SCENIC;0,;250,00;
151572PK30;JTA CABE BASPACK 3 00MM RENAULT CLIO R9 R11 R19 R2;0,;214,63;
15156006PK30;JTA CABE BASPACK 3,00MM NISSAN MARCH VERSA MTR HR1;3,;350,00;C15_B.9
121533PK30;JTA CABE BASPACK 3,00MM Ø 86MM GM MONZA KADETT IPA;0,;157,32;
151523PK30;JTA CABE BASPACK 3.00 KIA BESTA GS BONGO K2700 2.7;2,;600,00;A15_F.6
151592PK30;JTA CABE BASPACK 3.00 KIA SPORTEGE 2.0 2.2;2,;600,00;C15_D.3
15159603PK30;JTA CABE BASPACK 3.00 MM 76MM Ø PEUGEOT 208 2013/.;0,;300,00;
141573PK30;JTA CABE BASPACK 3.00 MM 81.0MM FIAT DOBLO BRAVA M;20,;281,08;14_B.4
141515PK30;JTA CABE BASPACK 3.00 MM 87.0MM FIAT PALIO SIENA B;2,;200,00;14_A.8
151508PK30;JTA CABE BASPACK 3.00 MM ASIA TOWNER 3CIL GAS.;0,;187,67;
151518PK30;JTA CABE BASPACK 3.00 MM EFFA TOWNER JUNIOR SUZUKI;0,;341,00;
141501PK30;JTA CABE BASPACK 3.00 MM FIAT 147 OGGI UNO PREMIO;0,;270,63;
141587PK30;JTA CABE BASPACK 3.00 MM FIAT DOBLO GRAND SIENA ID;2,;200,00;A15_D.8
151540PK30;JTA CABE BASPACK 3.00 MM FIAT DUCATO 2.5 INJ INDIR;0,;600,00;
141505PK30;JTA CABE BASPACK 3.00 MM FIAT ELBA PREMIO UNO ARGE;0,;137,27;
141557PK30;JTA CABE BASPACK 3.00 MM FIAT MAREA 2.0 2.4 20V 5;0,;355,42;
141565PK30;JTA CABE BASPACK 3.00 MM FIAT MAREA BRAVA 1.8 16V;0,;316,97;
141579PK30;JTA CABE BASPACK 3.00 MM FIAT PALIO SIENA PUNTO ID;15,;120,00;14_E.8
141511PK30;JTA CABE BASPACK 3.00 MM FIAT TEMPRA TIPO 2.0 8 E;0,;200,00;
141503PK30;JTA CABE BASPACK 3.00 MM FIAT UNO MILLE PALIO EX E;5,;120,00;14_D.4
141507PK30;JTA CABE BASPACK 3.00 MM FIAT UNO PREMIO ELBA PALI;2,;158,13;14_A.6
131547PK30;JTA CABE BASPACK 3.00 MM FORD ECOSPORT FIESTA COUR;25,;120,00;13_C.7
131505PK30;JTA CABE BASPACK 3.00 MM FORD ESCORT DEL REY VW GO;0,;120,00;13_A.6
131543PK30;JTA CABE BASPACK 3.00 MM FORD FIESTA COURIER ZETEC;1,;201,27;
131545PK30;JTA CABE BASPACK 3.00 MM FORD FIESTA ECOSPORT SUPE;2,;120,00;13_B.7
131511PK30;JTA CABE BASPACK 3.00 MM FORD FIESTA KA COURIER EN;0,;137,27;
131513PK30;JTA CABE BASPACK 3.00 MM FORD FIESTA KA ENDURA NAC;0,;138,16;
131549PK30;JTA CABE BASPACK 3.00 MM FORD FOCUS MONDEO ESCORT;0,;295,95;
131551PK30;JTA CABE BASPACK 3.00 MM FORD FOCUS MONDEO ZETEC 2;0,;300,00;
131579PK30;JTA CABE BASPACK 3.00 MM FORD FUSION 2.3 16V DURAT;0,;349,92;
131582PK30;JTA CABE BASPACK 3.00 MM FORD RANGER FUSION 2013/.;2,;737,17;13_D.7
121501PK30;JTA CABE BASPACK 3.00 MM GM CHEVETTE MARAJO ALC GA;2,;233,26;12_B.2
121599PK30;JTA CABE BASPACK 3.00 MM GM CORSA 1.6 16V.;2,;183,53;12_C.4
121521PK30;JTA CABE BASPACK 3.00 MM GM CORSA EFI MPFI 1.6 1.8;20,;105,14;12_B.8
121505PK30;JTA CABE BASPACK 3.00 MM GM OPALA 90 CARAVAN 151 A;2,;160,01;C15_A.2
15156207PK30;JTA CABE BASPACK 3.00 MM HONDA CIVIC CITY CR-Z EX;3,;353,01;C15_G.4
1515169PK30;JTA CABE BASPACK 3.00 MM HONDA FIT CITY JAZZ TWIN;4,;478,74;D15_F.7
15151087PK30;JTA CABE BASPACK 3.00 MM JEEP CHEROKEE 4 0 MOTOR 2;0,;617,07;
151521PK30;JTA CABE BASPACK 3.00 MM KIA BESTA 2.2 DIESEL.;6,;600,00;C15_D.4
1515194PK30;JTA CABE BASPACK 3.00 MM MITSUBISHI PAJERO IO 98/.;3,;400,00;C15_E.7
151560PK30;JTA CABE BASPACK 3.00 MM NISSAN SENTRA TIIDA VERSA;2,;400,00;12_F.7
1515100PK30;JTA CABE BASPACK 3.00 MM PEUGEOT 306 405 GRI SRI S;1,;325,22;B15_6.D
1515120PK30;JTA CABE BASPACK 3.00 MM PEUGEOT 306 406 CITROEN X;0,;338,32;
1515179PK30;JTA CABE BASPACK 3.00 MM RENAULT LOGAN SANDERO 1 6;3,;250,00;A15_D.6
151502PK30;JTA CABE BASPACK 3.00 MM RENAULT TRAFIC GAS.;0,;352,08;
111519PK30;JTA CABE BASPACK 3.00 MM VW GOL FORD ESCORT HOBBY;3,;270,63;11_C.1
111523PK30;JTA CABE BASPACK 3.00 MM VW GOL SAVEIRO PASSAT SAN;3,;124,95;11_C.8
111589PK30;JTA CABE BASPACK 3.00 MM VW GOLF BORA PASSAT AQY A;0,;244,15;
111501PK30;JTA CABE BASPACK 3.00 MM VW PASSAT GOL VOYAGE LS M;0,;163,35;
111503PK30;JTA CABE BASPACK 3.00 MM VW PASSAT TS VOYAGE MTR M;-3,;131,04;
111511PK30;JTA CABE BASPACK 3.00 MM VW SANTANA GOL PARATI AP;2,;134,09;11_F.6
1515177PK30;JTA CABE BASPACK 3.00MM  HYUNDAI TUCSON I30 KIA SP;0,;450,00;B15_C.2
141588PK30;JTA CABE BASPACK 3.00MM FIAT DOBLO GRAND SIENA IDE;0,;175,95;
1515170PK30;JTA CABE BASPACK 3.00MM HONDA FIT CITY JAZZ VTEC L;4,;478,74;B15_A.5
15156502PK30;JTA CABE BASPACK 3.00MM JEPP CHEROKEE GRAND CHEROK;0,;617,09;
15156005PK30;JTA CABE BASPACK 3.00MM RENAULT CAPTUR DUSTER DUST;2,;350,00;C15_E.9
151584PK30;JTA CABE BASPACK 3.00MM RENAULT CLIO LAGUNA R19 R2;0,;338,59;
1515118PK30;JTA CABE BASPACK 3.00MM RENAULT MEGANE SCENIC LAGU;6,;300,00;B15_C.7
1515106PK30;JTA CABE BASPACK 3.00MM TOYOTA COROLLA 1.6 4AFE 1.;1,;300,00;D15_A.1
1515171PK30;JTA CABE BASPACK 3MM HONDA CIVIC D17A8 Z2 Z3 1.7;3,;342,20;D15_B.8
1515104PK30;JTA CABE BASPACK 3MM SUZUKI SWIFT ESCUDO VITARA SI;0,;482,69;
131543PK;JTA CABE BASPACK 77 Ø FORD FIESTA COURIER ZETEC 1.;20,;71,35;13_F.7
141573PK;JTA CABE BASPACK 81.0MM FIAT DOBLO BRAVA MAREA PAL;4,;123,67;14_B.3
111583PK;JTA CABE BASPACK 83.5 VW PASSAT GOLF BORA SHARA AU;5,;134,15;11_E.4
1515193PK3;JTA CABE BASPACK 88.50MM FIAT DUCATO MULTIJET JTD;0,;185,53;
15155403PK;JTA CABE BASPACK 92.0MM MITSUBISHI PAJERO SPORT 99;0,;184,38;
161504PK;JTA CABE BASPACK 98.50MM M BENS OM 311 1111 352 11;0,;116,09;
1515105PK;JTA CABE BASPACK ALFA ROMEO 164 V6 12V;0,;362,37;
1515107PK;JTA CABE BASPACK ALFA ROMEO 164 V6 24V;0,;402,65;
15151072PK;JTA CABE BASPACK ALFA ROMEO 2.5 3.0 3.2 156 164 16;0,;509,99;
151508PK;JTA CABE BASPACK ASIA TOWNER 3CIL GAS;2,;43,98;D15_A.3
1115121PK;JTA CABE BASPACK AUDI A1 A3 A5 A6 TT Q3 VW GOLF JE;0,;207,30;
151510390;JTA CABE BASPACK BMW 318IS 1.8 16VAL 316 1.6 518 3;0,;324,83;
17150102PK;JTA CABE BASPACK CASE SR175 SR150 SV185 410III 420;0,;535,76;
15158307PK;JTA CABE BASPACK CHERY ARIZZO 5 6 TIGGO 5X TIGGO 7;2,;146,02;D15_A.9.D
15158305PK;JTA CABE BASPACK CHERY CELER TIGGO 12/... SQR477F;0,;68,67;
15158303PK;JTA CABE BASPACK CHERY CIELO TIGGO MTR SPR484F 1.6;3,;186,75;C15_F.2
15158302PK;JTA CABE BASPACK CHERY FACE S18 MTR 1.3 SQR473 L4;2,;153,39;C15_C.1
15158304PK;JTA CABE BASPACK CHERY QQ MTR SQR371F 1.0 12V 2016;2,;142,10;B15_E.1
1515682PK;JTA CABE BASPACK CHEVROLET TRACKER SUZUKI ESCUDO G;0,;192,07;
15155401PK;JTA CABE BASPACK CHRYSLER CARAVAN DAYTONA DODGE CA;0,;167,81;
15153406PK;JTA CABE BASPACK CHRYSLER CHEROKEE DAKOTA 5.2 V8 1;0,;928,09;
141591PK;JTA CABE BASPACK CHRYSLER DODGE FIAT JEEP  FREEMON;4,;364,21;14_E.6
151510960;JTA CABE BASPACK CHRYSLER NEON CIRRUS STRATUS MITS;0,;457,01;
131513PK;JTA CABE BASPACK CILINDRO OVAL FORD FIESTA KA ENDU;3,;50,25;13_C.1
1515165PK;JTA CABE BASPACK CITR C3 02/ PEUGEOT 206 1.4 1.5 8;14,;85,15;B15_A.1
1515140PK;JTA CABE BASPACK CITROEN AZ10 ZX SAXO C15 PEUG 106;0,;198,24;
1515141PK;JTA CABE BASPACK CITROEN XSARA C5 HIP XSARA PICASS;5,;88,61;A15_E.1
15153403PK2;JTA CABE BASPACK CRYSLER RAM VAN DODGE RAM PICK UP;0,;859,85;
15153403PK;JTA CABE BASPACK CRYSLER RAM VAN DODGE RAM PICK UP;0,;170,09;
191506PK;JTA CABE BASPACK CUMMINS 6B/BT 5.9L;0,;281,06;
191510PK;JTA CABE BASPACK CUMMINS ISC 6C;0,;795,77;
19151011PK;JTA CABE BASPACK CUMMINS ISCE QSL 8.3L ISLE 8.9L 6;0,;217,75;
19151014PK;JTA CABE BASPACK CUMMINS M11 L10;0,;1.412,73;
19151004PK;JTA CABE BASPACK CUMMINS SERIE B 4B BTA 3.9L 8V DI;0,;230,59;
19151007PK;JTA CABE BASPACK CUMMINS SERIE C 6C CT CTA CTAA 8.;0,;420,72;
191507PK;JTA CABE BASPACK CUMMINS SERIE C MTR 6CT8.3 6CTA 8;0,;258,20;
1315531PK;JTA CABE BASPACK DIR FORD RANGER EXPLORE OHV GAS V;0,;107,30;
151534092PK;JTA CABE BASPACK DODGE JOURNEY 2009/2012 CHYSLER S;0,;464,85;
151534082PK;JTA CABE BASPACK DODGE JOURNEY DURANGO CHALLENGER;2,;758,51;C15_A.4
151518PK;JTA CABE BASPACK EFFA TOWNER JUNIOR SUZUKI SJ410 J;4,;154,48;B15_D.1
15156707PK;JTA CABE BASPACK EMPILHADEIRA MAZDA F2 YALE 2.0 2.;1,;105,26;C15_F.9
131553PK;JTA CABE BASPACK ESQ FORD RANGER EXPLORE OHV GAS V;20,;107,30;13_F.7
141588PK;JTA CABE BASPACK FIAT  ETORQ EVO 1.6 16V FIAT DOBL;1,;121,29;14_F.1
141501PK;JTA CABE BASPACK FIAT 147 OGGI UNO PREMIO ELBA 105;58,;41,70;
141587PK;JTA CABE BASPACK FIAT DOBLO GRAND SIENA IDEA PALIO;6,;119,86;14_B.2
141589PK;JTA CABE BASPACK FIAT DOBLO GRAND SIENA IDEA PALIO;8,;119,86;14_D.3
141505PK;JTA CABE BASPACK FIAT ELBA PREMIO UNO ARGENTINO AL;2,;53,44;14_A.4
141519PK;JTA CABE BASPACK FIAT FIORINO UNO 1.3 DIESEL;0,;181,86;
141557PK;JTA CABE BASPACK FIAT MAREA 2.0 2.4 20V 5 CIL TURB;3,;95,63;14_D.1
141565PK;JTA CABE BASPACK FIAT MAREA BRAVA 1.8 16V 00/...AL;5,;87,28;14_E.7
141553PK;JTA CABE BASPACK FIAT PALIO SIENA DOBLO FIRE 1.0 1;11,;50,25;14_C.2
141583PK;JTA CABE BASPACK FIAT PUNTO IDEA BRAVO LINEA 07/..;2,;88,95;14_D.5
141511PK;JTA CABE BASPACK FIAT TEMPRA TIPO 2.0 8 E 16V;1,;61,71;14_D.8
141597PK;JTA CABE BASPACK FIAT TORO JEEP COMPASS RENEGADE M;3,;391,80;13_E.5
141503PK;JTA CABE BASPACK FIAT UNO MILLE PALIO EX EDX EP NA;23,;59,06;14_A.2
141507PK;JTA CABE BASPACK FIAT UNO PREMIO ELBA PALIO ARGENT;3,;51,65;14_A.5
141507PKVT;JTA CABE BASPACK FIAT UNO PREMIO ELBA PALIO ARGENT;0,;32,44;
141590PK;JTA CABE BASPACK FIATETORQ EVO FLEX 1.8 16V JEEP R;8,;108,67;14_B.1
171526PK;JTA CABE BASPACK FORD CARGO 6.6 7.8 11-86 SIMPLES;0,;103,94;
131517PK;JTA CABE BASPACK FORD CORCEL BELINA II ALC GAS 1.4;69,;37,10;
151501PK;JTA CABE BASPACK FORD DODGE POLARA 1.8 73/...;0,;60,50;
131592PK;JTA CABE BASPACK FORD ECOSPORT 17/... KA KA+ 18/..;8,;139,35;13_E.9
131547PK;JTA CABE BASPACK FORD ECOSPORT FIESTA COURIER ZETE;6,;45,46;13_C.9
131573PK;JTA CABE BASPACK FORD ECOSPORT FOCUS MONDEO RANGER;4,;110,95;13_C.3
131505PK;JTA CABE BASPACK FORD ESCORT DEL REY VW GOL SAVEIR;5,;36,69;13_C.8
171529PK;JTA CABE BASPACK FORD F1N 5630 6630 7630 442;0,;157,09;
1515191PK;JTA CABE BASPACK FORD FALCON F100 FAIRLINE  3.6 6C;0,;240,87;
131545PK;JTA CABE BASPACK FORD FIESTA ECOSPORT SUPERCHARGER;32,;45,46;13_B.5
131511PK;JTA CABE BASPACK FORD FIESTA KA COURIER ENDURA NAC;4,;55,00;13_F.8
131549PK;JTA CABE BASPACK FORD FOCUS MONDEO ESCORT ZETEC 1.;9,;63,60;13_A.8
131551PK;JTA CABE BASPACK FORD FOCUS MONDEO ZETEC 2.0 16V;2,;73,54;13_B.8
131576PK;JTA CABE BASPACK FORD FUSION 2016/... MOTOR ECOBOO;0,;409,38;
131507PK;JTA CABE BASPACK FORD MAVERICK F100 F75 JEEP UTILI;3,;70,25;13_A.4
131509PK;JTA CABE BASPACK FORD MAVERICK WILLYS 6 CIL GAS;4,;106,95;13_A.5
171522PK;JTA CABE BASPACK FORD MICRO ONIBUS FB 400 F2000 F4;0,;117,11;
131581PK;JTA CABE BASPACK FORD NEW FIESTA ECOSPORT 10/.. FO;0,;80,33;13_C.4
131586PK3;JTA CABE BASPACK FORD RANGER 13/... TROLLER - T4 M;0,;325,11;E15_E
131582PK;JTA CABE BASPACK FORD RANGER FUSION 2013/...MTR 2.;3,;307,15;13_B.3
131598PK;JTA CABE BASPACK FORD TERRITORY MTR DRAGON JX4G15;0,;141,67;
131561PK;JTA CABE BASPACK FORD WINDSTAR MTR 0 3.0 12V;0,;425,50;
131561PK2;JTA CABE BASPACK FORD WINDSTAR MTR 0 3.0 12V;0,;352,30;
15155406PK;JTA CABE BASPACK GALANT LANCER 1.8 16V;0,;167,90;
121523PK;JTA CABE BASPACK GM C10 CHEVROLET BRASIL 261 GAS 6;3,;98,67;12_A.5
12150120PK;JTA CABE BASPACK GM CHEVETTE C PISTAO MONZA 2.0;0,;582,18;
121503PK;JTA CABE BASPACK GM CHEVETTE JUNIOR GAS 1.0;8,;39,10;12_B.3
121501PK;JTA CABE BASPACK GM CHEVETTE MARAJO ALC GAS 1.4 1.;0,;45,22;12_B.1
121593PK;JTA CABE BASPACK GM CORSA 1.0 16V;7,;47,76;12_C.3
121599PK;JTA CABE BASPACK GM CORSA 1.6 16V;3,;48,94;12_C.5
121521PK;JTA CABE BASPACK GM CORSA EFI MPFI 1.6 1.8 8V 94/.;19,;40,45;12_D.1
121517PK;JTA CABE BASPACK GM CORSA EFI MPFI OHC VHC 1.0 8V;17,;40,45;12_C.1
1215136PK;JTA CABE BASPACK GM CORSA PRISMA MONTANA OHC 1.4 G;20,;60,00;12_E.1
1215119PK;JTA CABE BASPACK GM MERIVA FIAT STILO DOHC 1.8 16;3,;118,95;12_D.2
121509PK;JTA CABE BASPACK GM MONZA ALC GAS 1.6 82/86;3,;40,66;12_A.4
121513PK;JTA CABE BASPACK GM MONZA KADETT IPANEMA OMEGA S10;0,;66,30;
1215121PK;JTA CABE BASPACK GM OMEGA A CIH 6CIL 3.0 12V;15,;251,50;12_A.3
1215169PK;JTA CABE BASPACK GM OMEGA CALIBRA 2.5 24V;0,;778,86;
1215167PK;JTA CABE BASPACK GM OMEGA CALIBRA 2.5 24V;2,;403,06;B15_F.2
1215115PK;JTA CABE BASPACK GM OMEGA SILVERADO 6CIL 4.1 89/..;0,;86,82;
1215173PK;JTA CABE BASPACK GM ONIX 2G 20/... TRACKER MTR ECO;5,;156,22;13_D.5
121505PK;JTA CABE BASPACK GM OPALA 90 CARAVAN 151 ALC GAS 7;5,;56,40;12_A.2
121507PK;JTA CABE BASPACK GM OPALA CARAVAN CAMINHAO C10 380;4,;78,67;12_A.1
1215105PK;JTA CABE BASPACK GM S10 BLAZER VORTEC GAS V6 4.3;5,;100,70;12_C.6
111569PK;JTA CABE BASPACK GUIA 8 0 VW GOLF VENTO PASSAT COR;0,;77,45;
151532PK;JTA CABE BASPACK GURGEL BR 800 SUPER MINI;0,;63,10;
151593100;JTA CABE BASPACK HONDA ACCORD 2.0 2.2 16 VAL F18B2;0,;397,67;
1515159PK;JTA CABE BASPACK HONDA ACCORD VTEC MTR F18B2 F18B3;0,;212,65;
15156207PK;JTA CABE BASPACK HONDA CIVIC CITY CR-Z EX  VTEC L1;8,;113,94;C15_D.2
151562PK;JTA CABE BASPACK HONDA CIVIC D15Z3 8 D16Z6 7 9 D16;8,;135,39;D15_E.7
1515171PK;JTA CABE BASPACK HONDA CIVIC D17A8 Z2 Z3 1.7 16V;4,;80,86;D15_B.7
1515169PK;JTA CABE BASPACK HONDA FIT CITY JAZZ TWIN SPARK MT;4,;119,14;D15_F.8
1515170PK;JTA CABE BASPACK HONDA FIT CITY JAZZ VTEC L15A1 L1;6,;165,32;B15_A.6
1515185PK;JTA CABE BASPACK HONDA NEW CIVIC 2006/.. R18A1 R18;3,;114,10;C15_E.2
1515187PK;JTA CABE BASPACK HYUNDAI HB20 I30 VELOSTER KIA SOU;3,;100,71;C15_A.3
15158008PK;JTA CABE BASPACK HYUNDAI I30 ELANTRA CRETA 13/...;4,;316,77;E15_C.10
1515177PK;JTA CABE BASPACK HYUNDAI I30 TUCSON ELANTRA KIA CE;4,;136,67;B15_C.4
15158003PK;JTA CABE BASPACK HYUNDAI SANTA FE SONATA EF TRAJET;0,;320,20;13_F.3
15158006PK;JTA CABE BASPACK HYUNDAI TUCSON SONATA KIA SORENTO;0,;194,44;
1115117PK1;JTA CABE BASPACK INOX 1,45MM AMAROK 2.0 4CIL 16V M;0,;270,12;
1115117PK2;JTA CABE BASPACK INOX 1,50MM AMAROK 2.0 4CIL 16V M;2,;212,39;11_F.5
1115117PK3;JTA CABE BASPACK INOX 1,55M AMAROK 2.0 4CIL 16V MT;2,;212,39;11_B.7
1115117PK4;JTA CABE BASPACK INOX 1,70M AMAROK 2.0 4CIL 16V MT;0,;288,66;
1115117PK5;JTA CABE BASPACK INOX 2,00MM AMAROK 2.0 4CIL 16V M;0,;332,24;
1515186PK;JTA CABE BASPACK INOX HYUNDAI HB20 KIA PICANTO 1.0;6,;98,67;C15_F.8
15158501PK;JTA CABE BASPACK JAC J2 J3 J5 4A90 VVT 1.4 1.5 16V;0,;263,60;C15_B.7
15156502PK;JTA CABE BASPACK JEPP CHEROKEE GRAND CHEROKEE MTR;0,;410,17;
15150701PK;JTA CABE BASPACK JIMBEI TOPIC TOYOTA EMPILHADEIRA;3,;76,01;E15_B.1
151521PK;JTA CABE BASPACK KIA BESTA 2.2 DIESEL;2,;171,80;D15_A.9
151525PK;JTA CABE BASPACK KIA BESTA DIESEL 2.7 .../97;3,;78,21;B15_B.9
151556PK;JTA CABE BASPACK KIA BESTA GS 3.0 GRANDE;0,;100,80;
151523PK;JTA CABE BASPACK KIA BESTA GS BONGO K2700 2.7 DIES;8,;118,69;B15_F.5
151510160;JTA CABE BASPACK KIA CARNIVAL SEDONA 2.5 KRV6 V6 2;0,;984,95;
151595PK;JTA CABE BASPACK KIA CLARUS MAZDA 626 CAPELLA MTR;0,;230,22;
151592PK;JTA CABE BASPACK KIA SPORTEGE 2.0 2.2;6,;145,89;C15_D.7
15153102PK;JTA CABE BASPACK LADA ALEKO FORMAN SAGONA SAMARA V;0,;173,30;
151531PK;JTA CABE BASPACK LADA ALEKO NIVA 2121 VAZ 21011 VA;0,;117,44;
15153103PK;JTA CABE BASPACK LADA NIVA 21213 VAZ 21213 MTR OHC;0,;123,84;
15153707PK;JTA CABE BASPACK LAND ROVER FREELANDER 2 VOLVO XC6;0,;773,66;
15153704PK;JTA CABE BASPACK LAND ROVER FREELANDER HSESE 03/07;0,;357,63;
151537042PK;JTA CABE BASPACK LAND ROVER FREELANDER V6 HSE S SE;0,;564,67;
15155407PK;JTA CABE BASPACK LD LE MITISUBISH ECLIPSE MONTERO;0,;237,85;
15155402PK;JTA CABE BASPACK LD LE MITSUBISHI L200 TRITON MONT;0,;202,31;
161535PK;JTA CABE BASPACK LE MERCEDES E200 C200 SLK200 E200;0,;548,50;
15158306PK;JTA CABE BASPACK LIFAN 530 MTR LF479Q2B 1.5 16V;4,;185,41;C15_C.9
151535PK;JTA CABE BASPACK M BENS 120D 130D 140D 150D 170D 1;0,;200,51;
161520PK;JTA CABE BASPACK M BENS 1214L 1214LK 1418L 1618L 1;0,;104,52;
161546PK;JTA CABE BASPACK M BENS 300SE C280 CLK320 E280 ML3;0,;471,45;
15153501PK;JTA CABE BASPACK M BENS A200 A250 B200 CLA200 CLA2;0,;312,73;
161510PK;JTA CABE BASPACK M BENS OM314 L608D INJECAO DIRETA;0,;116,61;
161522PK;JTA CABE BASPACK M BENS OM314 L608D OM364;0,;105,43;
15153902PK;JTA CABE BASPACK MAHINDRA PICK-UP 13/... MTR 2.2 E;0,;267,39;
15153901PK;JTA CABE BASPACK MAHINDRA SCORPIO PICK-UP SUV 2.6;0,;259,67;
15156703PK;JTA CABE BASPACK MAZDA MX 3 MX 5 XEDOS 6 MTR B6ZE;0,;279,88;
15153502PK;JTA CABE BASPACK MERCEDES BENZ C250 E200 GLC300 C1;0,;500,61;
1515214PK;JTA CABE BASPACK MERCEDES CLASSE A 140 160;0,;248,18;
1515219PK;JTA CABE BASPACK MERCEDES CLASSE A 190;0,;248,18;
161529PK;JTA CABE BASPACK MERCEDES JEEP SPRINTER E 270 ML 2;1,;553,06;
161534PK;JTA CABE BASPACK MERCEDES SLK200 CLK200 C200 CLC18;0,;485,76;
151566PK;JTA CABE BASPACK MITSUBISHI ECLIPSE SPACE WAGON DO;0,;251,50;
15155404PK;JTA CABE BASPACK MITSUBISHI MONTERO PAJERO MTR 4M4;0,;184,55;
15155404PK3;JTA CABE BASPACK MITSUBISHI MONTERO PAJERO MTR 4M4;0,;321,62;
151554162PK;JTA CABE BASPACK MITSUBISHI OUTLANDER MTR 6B31 3.0;0,;303,98;
15155416PK;JTA CABE BASPACK MITSUBISHI OUTLANDER MTR 6B31 3.0;2,;142,71;C15_G.5
151509653;JTA CABE BASPACK MITSUBISHI PAJERO 2.8D 1.30MM.;0,;812,20;
151509561;JTA CABE BASPACK MITSUBISHI PAJERO 2.8D 1.40MM.;0,;213,45;
15155401PK2;JTA CABE BASPACK MITSUBISHI PAJERO 3.0 V6 12V;0,;309,96;
151554012PK;JTA CABE BASPACK MITSUBISHI PAJERO 3.0 V6 12V;0,;292,11;
1515194PK;JTA CABE BASPACK MITSUBISHI PAJERO IO 98/.. TR4 02;3,;140,68;C15_E.6
151554032PK;JTA CABE BASPACK MITSUBISHI PAJERO SPORT 99/05 300;0,;196,37;
39150106PK;JTA CABE BASPACK MOTOCICLETA HONDA MOTOR - 250CC H;0,;18,74;
39150102PK;JTA CABE BASPACK MOTOCICLETA MOTOR - C100 DREAM MO;0,;25,03;
15158301PK;JTA CABE BASPACK MOTOR QQ SQR472F 1.1 16V 2011/...;2,;165,19;B15_E.3
181523PK;JTA CABE BASPACK MWM 4.10 6.10 X 10 4/6 CIL;0,;33,82;
181504PK;JTA CABE BASPACK MWM D222 3 4 6 CIL;0,;29,21;
181501PK;JTA CABE BASPACK MWM D225 227 3 4 6 CIL;0,;37,95;
181507PK;JTA CABE BASPACK MWM D226 VALMET TRATOR 86 ID MASS;0,;25,96;
181509PK;JTA CABE BASPACK MWM D229 3/4/ 6 CIL;0,;22,58;
151559PK30;JTA CABE BASPACK MWM SPRINT 6.07TCA 4.2 18V TURBO;0,;700,00;
151559PK;JTA CABE BASPACK MWM SPRINT 6.07TCA 4.2 18V TURBO;1,;152,25;E15_A.11
151558PK;JTA CABE BASPACK MWM VOLARE A6 GM S10 BLAZER VW VA;2,;121,76;D15_B.1
15156005PK;JTA CABE BASPACK NISSAN BLUEBIRD LIVINA MARCH MICR;6,;138,85;D15_C.8
15156009PK;JTA CABE BASPACK NISSAN MARCH GA16DE 1 6 16V 4 CIL;0,;120,61;
15156008PK;JTA CABE BASPACK NISSAN MARCH MICRA CG10DE 1 0 16V;0,;119,35;
15156006PK;JTA CABE BASPACK NISSAN MARCH VERSA HRDE12 CVVTCS;5,;165,15;C15_C.6
151511350;JTA CABE BASPACK NISSAN PATHFINDER 3.3 V6 12 VAL 9;0,;571,31;
15156002PK;JTA CABE BASPACK NISSAN PATHFINDER 3.3 V6 12V (VG3;0,;266,63;
15156001PK2;JTA CABE BASPACK NISSAN PATHFINDER V6 12V 3.0;0,;220,11;
15156001PK;JTA CABE BASPACK NISSAN PATHFINDER V6 12V 3.0 VG30;0,;278,81;
151560PK;JTA CABE BASPACK NISSAN SENTRA TIIDA VERSA LIVINA;2,;111,19;C15_C.3
19151006PK1;JTA CABE BASPACK Ø 106 1,70MM CUMMINS 6B 6BT 5.9L;0,;312,30;
1515181PK;JTA CABE BASPACK Ø 79 MM CITROEN XSARA SAXO ZX PEU;2,;199,81;B15_C.8
121511PK;JTA CABE BASPACK Ø 88MM GM MONZA KADETT IPANEMA OM;8,;50,12;12_B.6
12151602PK;JTA CABE BASPACK PAR 90.0MM GM OMEGA LUMI 3 8 V6 9;0,;167,54;
12151612PK;JTA CABE BASPACK PAR 95.5MM GM CAPTIVA  OMEGA TRAI;0,;305,99;
1315532PK;JTA CABE BASPACK PAR FORD RANGER EXPLORE OHV GAS V;0,;264,85;
151580132PK;JTA CABE BASPACK PAR HYUNDAI TUCSON SANTA FE SONAT;0,;918,87;
151580182PK;JTA CABE BASPACK PAR KIA CARNIVAL SEDONA MTR 2.5 K;0,;1.127,25;
151554072PK;JTA CABE BASPACK PAR LD LE MITISUBISH ECLIPSE MONT;0,;273,98;
151568062PK;JTA CABE BASPACK PAR LD LE SUZUKI VITARA CANVAS MT;0,;210,70;
17150101PK;JTA CABE BASPACK PERKINS 1104B-C-D S.4 MASSEY FERG;0,;529,34;
171506PK;JTA CABE BASPACK PERKINS 4203 INJECAO DIRETA;0,;105,49;
171501PK;JTA CABE BASPACK PERKINS 4203 INJECAO INDIRETA;0,;107,62;
171504PK;JTA CABE BASPACK PERKINS 6354-4 Q20 B 6 CIL MASSEY;0,;183,49;
171508PK;JTA CABE BASPACK PERKINS D10 F350 D4000 4236 INJEC;0,;107,15;
171511PK;JTA CABE BASPACK PERKINS D20 Q20B S4 S4T PLUS MAXI;1,;134,27;E15_D.5
171530PK;JTA CABE BASPACK PERKINS F600 D7000 D900 6357 6357;0,;158,09;
171532PK;JTA CABE BASPACK PERKINS F700 F750 MASSEY MF INJEC;0,;95,06;
1515130PK;JTA CABE BASPACK PEUGEOT 106 206 PARTNER TU1JP HFY;0,;169,33;
1515134PK;JTA CABE BASPACK PEUGEOT 206 307 PARTNER CITROEN S;6,;83,02;D15_C.9
1515100PK;JTA CABE BASPACK PEUGEOT 306 405 GRI SRI STI CITRO;2,;134,15;B15_D.7
151598PK;JTA CABE BASPACK PEUGEOT 306 406 CITROEN XANTIA XS;4,;106,28;D15_E.2
1515120PK;JTA CABE BASPACK PEUGEOT 306 406 CITROEN XM XANTIA;0,;141,00;
15158601PK;JTA CABE BASPACK RENAULT  LOGAN SANDERO KWID SCE B;34,;111,84;E15_B.5
151587PK;JTA CABE BASPACK RENAULT CLIO KANGOO LOGAN TWINGO;1,;70,50;D15_B.3
151586PK;JTA CABE BASPACK RENAULT CLIO KANGOO TWINGO D7D D7;2,;75,82;D15_B.5
1515114PK;JTA CABE BASPACK RENAULT CLIO MEGANE SCENIC KANGOO;3,;97,71;A15_D.5
151574PK;JTA CABE BASPACK RENAULT CLIO R19 C3L 1.6 C INJECA;4,;83,25;B15_A.7
151572PK;JTA CABE BASPACK RENAULT CLIO R9 R11 R19 R21 C1C C;4,;89,42;A15_F.2
151576PK;JTA CABE BASPACK RENAULT CLIO SCENIC R11 R19 R21 S;2,;110,10;D15_D.4
151578PK;JTA CABE BASPACK RENAULT CLIO TWINGO SUPERCINCO EX;1,;74,47;D15_E.3
15158401PK;JTA CABE BASPACK RENAULT ESPACE LAGUNA SAFRANE VOL;0,;267,04;
1515108PK;JTA CABE BASPACK RENAULT LAGUNA MEGANE SCENIC F4P;4,;136,63;A15_D.3
1515179PK;JTA CABE BASPACK RENAULT LOGAN SANDERO 1 6 8 VAL M;6,;120,69;D15_F.2
1515175PK;JTA CABE BASPACK RENAULT MASTER G9U 720 724 730 75;0,;247,84;
1515180PK;JTA CABE BASPACK RENAULT MASTER III DCI M9T 2.3 16;0,;364,99;D15_F.1
1515118PK;JTA CABE BASPACK RENAULT MEGANE SCENIC LAGUNA K4M;9,;96,89;B15_C.5
151502PK;JTA CABE BASPACK RENAULT TRAFIC GAS;1,;146,71;13_A.2
15158101PK;JTA CABE BASPACK SMART FORTWO 132910 1.0 12V 3 CIL;0,;292,57;
161530PK;JTA CABE BASPACK SPRINTER CDI LA DIESEL BI TURBO E;0,;270,91;
15153805PK;JTA CABE BASPACK SSANGYONG KORANDO MTR D20 D22DT 2;0,;506,18;
15153801PK;JTA CABE BASPACK SSANGYONG KYRON ACTION KORANDO MT;0,;335,06;
151509150;JTA CABE BASPACK SUBARU LEGACY 1.6 EJ16E 1.8 EJ18E;0,;415,43;
15158706PK;JTA CABE BASPACK SUBARU LEGACY 1.6 EJ16E 1.8 EJ18E;0,;617,41;
15156803PK;JTA CABE BASPACK SUZUKI SAMURAI SJ SWIFT MTR 1.3 1;0,;189,12;
15156804PK;JTA CABE BASPACK SUZUKI SUZUKI JIMNY IGNIS MTR M13;2,;154,50;D15_D.6
1515104PK;JTA CABE BASPACK SUZUKI SWIFT ESCUDO VITARA SIDEKI;0,;201,12;
151568PK;JTA CABE BASPACK SUZUKI VITARA H20A V6 24 VAL 95/.;0,;240,50;
15155004PK;JTA CABE BASPACK TOYOTA CAMRY 2.2 5SFE 16V 90 A 96;0,;308,54;
151508200PK;JTA CABE BASPACK TOYOTA CAMRY 2.5 2VZFE 3.0 3VZFE;0,;613,49;
151508200;JTA CABE BASPACK TOYOTA CAMRY 2.5 2VZFE 3.0 3VZFE;0,;552,15;
151508210PK;JTA CABE BASPACK TOYOTA CAMRY 2.5 2VZFE 3.0 3VZFE;0,;613,49;
15155003PK;JTA CABE BASPACK TOYOTA CAMRY CARINA E CELICA CORO;0,;344,35;
1515106PK;JTA CABE BASPACK TOYOTA COROLLA 1.6 4AFE 1.8 7AFE;1,;83,64;D15_E.4
1515153PK;JTA CABE BASPACK TOYOTA COROLLA 92 02 1.8 16V DOHC;3,;147,40;D15_B.6
15155013PK;JTA CABE BASPACK TOYOTA ETIOS MTR 2NR-FE DUAL VVTI;3,;157,86;C15_D.8
151508890;JTA CABE BASPACK TOYOTA HILUX 3.0 3VZE V6 12 VAL;0,;631,26;
15155007PK;JTA CABE BASPACK TOYOTA HILUX CORONA CELICA 4RUNNE;0,;279,23;
15155019PK;JTA CABE BASPACK TOYOTA HILUX MTR 2TZFE 2RZFE 2.5;0,;213,70;
15155008PK;JTA CABE BASPACK TOYOTA MOTOR - 2TR-FE 2.7 16V 4 C;2,;330,55;E15_D.9
111595PK;JTA CABE BASPACK VW AUDI A3 FOX GOL GOLF POLO 1.6;25,;55,99;11_E.8
111519PK;JTA CABE BASPACK VW GOL FORD ESCORT HOBBY AE CHT A;6,;47,60;11_C.2
111525PK;JTA CABE BASPACK VW GOL SAVEIRO PARATI AT VHT MI T;41,;44,20;11_D.2
111523PK;JTA CABE BASPACK VW GOL SAVEIRO PASSAT SANTANA AP;22,;46,71;11_C.7
1115124PK;JTA CABE BASPACK VW GOL VOYAGE SAVEIRO FOX CROSS F;0,;68,95;11_C.5
111573PK;JTA CABE BASPACK VW GOLF 2.0 GTI MEXICANO 94/95;2,;84,53;11_F.4
111579PK;JTA CABE BASPACK VW GOLF SR BORA AUDI A3 A4 AEH AK;5,;160,82;11_E.1
1115114PK;JTA CABE BASPACK VW JETTA PASSAT GOLF NEW BEETLE A;3,;166,14;11_F.2
111501PK;JTA CABE BASPACK VW PASSAT GOL VOYAGE LS MTR ALC G;42,;54,58;
111503PK;JTA CABE BASPACK VW PASSAT TS VOYAGE MTR MD ALC GA;17,;54,18;11_A.9
111511PK;JTA CABE BASPACK VW SANTANA GOL PARATI AP ALC GAS;0,;52,96;11_A.1
111511PKTU;JTA CABE BASPACK VW SANTANA GOL PARATI AP ALC GAS;0,;103,03;
1115118PK;JTA CABE BASPACK VW UP FOX BLUEMOTION 1.0 CHYA CHY;12,;85,31;11_B.9
1215162PK;JTA CABE BASPAK GM CHEVROLET CAPTIVA MOTOR 2.4 16V;3,;352,64;E15_B.10
121511A1;JTA CABE CALCO ALUMINIO 1 00MM Ø 88.5MM GM MONZA K;0,;198,56;
131505A1;JTA CABE CALCO ALUMINIO 1.00MM FORD ESCORT DEL REY;0,;192,38;
111523A1;JTA CABE CALCO ALUMINIO 1.00MM VW PASSAT GOL SANTA;0,;192,38;
111503A1;JTA CABE CALCO ALUMINIO 1.00MM VW PASSAT TS VOYAGE;0,;192,38;
111511A1;JTA CABE CALCO ALUMINIO 1.00MM VW SANTANA GOL PARA;0,;204,05;
141503A2;JTA CABE CALCO ALUMINIO 2,00 MM FIAT UNO MILLE PAL;3,;307,57;
131543A2;JTA CABE CALCO ALUMINIO 2.00MM 77MM FORD FIESTA CO;0,;121,84;
141501A2;JTA CABE CALCO ALUMINIO 2.00MM FIAT 147 OGGI UNO P;0,;338,63;
141505A2;JTA CABE CALCO ALUMINIO 2.00MM FIAT ELBA PREMIO UN;0,;338,63;
141511A2;JTA CABE CALCO ALUMINIO 2.00MM FIAT TEMPRA TIPO 2.;0,;307,57;
141507A2;JTA CABE CALCO ALUMINIO 2.00MM FIAT UNO PREMIO ELB;0,;307,57;
131517A2;JTA CABE CALCO ALUMINIO 2.00MM FORD CORCEL BELINA;0,;307,57;
131505A2;JTA CABE CALCO ALUMINIO 2.00MM FORD ESCORT DEL REY;0,;338,63;
121501A2;JTA CABE CALCO ALUMINIO 2.00MM GM CHEVETTE MARAJO;0,;338,63;
121509A2;JTA CABE CALCO ALUMINIO 2.00MM GM MONZA ALC GAS 1.;0,;245,48;
121505A2;JTA CABE CALCO ALUMINIO 2.00MM GM OPALA 90 CARAVAN;0,;302,99;
121507A2;JTA CABE CALCO ALUMINIO 2.00MM GM OPALA CARAVAN CA;0,;461,03;
121511A2;JTA CABE CALCO ALUMINIO 2.00MM Ø 88.5MM GM MONZA K;0,;338,63;
111523A2;JTA CABE CALCO ALUMINIO 2.00MM VW PASSAT GOL SANTA;0,;338,63;
111503A2;JTA CABE CALCO ALUMINIO 2.00MM VW PASSAT TS VOYAGE;0,;307,57;
111511A2;JTA CABE CALCO ALUMINIO 2.00MM VW SANTANA GOL PARA;0,;323,00;
141553A;JTA CABE CALCO FIAT PALIO SIENA DOBLO FIRE 1.0 1.3;0,;148,59;
151509A;JTA CABE CALCO GM S10 BLAZER MB SPRINTER LAND ROVE;0,;129,80;
151554A;JTA CABE CALCO Ø 96MM MITSUBISHI PAJERO TDI 2.8 4M;0,;137,69;
151505A;JTA CABE CALCO RENAULT TRAFIC DIESEL;0,;128,15;
16420410;JTA CABE DO COMPRESSOR MERCEDES 64 MOTOR OM 352 AP;0,;4,40;
1215117PK;JTA CABE GM CORSA MERIVA MONTANA FIAT PALIO R STRA;0,;70,47;
17151705PK;JTA CABE GROSSA CATERPILLAR C15 C16 C18 3406E (060;0,;838,28;
1215123MLO;JTA CABE INOX PRISMA ONIX CORSA CLASSIC 1.0 8V VHC;0,;80,87;12_G.5
151564MP5;JTA CABE MET PACK 0.00MM Ø 97MM TOYOTA HILUX TD 16;0,;441,65;
151564MP3;JTA CABE MET PACK 0.95MM Ø 97MM TOYOTA HILUX TD 16;0,;335,28;
111509MP;JTA CABE MET PACK 1 40MM VW KOMBI 1.6 DIESEL 3 FUR;0,;63,14;
151570MP;JTA CABE MET PACK 1 45MM MITSUBISHI L200 TD L300 P;0,;167,44;
151552MP2;JTA CABE MET PACK 1 55MM TOYOTA HILUX DYNA HIACE M;0,;301,72;
151550MP3;JTA CABE MET PACK 1 65MM Ø 97MM TOYOTA HILUX 3L 2;0,;101,34;
151540MP1;JTA CABE MET PACK 1.20MM FIAT IVECO TURBO DAILY 2.;0,;191,78;
151540MP2;JTA CABE MET PACK 1.30MM FIAT IVECO TURBO DAILY 2.;0,;201,12;
151554MP2;JTA CABE MET PACK 1.35MM 96MM MITSUBISHI PAJERO TD;0,;368,08;
151507MP;JTA CABE MET PACK 1.40MM ASIA TOPIC.;0,;181,02;
151540MP3;JTA CABE MET PACK 1.40MM FIAT IVECO TURBO DAILY 2.;0,;201,12;
181507MP3;JTA CABE MET PACK 1.40MM MTR MWM D226 2/3/4/6CIL V;0,;108,84;
181509MP3;JTA CABE MET PACK 1.40MM MTR MWM D229 3/4/6CIL;0,;40,18;
151596MP3;JTA CABE MET PACK 1.44MM PEUGEOT 205 306 309 405 P;0,;187,03;
151511MP2;JTA CABE MET PACK 1.45MM 92.5MM H100 MITSUBISHI L2;0,;174,19;
151509MP2;JTA CABE MET PACK 1.45MM 92MM GM S10 BLAZER MB SPR;0,;182,21;
151551MP1;JTA CABE MET PACK 1.45MM 93.5MM TOYOTA HILUX 2L 2.;0,;322,54;
151554MP4;JTA CABE MET PACK 1.45MM 96MM MITSUBISHI PAJERO TD;0,;363,14;
151550MP1;JTA CABE MET PACK 1.45MM 97MM TOYOTA HILUX 3L 2.8;0,;234,59;
151552MP1;JTA CABE MET PACK 1.45MM TOYOTA HILUX LN147 152 16;0,;301,72;
151596MP4;JTA CABE MET PACK 1.48MM PEUGEOT 205 306 309 405 P;0,;158,83;
151540MP4;JTA CABE MET PACK 1.50MM FIAT IVECO TURBO DAILY 2.;0,;201,12;
151570MP1;JTA CABE MET PACK 1.50MM MITSUBISHI L200 TD L300 P;0,;191,78;
151511MP4;JTA CABE MET PACK 1.55MM 92.5MM H100 MITSUBISHI L2;0,;191,78;
151551MP2;JTA CABE MET PACK 1.55MM 93.5MM TOYOTA HILUX 2L 2.;0,;355,12;
151550MP2;JTA CABE MET PACK 1.55MM 97MM TOYOTA HILUX 3L 2.8;0,;234,59;
111509MP3;JTA CABE MET PACK 1.60MM 3 FURO VW KOMBI 1.6 DIESE;0,;100,13;
151511MP5;JTA CABE MET PACK 1.60MM 92.5MM H100 MITSUBISHI L2;0,;188,84;
151509MP3;JTA CABE MET PACK 1.60MM 92MM GM S10 BLAZER MB SPR;0,;210,39;
151544MP1;JTA CABE MET PACK 1.60MM FIAT DUCATO 2.5 INJ INDIR;0,;201,12;
151570MP4;JTA CABE MET PACK 1.60MM MITSUBISHI L200 TD L300 P;0,;201,12;
151551MP3;JTA CABE MET PACK 1.65MM 93.5MM TOYOTA HILUX 2L 2.;0,;372,41;
151552MP3;JTA CABE MET PACK 1.65MM TOYOTA HILUX LN147 152 16;0,;301,72;
151544MP2;JTA CABE MET PACK 1.70MM FIAT DUCATO 2.5 INJ INDIR;0,;201,12;
151548MP3;JTA CABE MET PACK 1.70MM PEUGEOT 2300 504D XD2 0.8;0,;191,78;
151507MP18;JTA CABE MET PACK 1.80MM ASIA TOPIC.;0,;142,90;
151544MP3;JTA CABE MET PACK 1.80MM FIAT DUCATO 2.5 INJ INDIR;0,;201,12;
151540MP18;JTA CABE MET PACK 1.80MM FIAT IVECO TURBO DAILY 2.;0,;198,49;
151525MP;JTA CABE MET PACK 1.80MM KIA BESTA DIESEL 2.7 .../;0,;182,67;
151596MP;JTA CABE MET PACK 1.80MM PEUGEOT 205 306 309 405 P;0,;174,82;
151548MP4;JTA CABE MET PACK 1.80MM PEUGEOT 2300 504D XD2 505;0,;174,19;
151505MP3;JTA CABE MET PACK 1.80MM RENAULT TRAFIC DIESEL.;0,;181,02;
151511MP6;JTA CABE MET PACK 1.90MM 92.5MM H100 MITSUBISHI L2;0,;217,70;
161506MP;JTA CABE MET PACK 100.00MM M BENS OM 352A 1316 151;0,;128,61;
151544MP4;JTA CABE MET PACK 2 5MM IV TURBO DAILI 30 8 35 8 4;0,;215,04;
151523MP3;JTA CABE MET PACK 2 5MM KIA BESTA GS BONGO K2700 2;0,;223,48;
151592MP4;JTA CABE MET PACK 2 8 MM SPORTAGE 2.2 DIESEL;0,;367,68;
151550MP5;JTA CABE MET PACK 2,50MM Ø 97MM TOYOTA HILUX 3L 2;0,;311,18;
151551MP4;JTA CABE MET PACK 2.00MM 93.5MM TOYOTA HILUX 2L 2.;0,;266,25;
151525MP20;JTA CABE MET PACK 2.00MM KIA BESTA DIESEL 2.7 .../;0,;187,92;
151584MP20;JTA CABE MET PACK 2.00MM RENAULT CLIO LAGUNA R19 R;0,;105,80;
151509MP4;JTA CABE MET PACK 2.00MM TROLLER MERCEDES SPRINTER;0,;210,39;
151544MP22;JTA CABE MET PACK 2.20MM FIAT DUCATO 2.5 INJ INDIR;0,;129,45;
151540MP22;JTA CABE MET PACK 2.20MM FIAT IVECO TURBO DAILY 2.;0,;251,42;
151521MP2;JTA CABE MET PACK 2.20MM KIA BESTA 2.2 DIESEL.;0,;188,58;
151525MP22;JTA CABE MET PACK 2.20MM KIA BESTA DIESEL 2.7 .../;0,;223,51;
151584MP22;JTA CABE MET PACK 2.20MM RENAULT CLIO LAGUNA R19 R;0,;158,68;
151540MP25;JTA CABE MET PACK 2.50MM FIAT IVECO TURBO DAILY 2.;0,;251,42;
151540MP6;JTA CABE MET PACK 2.50MM IV DAILY 30 8 35 8 96 FT;0,;158,82;
131543MP;JTA CABE MET PACK 77 Ø FORD FIESTA COURIER ZETEC 1;0,;95,32;
161504MP;JTA CABE MET PACK 98.50MM M BENS OM 311 1111 352 1;0,;182,67;
151561MP;JTA CABE MET PACK CAMINHÃO KIA 3600 4CIL;0,;144,54;
1515140MP;JTA CABE MET PACK CITROEN AZ10 ZX SAXO C15 PEUG 10;0,;226,69;
1515165MP;JTA CABE MET PACK CITROEN C2 C3 2002/ PEUGEOT206 3;0,;92,18;
1515181MP;JTA CABE MET PACK CITROEN XSARA SAXO ZX PEUGEOT 10;0,;193,17;
181501MP;JTA CABE MET PACK D 225 6 D 225 3 D 225 4 D 225 6;0,;26,21;
1315531MP;JTA CABE MET PACK DIR FORD RANGER EXPLORE OHV GAS;0,;117,94;
131553MP;JTA CABE MET PACK ESQ FORD RANGER EXPLORE OHV GAS;0,;131,05;
141501MP;JTA CABE MET PACK FIAT 147 OGGI UNO PREMIO ELBA 10;0,;117,44;
141505MP;JTA CABE MET PACK FIAT ELBA PREMIO UNO ARGENTINO A;0,;92,34;
141557MP;JTA CABE MET PACK FIAT MAREA 2.0 2.4 20V 5 CIL TUR;0,;234,59;
141565MP;JTA CABE MET PACK FIAT MAREA BRAVA 1.8 16V 00/...;0,;174,82;
141553MP;JTA CABE MET PACK FIAT PALIO SIENA DOBLO FIRE 1.0;6,;43,49;
141511MP;JTA CABE MET PACK FIAT TEMPRA TIPO 2.0 8 E 16V;0,;123,11;
141503MP;JTA CABE MET PACK FIAT UNO MILLE PALIO EX EDX EP N;0,;390,91;
141507MP;JTA CABE MET PACK FIAT UNO PREMIO ELBA PALIO ARGEN;0,;100,18;
141549MP;JTA CABE MET PACK FIAT UNO SMART PALIO SIENA FIRE;4,;72,78;14_A.3
131517MP;JTA CABE MET PACK FORD CORCEL BELINA II ALC GAS 1.;0,;87,19;
131547MP;JTA CABE MET PACK FORD ECOSPORT FIESTA COURIER ZET;10,;86,12;13_E.1
131505MP;JTA CABE MET PACK FORD ESCORT DEL REY VW GOL SAVEI;0,;31,95;
131511MP;JTA CABE MET PACK FORD FIESTA KA COURIER ENDURA NA;0,;117,44;
131513MP;JTA CABE MET PACK FORD FIESTA KA ENDURA NACIONAL 1;0,;111,98;
131549MP;JTA CABE MET PACK FORD FOCUS MONDEO ESCORT ZETEC 1;0,;134,15;
131551MP;JTA CABE MET PACK FORD FOCUS MONDEO ZETEC 2.0 16V;0,;134,15;
131579MP;JTA CABE MET PACK FORD FUSION 2.3 16V DURATEC;0,;282,93;
131507MP;JTA CABE MET PACK FORD MAVERICK F100 F75 JEEP UTIL;0,;67,03;
121523MP;JTA CABE MET PACK GM C10 CHEVROLET BRASIL 261 GAS;0,;201,12;
121501MP;JTA CABE MET PACK GM CHEVETTE MARAJO ALC GAS 1.4 1;0,;117,44;
121593MP;JTA CABE MET PACK GM CORSA 1.0 16V;0,;117,44;
121599MP;JTA CABE MET PACK GM CORSA 1.6 16V;0,;111,98;
121521MP;JTA CABE MET PACK GM CORSA EFI MPFI 1.6 1.8 8V 94/;0,;117,44;
121517MP;JTA CABE MET PACK GM CORSA EFI MPFI OHC VHC 1.0 8V;0,;83,43;
1215113MP;JTA CABE MET PACK GM MONZA ASTRA VECTRA S10 BLAZER;0,;75,22;
1215121MP;JTA CABE MET PACK GM OMEGA A CIH 6CIL 3.0 12V;0,;278,74;
1215115MP;JTA CABE MET PACK GM OMEGA SILVERADO 6CIL 4.1 89/.;0,;178,70;
121505MP;JTA CABE MET PACK GM OPALA 90 CARAVAN 151 ALC GAS;0,;150,88;
121507MP;JTA CABE MET PACK GM OPALA CARAVAN CAMINHAO C10 38;0,;184,39;
1215105MP;JTA CABE MET PACK GM S10 BLAZER VORTEC GAS V6 4.3;0,;144,30;
111569MP;JTA CABE MET PACK GUIA 8.0 VW GOLF VENTO PASSAT CO;0,;117,44;
1515171MP;JTA CABE MET PACK HONDA CIVIC NEW CIVIC FIT D17A8;0,;184,41;
151556MP;JTA CABE MET PACK KIA BESTA GS 3.0 GRANDE;2,;218,69;B15_A.3
151523MP;JTA CABE MET PACK KIA BESTA GS BONGO K2700 2.7 DIE;0,;201,12;
151592MP;JTA CABE MET PACK KIA SPORTAGE 2.2;0,;180,07;
151535MP;JTA CABE MET PACK M BENS 120D 130D 140D 150D 170D;0,;268,25;
161510MP;JTA CABE MET PACK M BENS OM314 L608D INJECAO DIRET;0,;153,79;
161528MP;JTA CABE MET PACK M BENS SPRINTER C200 220 E200 MT;0,;379,27;
161522MP;JTA CABE MET PACK MERCEDES OM 364 4CIL;0,;76,90;
151566MP;JTA CABE MET PACK MITSUBISHI ECLIPSE SPACE WAGON D;0,;319,71;
181523MP;JTA CABE MET PACK MWM 4.10 6.10 X 10 4/6 CIL;0,;70,86;
181507MP;JTA CABE MET PACK MWM D226 VALMET TRATOR 86 ID MAS;0,;72,11;
181509MP;JTA CABE MET PACK MWM D229 3/4/ 6 CIL;0,;36,04;
151558MP;JTA CABE MET PACK MWM VOLARE A6 GM S10 BLAZER VW V;0,;268,25;
151560MP;JTA CABE MET PACK NISSAN SENTRA TIIDA VERSA LIVINA;0,;118,95;
121511MP;JTA CABE MET PACK Ø 88MM GM MONZA KADETT IPANEMA O;0,;133,49;
1315532MP;JTA CABE MET PACK PAR FORD RANGER EXPLORE OHV GAS;0,;331,97;
111501MP;JTA CABE MET PACK PASSAT VOYAGE LS MTR ALC GAS 1.5;0,;111,84;
171506MP;JTA CABE MET PACK PERKINS 4203 INJECAO DIRETA;0,;169,33;
171501MP;JTA CABE MET PACK PERKINS 4203 INJECAO INDIRETA;0,;187,79;
171508MP;JTA CABE MET PACK PERKINS D10 F350 D4000 4236 INJE;0,;169,33;
171511MP;JTA CABE MET PACK PERKINS D20 Q20B S4 S4T PLUS MAX;0,;210,52;
171530MP;JTA CABE MET PACK PERKINS F600 D7000 D900 6357 635;0,;297,80;
171532MP;JTA CABE MET PACK PERKINS F700 F750 MASSEY MF INJE;0,;352,40;
1515132MP;JTA CABE MET PACK PEUGEOT 106 206 306 PISTAO 79 TU;0,;119,75;
1515134MP;JTA CABE MET PACK PEUGEOT 206 307 PARTNER CITROEN;0,;142,18;
1515100MP;JTA CABE MET PACK PEUGEOT 306 405 GRI SRI STI CITR;0,;135,09;
151598MP;JTA CABE MET PACK PEUGEOT 306 406 CITROEN XANTIA X;0,;170,87;
1515120MP;JTA CABE MET PACK PEUGEOT 306 406 CITROEN XM XANTI;0,;184,39;
151586MP;JTA CABE MET PACK RENAULT CLIO KANGOO TWINGO D7D D;0,;94,55;
151574MP;JTA CABE MET PACK RENAULT CLIO R19 C3L 1.6 C INJEC;0,;150,88;
151579MP;JTA CABE MET PACK RENAULT CLIO SUPERCINCO EXPRESS;0,;100,11;
151578MP;JTA CABE MET PACK RENAULT CLIO TWINGO SUPERCINCO E;0,;106,65;
1515108MP;JTA CABE MET PACK RENAULT LAGUNA MEGANE SCENIC F4P;0,;142,18;
151502MP;JTA CABE MET PACK RENAULT TRAFIC GAS;0,;172,61;
151576MP;JTA CABE MET PACK RN CLIO R9 R11 R19 R21 TRAFFIC 9;0,;72,42;
151572MP;JTA CABE MET PACK RN R9 R11 R19 SUPERCINCO EXPRESS;0,;99,14;
1515104MP;JTA CABE MET PACK SUZUKI SWIFT ESCUDO VITARA SIDEK;0,;223,70;
1515153MP;JTA CABE MET PACK TOYOTA COROLLA 92 99 1.8 16V DOH;0,;101,73;
111519MP;JTA CABE MET PACK VW GOL FORD ESCORT HOBBY AE CHT;0,;111,84;
111525MP;JTA CABE MET PACK VW GOL SAVEIRO PARATI AT VHT MI;3,;100,70;
111565MP;JTA CABE MET PACK VW GOL SAVEIRO PARATI SANTANA GO;5,;40,37;
111523MP;JTA CABE MET PACK VW GOL SAVEIRO PASSAT SANTANA AP;0,;111,84;
111573MP;JTA CABE MET PACK VW GOLF 2.0 GTI MEXICANO 94/95;5,;116,61;
111589MP;JTA CABE MET PACK VW GOLF BORA 01 PASSAT 00  APK A;3,;131,01;
111579MP;JTA CABE MET PACK VW GOLF SR BORA AUDI A3 A4 AEH A;2,;169,33;
111583MP;JTA CABE MET PACK VW PASSAT GOLF BORA SHARA AUDI A;11,;204,56;
111503MP;JTA CABE MET PACK VW PASSAT TS VOYAGE MTR MD ALC G;0,;111,84;
111595MP;JTA CABE MET PACK VW POLO GOL GOLF FOX 1.6 8 VAL A;0,;134,15;
111511MP;JTA CABE MET PACK VW SANTANA GOL PARATI AP ALC GAS;0,;105,53;
131545MP;JTA CABE METALO PACK FORD FIESTA ECOSPORT SUPERCHA;8,;137,62;13_A.3
1215117MP;JTA CABE METALO PACK GM CORSA MERIVA MONTANA FIAT;0,;38,49;
15156004PK3;JTA CABE PACK 1,20MM NISSAN FRONTIER 15/...190CV;3,;315,50;C15_D.9
141592PK;JTA CABE PACK 1.20MM FIAT ARG CRON MOBI 3CIL FIREF;9,;79,30;14_F.2
141593PK;JTA CABE PACK 1.20MM FIAT ARG MOBI UNO CRON 4CIL F;8,;103,30;14_F.5
131590PK;JTA CABE PACK 1.2MM FORD KA KA+ NEW FIESTA ECOBOOT;27,;84,14;13_D.3
1215164PK30;JTA CABE PACK 2.2MM GM CRUZE TRACKER 1.8 SONIC 1.6;3,;240,76;12_D.6
1515154PK30;JTA CABE PACK 2.60MM TOY COROLLA PRIUS 2ZR-FE 12/.;3,;300,00;D15_C.6
1515134PK30;JTA CABE PACK 3,00MM PEUGEOT 206 307 PARTNER CITRO;4,;250,00;D15_F.4
151544PK;JTA CABE PACK DUCATO IVECO DAILY 30.8 35.8 40.8 IN;1,;55,60;
141579PK;JTA CABE PACK FIAT PALIO SIENA PUNTO IDEA DUB 1.4;23,;74,40;14_F.3
141549PK;JTA CABE PACK FIAT UNO SMART PALIO SIENA FIRE 1.0;67,;41,21;14_C.6
131501PK;JTA CABE PACK FORD CORCEL BELINA I 1.3 71 A 77;98,;22,96;13_F.
131579PK;JTA CABE PACK FORD FUSION RANGER 2.3 16V DURATEC;4,;110,95;13_B.4
1215164PK;JTA CABE PACK GM CRUZE TRACKER 1.8 SONIC 1.6 16V;5,;116,37;12_D.5
121529PK;JTA CABE PACK GM VECTRA S10 ASTRA MPFI 2.0 8V E 16;20,;28,38;
151573PK;JTA CABE PACK HYUNDAI KIA PICANTO ATOS 1.0 1.1 12V;3,;231,20;B15_C.1
161528PK;JTA CABE PACK MERCEDES SPRINTER CDI C200 C220 E200;0,;162,24;E15_E.3
15155408PK;JTA CABE PACK MITSUBISHI OUTLANDER AIRTREK LANCER;7,;189,03;A15_D.2
1515138PK;JTA CABE PACK PEUGEOT 106 309 405  1.4 8V 93/...;2,;84,87;B15_A.9
151579PK;JTA CABE PACK RENAULT CLIO MARADONA R9 R11 85/93;2,;100,18;B15_E.8
1515154PK;JTA CABE PACK TOYOTA COROLLA PRIUS 2ZR-FE  12/..;3,;151,16;D15_C.2
1515146PK;JTA CABE PACK TYT COROLLA VVTI FILDER VVTI ../10;3,;90,89;D15_D.7
111589PK;JTA CABE PACK VW GOLF BORA PASSAT 99/. JETTA 10/..;4,;154,23;11_E.6
19151205ML;JTA CABE SCANIA MOTOR - D9 XPI D13 XPI D16 XPI DC1;0,;81,70;
19151206ML;JTA CABE SCANIA PGKR MOTOR DC12 11.7 24V;0,;199,93;
15155017ML;JTA CABE TOYOTA RAV4 MTR 1ARFE 2ARFE 2.5 16V;0,;378,85;
1542257;JTA CAIXA TERMOSTATO FIBRA J2 BESTA 2.7 8V;0,;11,37;
1542025;JTA CAMARA D AGUA CABE RENAULT TRAFIC.;0,;17,00;
144248;JTA CAMARA VAL TERMOSTATICA FIAT TIPO;0,;5,26;
124227;JTA CAMARA VAL TERMOSTATICA GM C10 CHEVROLET BRASI;0,;7,70;
124211;JTA CAMARA VAL TERMOSTATICA GM CHEVETTE 1.4 1.6 JU;0,;4,52;
211106R1T;JTA CAMBIO ANEL 1 RET TRAVA VW KOMBI 1600 83/...;8,;46,24;CAM-2_E.3
211106R2T;JTA CAMBIO ANEL 2 RET TRAVA VW KOMBI 1600 83/...;6,;53,61;CAM-2_E.1
211101R1T;JTA CAMBIO ANEL RET TRAVA VW FUSCA BRASILIA KOMBI;5,;54,79;CAM-1_D.3
211101R2T;JTA CAMBIO ANEL RET TRAVA VW FUSCA BRASILIA KOMBI;0,;81,25;
211108R;JTA CAMBIO ANEL RET VW GOL VOYAGE SAVEIRO SANTANA;0,;120,17;
211105R;JTA CAMBIO ANEL TRAVA RET VW KOMBI 1600 84/...;0,;32,66;
211101T;JTA CAMBIO ANEL TRAVA VW FUSCA BRASILIA KOMBI VARI;3,;45,82;
2111012;JTA CAMBIO ANEL VW FUSCA BRASILIA KOMBI VARIANT TL;0,;33,56;CAM-1_D.2
2111081;JTA CAMBIO ANEL VW GOL VOYAGE SANTANA SAVEIRO PARA;8,;15,47;CAM-2_F.3
2111061;JTA CAMBIO ANEL VW KOMBI 1600 83/...;6,;27,51;CAM-2_C.3
251108;JTA CAMBIO ASIA TOWNER 3CIL GAS;0,;43,87;
2111011;JTA CAMBIO C RED SO PAPEL VW FUSCA BRASILIA KOMBI;0,;23,46;
271113;JTA CAMBIO CLARK 240V 5M CHEVROLET A40 C40 D10 D40;0,;39,31;
271118;JTA CAMBIO CX RED M BENS TOYOTA;0,;43,57;
272331;JTA CAMBIO DIVERSOS EATON FS5005 FS6206 FS6306;0,;18,99;
272332;JTA CAMBIO DIVERSOS TORRE EATON FS5005 FS6206 FS63;0,;19,99;
241103;JTA CAMBIO FIAT TEMPRA TIPO PALIO FIRE MAREA;9,;16,76;CAM-1_G.3
241102;JTA CAMBIO FIAT UNO PREMIO ELBA FIORINO TIPO PALIO;6,;27,51;CAM-1_D.1
231102;JTA CAMBIO FORD CORCEL BELINA I II DEL REY 4 5 MAR;6,;19,55;CAM-1_F.3
231103;JTA CAMBIO FORD ESCORT 4 MARCHAS;0,;38,72;
231104;JTA CAMBIO FORD ESCORT CHT 1.0 1.6 KA FIES 1.0 1.3;9,;64,95;CAM-1_H.1
271115;JTA CAMBIO FORD F350 F100 F600 4 MARCHAS 48 A 71;0,;43,57;
271108;JTA CAMBIO FORD F350 F800 61 A 71 4 MARCHAS SINCRO;0,;30,05;
271111;JTA CAMBIO FORD F4000 ATE 81;0,;48,57;
271109;JTA CAMBIO FORD F600 63 A 71 5 MARCHAS;0,;42,30;
271110;JTA CAMBIO FORD F600 F750 F1100 A 2200 GM CHEVROLE;0,;29,16;
271114;JTA CAMBIO FORD MAVERICK V8 GALAXIE F1000 CHEVROLE;0,;20,70;CAM-2_B.1
231105;JTA CAMBIO FORD MAVERICK WILLYS JEEP RURAL 4X2 4X4;0,;33,73;
221108;JTA CAMBIO GM ASTRA 99/... CORSA CELTA PRISMA MONT;66,;41,81;CAM-1_C.1
221107;JTA CAMBIO GM C10 D10 4 MARCHAS CLARK SICRONIZADO;5,;26,19;
221102;JTA CAMBIO GM CHEVETTE MARAJO 4 5 MARCHAS CLARK;0,;18,93;
221101;JTA CAMBIO GM CHEVETTE MARAJO 4 MARCHAS CLARK;9,;16,64;
221106;JTA CAMBIO GM CHEVROLET 3100 C14 16 3M CLARK 54 A;26,;27,51;CAM-2_G.1
271106;JTA CAMBIO GM CHEVROLET BRASIL C60 4 MARCHAS CLARK;0,;33,50;
271116;JTA CAMBIO GM CHEVROLET BRASIL C60 C80 63/... FULL;0,;30,59;
271104;JTA CAMBIO GM CHEVROLET BRASIL C60 D10 A 15;0,;33,04;
271112;JTA CAMBIO GM CHEVROLET BRASIL C60 D60 D70 FULLER;0,;43,57;
271101;JTA CAMBIO GM CHEVROLET BRASIL C60 D60 SINCRONIZAD;0,;42,30;
271105;JTA CAMBIO GM D10 400 700 4 MARCHAS;0,;19,27;
221105;JTA CAMBIO GM MONZA KADETT IPANEMA OMEGA S10 VECTR;3,;29,31;CAM-2_D.1
221104;JTA CAMBIO GM OPALA 90 HPC CARAVAN DIPLOMATA COMOD;5,;14,63;CAM-1_F.2
221103;JTA CAMBIO GM OPALA CARAVAN 2500 3800 4100 SS 4 MA;0,;24,07;
251170;JTA CAMBIO HYUNDAI H100 HR MITSUBISHI L200 L300 PA;2,;46,62;CAM-2_G.2
251135;JTA CAMBIO M BENS 120D 130D 140D 150D 170D MB 180D;0,;49,12;
261104;JTA CAMBIO M BENS OM314 L608D 72/...;0,;23,70;
261103;JTA CAMBIO M BENS OM321 352 352A 355 366 1111 1113;0,;15,80;
2211136;JTA CAMBIO NA 3 PECAS GM ASTRA 99/... CORSA CELTA;4,;20,38;CAM-1_A.3
2111131;JTA CAMBIO PAPEL VW APOLLO FORD ESCORT VERONA 1.8;0,;62,94;
2111121;JTA CAMBIO REDUCAO VW KOMBI 1300 1500 1600;0,;20,12;
251102;JTA CAMBIO RENAULT TRAFIC 1.4 2.0;0,;40,73;
231102R;JTA CAMBIO RET FORD CORCEL BELINA I II DEL REY 4 5;0,;107,19;
231104R;JTA CAMBIO RET FORD ESCORT CHT 1.0 1.6 KA FIES 1.0;0,;256,82;
2111101R;JTA CAMBIO RET FOX BAH BJA BLH 03/... SPACEFOX 1.0;2,;98,00;CAM-2_H.2
221108R;JTA CAMBIO RET GM ASTRA 99/... CORSA CELTA PRISMA;0,;163,33;
221102R;JTA CAMBIO RET GM CHEVETTE MARAJO 4 5 MARCHAS CLAR;0,;46,23;
221105R;JTA CAMBIO RET GM MONZA KADETT IPANEMA OMEGA S10 V;0,;343,53;
2111103R;JTA CAMBIO RET VW GOL POWER TREND FOX EA111 1.0 8;0,;143,15;
211108;JTA CAMBIO S ANEL RET VW GOL VOYAGE SAVEIRO SANTAN;0,;14,38;
211101;JTA CAMBIO S RED SO PAPEL VW FUSCA BRASILIA KOMBI;17,;17,75;CAM-1_G.1
211112;JTA CAMBIO S RED SO PAPEL VW KOMBI 1300 1500 1600;14,;13,89;CAM-1_E.1
211113R;JTA CAMBIO SELO RET VW APOLLO FORD ESCORT VERONA 1;0,;305,64;
211113;JTA CAMBIO SELO RET VW APOLLO FORD ESCORT VERONA 1;0,;120,67;
211105;JTA CAMBIO SÓ PAPEL 2 PEÇAS VW KOMBI 1600 84/...;0,;17,02;
211106;JTA CAMBIO SO PAPEL VW KOMBI 1600 84/...;0,;25,85;
271121;JTA CAMBIO TOYOTA 1991 ATE 04/94;0,;28,13;
271122;JTA CAMBIO TOYOTA 5 MARCHAS APOS 94;0,;30,28;
271120;JTA CAMBIO TOYOTA 5 MARCHAS MODERNO APOS 04/94;0,;73,69;
271119;JTA CAMBIO TOYOTA BANDEIRANTE 4X4 OM321 1111 1113;0,;40,71;CAM-2_H.1
2111103;JTA CAMBIO VW GOL POWER TREND FOX EA111 1.0 8 VAL;5,;49,75;CAM-2_D.2
1542326;JTA CAMISA GURGEL BR 800 SUPER MINI;0,;17,89;
134214;JTA CAMISA PAPEL FORD CORCEL I 71 A 77;0,;8,28;
112501;JTA CAMISA VW FUSCA BRASILIA KOMBI 1300 1500 1600;0,;8,43;
144258;JTA CANO D AGUA 154 159 TEMPRA 1.8 8V;0,;2,68;
144103;JTA CANO D AGUA VEL FIAT 147 OGGI UNO MILLE PREMIO;50,;1,96;DIV-3_C.3
1341531;JTA CANO DAGUA MTR V6 224 4.0 12V GAS;0,;10,27;
1441923;JTA CANO DAGUA NA FIAT ARGO CRONOS MOBI UNO MTR FI;0,;35,53;DIV-2_E.7
1119117NA;JTA CAR  FIBRA AMAROK 2,0 4CIL 16V MTR CNFA CNFAB;0,;101,22;
151973;JTA CAR  HYUNDAI KIA PICANTO ATOS G4HE G4HG 1.0 12;0,;106,79;
171924PV;JTA CAR 256 268 TRATOR 5610 TRATOR 6600 TRATOR 661;0,;52,71;
171908PV;JTA CAR 4236 4248 2500 3500 3600 4000 D 350 D 550;0,;59,98;
131986ML;JTA CAR AÇO FORD RANGER 13/... TROLLER - T4 MTR DU;0,;258,61;
131983ML;JTA CAR AÇO FORD RANGER TRANSIT 2.2 16V 13/.. TRAN;0,;184,89;
141901BA;JTA CAR ALMA ACO FIAT 147 OGGI UNO PREMIO ELBA 105;11,;67,09;CAR-2_D.2
141902BA;JTA CAR ALMA ACO FIAT UNO MILLE PICK-UP 1000 1300;0,;67,09;
131943BA;JTA CAR ALMA ACO FORD FIESTA KA ZETEC 1.4 16 VAL;0,;52,23;CAR-2_H.1
121910BA;JTA CAR ALMA ACO GM VECTRA ASTRA MPFI 2.0 2.2 2.4;1,;61,56;CAR-1_F.3
121911BA;JTA CAR ALMA ACO GM VECTRA ASTRA MPFI 2.0 2.2 97/.;0,;55,08;CAR-1_B.2
111953BA;JTA CAR ALMA ACO VW GOL SAVEIRO PARATI MI AT 1000;13,;72,89;CAR-1_G.3
111995BA;JTA CAR ALMA ACO VW GOLF BORA AZD 1.6 8V;3,;45,10;CAR-1_H.2
111961BA;JTA CAR ALMA ACO VW PASSAT GOL SANTANA PARATI VOYA;0,;72,96;CAR-1_I.3
131965BI;JTA CAR ALUMINIO BOR FOR FOCUS ZX 3 1.8 2.0 MONDEO;1,;177,32;CAR-2_E.2
131907BI;JTA CAR ALUMINIO BOR FORD FIESTA COURIER 1.0 1.3 E;0,;210,12;
131945BI;JTA CAR ALUMINIO BOR FORD KA FIESTA COURIER 1.0 1.;0,;152,63;
121910BI;JTA CAR ALUMINIO BOR GM VECTRA ASTRA MPFI 2.0 2.4;65,;136,47;CAR-1_D.2
121911BI;JTA CAR ALUMINIO BOR GM VECTRA ASTRA MPFI 2.2 2.0;0,;98,76;
111961BI;JTA CAR ALUMINIO BOR VW A4 PASSAT ADP ADR AEB AFY;0,;125,95;
111979BI;JTA CAR ALUMINIO BOR VW GOLF BORA POLO CLASSIC PAS;0,;109,47;
131943PK;JTA CAR BASPACK 1,20MM FORD FIESTA KA ZETEC 1.4 16;0,;53,88;
141987PK;JTA CAR BASPACK FIAT DOBLO GRAND SIENA IDEA PALIO;2,;173,43;CAR-3_B.5
141953PK;JTA CAR BASPACK FIAT PALIO SIENA DOBLO 1.0 1.3 16V;0,;20,72;CAR-1_C.3
121910PK;JTA CAR BASPACK GM VECTRA ASTRA MPFI 2.0 2.2 2.4 9;0,;61,87;
1519194PK;JTA CAR BASPACK MITSUBISHI PAJERO IO 98/ TR4 FLEX;0,;173,29;
151954PK;JTA CAR BASPACK MITSUBISHI PAJERO NATIVA TDI 2.8 4;0,;184,91;
181901PK;JTA CAR BASPACK MWM D225 D227 D229 3 CIL;0,;85,68;
181903PK;JTA CAR BASPACK MWM D225 D227 D229 4 CIL;0,;111,35;
181905PK;JTA CAR BASPACK MWM D225 D229 6 CIL FIAT AD 7B 90;0,;51,12;
1519124PK;JTA CAR BASPACK PEUGEOT 106 205 306 91/... CITROEN;0,;83,29;
15191341PK;JTA CAR BASPACK PEUGEOT 206 307 PARTNER CITROEN SX;0,;67,62;
151986PK;JTA CAR BASPACK RENAULT CLIO KANGOO TWINGO SANDERO;0,;43,28;CAR-3_C.1
1519175PK;JTA CAR BASPACK RENAULT MASTER 2.5 16V G9U 720 724;0,;117,88;
151976PK;JTA CAR BASPACK RENAULT R11 R19 R21 CLIO SCENIC SU;0,;88,42;
1519153PK;JTA CAR BASPACK TOYOTA COROLLA 1 6 4AFE 1 8 7AFE 1;0,;102,02;
111907PK;JTA CAR BASPACK VW PASSAT GOL SANTANA PARATI VOYAG;5,;36,88;CAR-1_H.1
15194001BN;JTA CAR BN FIAT IVECO F30DT 3.0 16V-DUCATO CITROEN;0,;107,60;
191910081BN;JTA CAR BOR CUMMINS ISB4 3.9 16V;0,;263,26;
19191008BN;JTA CAR BOR CUMMINS ISB4 3.9 16V 191910081BN;0,;198,53;
131955BN;JTA CAR BOR ENCAIXE FORD RANGER EXPLORE V6 4.0 12;0,;169,33;
1519193BN;JTA CAR BOR FIAT DUCATO MULTIJET JTD 2.3 16 VAL F1;4,;100,13;CAR-3_F.1
131965BA;JTA CAR BOR FOR FOCUS ZX 3 1.8 2.0 MONDEO 2.0 16 V;1,;108,75;CAR-2_E.1
131949BN;JTA CAR BOR FORD ESCORT MONDEO ZETEC 1.8 2.0 16 VA;4,;57,46;CAR-2_C.4
131959BN;JTA CAR BOR FORD RANGER SOHC 2.3 2.5 8 VAL GAS;0,;184,39;
121993BN;JTA CAR BOR GM CORSA MPFI 1.0 1.6 16V 95/...;7,;37,70;CAR-1_F.1
1219165BN;JTA CAR BOR GM EMPILHADEIRA VORTEC V6 6 CILS;0,;348,12;
121907BN;JTA CAR BOR GM MONZA KADETT IPANEMA 1.8 2.0 87/...;4,;38,22;CAR-1_E.1
1219105BN;JTA CAR BOR GM S10 BLAZER VORTEC GAS 4.3 V6 96/..;0,;113,58;
1519159BN;JTA CAR BOR HONDA ACCORD VTEC SOHC 1 8 16 VAL F18B;0,;180,49;
151962BN;JTA CAR BOR HONDA CIVIC 1.5 D15Z1 D15Z3 D15Z6 D15Z;4,;72,58;CAR-3_D.2
15191611BN;JTA CAR BOR HONDA CIVIC VTEC CRX CRX- VTEC COUPE 1;15,;78,36;CAR-3_B.4
1519161BN;JTA CAR BOR HONDA CIVIC VTEC VTEC E COUPE CRV CRX;4,;166,27;CAR-3_B.3
1519169BN;JTA CAR BOR HONDA FIT CITY JAZZ I-DSI TWIN SPARK 1;16,;49,73;CAR-3_C.4
15198001;JTA CAR BOR JTA BOR CHRYSLER DODGE FIAT JEEP FREEM;2,;60,86;CAR-2_G.4
151908BNL;JTA CAR BOR LIMIT ASIA TOWNER 3CIL GAS;0,;62,87;
141901BNL;JTA CAR BOR LIMIT BOR FIAT 147 OGGI UNO PREMIO ELB;9,;53,46;CAR-2_A.3
1519403BNL;JTA CAR BOR LIMIT FIAT DUCATO 2.5 2.8 INJECAO DIRE;0,;31,26;
141904BNL;JTA CAR BOR LIMIT FIAT TEMPRA TIPO 8 16 VAL;0,;36,98;
131907BNL;JTA CAR BOR LIMIT FORD FIESTA COURIER 1.0 1.3 ENDU;0,;80,93;
121908BNL;JTA CAR BOR LIMIT FURO 8.00MM GM CORSA EFI MPFI 1.;3,;48,15;CAR-1_B.3
121906BNL;JTA CAR BOR LIMIT GM MONZA KADETT 1.8 ATE 86;0,;45,35;
121904BNL;JTA CAR BOR LIMIT GM OPALA CARAVAN COMODORO DIPLOM;1,;154,87;CAR-1_E.2
121910BNL;JTA CAR BOR LIMIT GM VECTRA ASTRA MPFI 2.0 2.2 2.4;3,;43,89;CAR-1_C.1
121911BNL;JTA CAR BOR LIMIT GM VECTRA ASTRA MPFI 2.0 2.2 97/;0,;57,21;
111961BNL;JTA CAR BOR LIMIT VW GOL SANTANA LOGUS ESCORT 01-9;0,;27,73;CAR-1_G.2
111953BNL;JTA CAR BOR LIMIT VW GOL SAVEIRO PARATI MI AT 1000;0,;44,14;CAR-1_I.2
19191101BN;JTA CAR BOR MAN VW MOTOR MAN D0834 LFL LOH 4.6 16V;0,;245,06;
1519229BN;JTA CAR BOR NISSAN FRONTIER MAXIMA PATHFINDER QUES;0,;138,24;
1519134BN;JTA CAR BOR PEUGEOT 206 307 PARTNER CITROEN SXARA;4,;92,63;CAR-3_B.2
141987BP;JTA CAR BOR PLAS FIAT DOBLO GRAND SIENA IDEA PALIO;40,;86,72;CAR-2_B.1
1519109BN;JTA CAR BOR RENAULT CAPTUR DUSTER FLUENCE SAND 22F;8,;113,77;CAR-2_A.1
1519114BN;JTA CAR BOR RENAULT CLIO MEG SCEC KANG K7M 20FUROS;4,;111,03;CAR-3_E.3
1519175BN;JTA CAR BOR RENAULT MASTER 2.5 16 VAL G9U 720 724;4,;90,11;CAR-3_D.4
1519118BN;JTA CAR BOR RENAULT MEGANE SCENIC LAGUNA K4M 1.6 1;0,;127,25;
1519110BN;JTA CAR BOR RENAULT TRAFIC CLIO MEG SCENIC LAG 21F;0,;91,23;
1519104BN;JTA CAR BOR SUZUKI SWIFT ESCUDO VITARA SIDEKICK GR;0,;134,15;
151950BN;JTA CAR BOR TOYOTA HILUX;0,;70,40;
1542504BN;JTA CAR BOR TOYOTA HILUX 2 3 5 LITROS 2.5 2.8 3.0;0,;46,88;
191910091BN;JTA CAR BORV CUMMINS VW CONST WORKER 17.250E IVECO;0,;291,45;
121907DF;JTA CAR C DEFLETOR MONZA KADETT IPANEMA 1.8 2.0 87;15,;221,62;CAR-2_H.2
111907DF;JTA CAR C DEFLETOR VW PASSAT GOL SANTANA PARATI VO;0,;464,23;
151907CB;JTA CAR COR ASIA TOPIC 2.7 MAZDA 3.0 DIESEL;0,;43,05;
151918CB;JTA CAR COR EFFA TOWNER SUZUKI SJ410 JIMNY SAMURAI;0,;88,55;
141901CB;JTA CAR COR FIAT 147 OGGI UNO PREMIO ELBA FIASA 10;0,;22,21;CAR-2_G.1
151940CB;JTA CAR COR FIAT IVECO 2.5 2.8 IVECO 2.5 TURBO;0,;43,16;
141957CB;JTA CAR COR FIAT MAREA 2.0 20 VAL 5 CIL;0,;64,31;CAR-2_C.1
141965CB;JTA CAR COR FIAT MAREA BRAVA 1.8 16V 00/...ALFA RO;5,;64,31;CAR-2_B.3
141904CB(S/LIMT);JTA CAR COR FIAT TEMPRA TIPO 8 16 VAL (S/LIMT);0,;11,44;
141902CB;JTA CAR COR FIAT UNO MILLE PREMIO FIORINO FIASA 10;0,;19,95;
141949CB;JTA CAR COR FIAT UNO SMART PALIO SIENA FIRE 1.0 1.;4,;52,25;CAR-2_G.2
141906CB;JTA CAR COR FIATUNO TIPO ARGENTINO 1.5 1.6 BRAVO P;9,;22,87;CAR-1_E.4
171922CB;JTA CAR COR FORD CARGO F2000 4000;0,;61,42;
131901CB;JTA CAR COR FORD CORCEL I 71 A 77;0,;29,00;
131902CB;JTA CAR COR FORD CORCEL II 1.4 1.6 78/... ESCORT 1;10,;24,48;CAR-2_C.3
171932CB;JTA CAR COR FORD F600 700 750 CORTICA DODGE D;0,;61,95;
171930CB;JTA CAR COR FORD F600 CHEVROLET D65 DODGE CBT 1090;0,;41,38;
131907CB;JTA CAR COR FORD FIESTA COURIER 1.0 1.3 ENDURA;0,;31,00;CAR-2_F.1
131905CB;JTA CAR COR FORD MAVERICK WILLYS 6 CIL;0,;44,27;
1519191CB;JTA CAR COR FORD MAX FALCON F100 FAIRLANE 69 188 2;0,;113,34;
131953CB;JTA CAR COR FORD RANGER EXPLORE V6 12 VAL 09/94 A;0,;90,92;
1219085CB;JTA CAR COR FURO 6,00MM GM CORSA EFI MPFI  1.0 1.4;150,;5,99;
121908CB;JTA CAR COR FURO 6.00MM GM CORSA EFI MPFI 1.0 1.4;0,;22,31;
121901CB;JTA CAR COR GM CHEVETTE MARAJO 1.4 1.6 ALC GAS JUN;5,;34,02;CAR-1_F.4
1219015CB;JTA CAR COR GM CHEVETTE MARAJO ALC GAS 1.4 1.6;0,;20,91;
121909CB;JTA CAR COR GM CHEVROLET BRASIL C10 261 6CIL;0,;16,44;
121906CB;JTA CAR COR GM MONZA KADETT 1.8 .../86;0,;18,43;
1219121CB;JTA CAR COR GM OMEGA A CIH 6CIL 3.0 12V;0,;201,12;
121902CB;JTA CAR COR GM OPALA 90 CARAVAN 153 151 ALC GAS 4C;11,;27,92;CAR-1_E.3
121903CB;JTA CAR COR GM OPALA CARAVAN C10 230 250 ALC GAS 6;0,;34,82;CAR-1_D.1
121905CB;JTA CAR COR GM OPALA SL COMODORO CARAVAN DIPLOMATA;0,;127,69;
15191691CB;JTA CAR COR HONDA FIT CITY JAZZ I DSI TWIN SPARK 1;4,;237,66;CAR-3_E.2
151911CB;JTA CAR COR HYUNDAI H100 H1 MITSUBSHI L200 L300 MO;0,;27,95;
151921CB;JTA CAR COR KIA BESTA ESPORTAGE 2.0 2.2 DIESEL;0,;35,88;
151908CBL;JTA CAR COR LIMIT ASIA TOWNER 3CIL GAS;0,;43,82;
141901CBL;JTA CAR COR LIMIT FIAT 147 OGGI UNO PREMIO ELBA 10;0,;20,60;CAR-2_D.1
141904CBL;JTA CAR COR LIMIT FIAT TEMPRA TIPO 8 16 VAL;17,;36,99;CAR2_-C.2
141902CBL;JTA CAR COR LIMIT FIAT UNO MILLE PICK-UP 1000 1300;5,;41,94;CAR-2_B.2
131907CBL;JTA CAR COR LIMIT FORD FIESTA COURIER 1.0 1.3 ENDU;0,;67,09;
131943CBL;JTA CAR COR LIMIT FORD FIESTA KA ZETEC 1.4 16 VAL;0,;36,23;
121908CBL;JTA CAR COR LIMIT FURO 8.00MM GM CORSA EFI MPFI 1.;3,;41,03;CAR-1_I.1
121901CBL;JTA CAR COR LIMIT GM CHEVETTE MARAJO ALC GAS 1.4 1;0,;27,71;
121906CBL;JTA CAR COR LIMIT GM MONZA KADETT 1.8 .../86;7,;38,72;CAR-1_D.3
121904CBL;JTA CAR COR LIMIT GM OPALA CARAVAN COMODORO DIPLOM;0,;134,15;
151909CBL;JTA CAR COR LIMIT GM S10 BLAZER M BENS SPRINTER LA;4,;62,03;CAR-3_G.1
151902CBL;JTA CAR COR LIMIT RENAULT TRAFIC 2 0 2 2 GAS DIESE;0,;45,29;
111953CBL;JTA CAR COR LIMIT VW GOL SAVEIRO PARATI MI AT 1000;0,;51,12;
111979CBL;JTA CAR COR LIMIT VW GOLF BORA POLO CLASSIC PASSAT;13,;115,86;CAR-1_G.1
111979BA;JTA CAR COR LIMIT VW GOLF BORA POLO CLASSIC PASSAT;0,;191,45;
111979CL;JTA CAR COR LIMIT VW GOLF BORA POLO CLASSIC PASSAT;3,;36,12;CAR-1_G.1
161910CB;JTA CAR COR M BENS OM314 L608D OM324;0,;42,46;CAR-3_C.2
161901CB;JTA CAR COR M.BENS OM321 352 352A 362 366;0,;30,00;
171912CB;JTA CAR COR PERKINS 4236 INJECAO DIRETA FORD F350;0,;39,40;
171915CB;JTA CAR COR PERKINS4236 INJECAO DIRETA FORD F350 C;0,;31,43;
151974CB;JTA CAR COR RENAULT CLIO R19 C3L 1.6 8 VAL C INJEC;13,;67,09;
151972CB;JTA CAR COR RENAULT CLIO R9 R11 R19 R21 C1C C1J C2;5,;39,35;
151902CB;JTA CAR COR RENAULT TRAFIC 2.0 2.2 GAS DIESEL;0,;63,65;
131990;JTA CAR FIBRA  FORD KA KA+ NEW FIESTA ECOBOOST TIV;0,;89,97;
131990NA;JTA CAR FIBRA  FORD KA KA+ NEW FIESTA ECOBOOST TIV;3,;140,72;CAR-3_D.5
161930NA;JTA CAR FIBRA 1.00MM SPRINTER CDI LA DIESEL BI TUR;0,;184,91;
111953NA;JTA CAR FIBRA 1.00MM VW GOL SAVEIRO PARATI MI AT 1;0,;27,27;
1219162NA;JTA CAR FIBRA CHEVROLET CAPTIVA 2.4 16V ECOTEC;0,;123,30;
15199602NA;JTA CAR FIBRA CITROEN C4 LOUGE C5 DS3 DS4 DS5 PGT;0,;103,62;
19191008NA;JTA CAR FIBRA CUMMINS ISB4 3.9 16V 4CIL;0,;93,53;
19191004;JTA CAR FIBRA CUMMINS SERIE B 4B BTA 3.9L 8V DIESE;0,;26,39;
19191004NA;JTA CAR FIBRA CUMMINS SERIE B 4B BTA 3.9L 8V DIESE;0,;45,34;
19191006NA;JTA CAR FIBRA CUMMINS SERIE B 6B 6BT 5.9L 12V DIES;0,;87,98;
19191009NA;JTA CAR FIBRA CUMMINS VW CONST WORKER 17.250E IVEC;0,;142,80;
1519220NA;JTA CAR FIBRA DODGE DAKOTA TD 2 5 GRAND VOYAGER TD;0,;32,07;
1319651NA;JTA CAR FIBRA FORD FOCUS ZX 3 1.8 2.0 MONDEO 2.0 1;0,;100,39;
1219117NA;JTA CAR FIBRA GM CORSA MERIVA MONTANA FIAT PALIO R;1,;45,34;CAR-1_B.4
151909NA;JTA CAR FIBRA GM S10 BLAZER MB SPRINTER LAND ROVER;1,;68,40;CAR-3_G.1
121911NA;JTA CAR FIBRA GM VECTRA ASTRA MPFI 2.0 2.2 97 ASTR;0,;43,20;
111979NA;JTA CAR FIBRA GOLF BORA POLO CLASSIC PASSAT APF 1;0,;56,90;
151911NA;JTA CAR FIBRA HYUNDAI H100 H1 MITSUBSHI L200 L300;4,;52,25;CAR-3_A.1
1519187NA;JTA CAR FIBRA HYUNDAI HB20 I30 VELOSTER KIA SOUL;2,;101,87;CAR-3_F.3
15191871NA;JTA CAR FIBRA HYUNDAI HB20 KIA PICANTO 1.6 16V;0,;101,87;
151925NA;JTA CAR FIBRA KIA BESTA 2.7 DIESEL ANO ATE 97;0,;54,67;
151921NA;JTA CAR FIBRA KIA BESTA ESPORTAGE 2.0 2.2 DIESEL;0,;35,98;
151994NA;JTA CAR FIBRA KIA BONGO ASIA CERES 2.4 DIESEL;0,;72,96;
181902NA;JTA CAR FIBRA MTR MWM D226 D227 D229 FORD F1000 F2;0,;45,33;
15196003NA;JTA CAR FIBRA NISSAN FRONTIER NAVARA PATHFINDER MT;0,;184,89;
1519138NA;JTA CAR FIBRA PEUG 106 309 105 93/ CITROEN AX14 BX;0,;82,29;
1519124NA;JTA CAR FIBRA PEUGEOT 106 205 306 91/... CITROEN B;2,;55,54;CAR-3_A.2
15191341NA;JTA CAR FIBRA PEUGEOT 206 307 PARTNER CITROEN SXAR;0,;64,50;
151948NA;JTA CAR FIBRA PEUGEOT 504 505 XD2 XD3;0,;79,27;
1519153NA;JTA CAR FIBRA TOYOTA COROLLA 1 6 4AFE 1 8 7AFE 16;4,;85,54;CAR-3_C.3
15191531NA;JTA CAR FIBRA TOYOTA COROLLA 1.6 16V 4AFE 1.8 16V;5,;65,04;CAR-3_D.3
15190701NA;JTA CAR FIBRA TOYOTA EMPILHADEIRA JIMBEI TOPIC MTR;0,;75,04;
111995NA;JTA CAR FIBRA VW BORA FOX GOLF AZD BAH BJA BLH 1.6;0,;35,31;CAR-2_C.5
1119951NA;JTA CAR FIBRA VW BORA FOX GOLF AZD BAH BJA BLH 1.6;5,;37,57;CAR-1_B.1
111907NA;JTA CAR FIBRA VW PASSAT GOL SANTANA PARATI VOYAGE;0,;34,27;
111907PV;JTA CAR FIBRA VW PASSAT GOL SANTANA PARATI VOYAGE;0,;21,41;
12191661;JTA CAR INF CTDI LTZ 2.8 4 CILS 16V DIESEL GM S10;2,;142,96;INJ-C10_A
144265GU;JTA CAR INFERIOR FIAT MAREA BRAVA 1.8 16 VAL 00/..;0,;17,32;
154235PV;JTA CAR INFERIOR PAPELAO M BENS 120D 130D 140D 150;0,;53,05;
1519406BN;JTA CAR INTER BOR FIAT IVECO DUCATO;3,;100,41;CAR-3_B.1
1519251NA;JTA CAR INTER FIBRA PESCOCEIRA BOR KIA BESTA 2.7 D;0,;72,96;
15421933SL;JTA CAR INTER SILIC FIAT DUCATO MULTIJET JTD 2.3 1;4,;267,76;ADM-15_C.6
161931NA;JTA CAR M BENS OM 904 4.3 L 4CIL 12V ELETRONICO;0,;81,41;
161941NA;JTA CAR MERCEDES BENZ OM 906 6.4 L 6CIL 18V ELETRO;0,;92,77;
181902PK;JTA CAR MTR MWM D225 D226 D227 D229 4CIL;0,;52,17;
181925;JTA CAR MWM 4.10 6 CIL;0,;120,40;
151959;JTA CAR MWM VOLARE SPRINT 6 CIL;0,;97,06;
161928PK;JTA CAR PACK 1.2 M BENS SPRINTER CDI C200 C220 E20;0,;96,91;
15193301PK;JTA CAR PACK BMW 118I 120I E81/E87 318I 320I E90/E;0,;263,24;
151911PK;JTA CAR PACK HYUNDAI H100 H1 MITSUBSHI L200 L300 M;0,;63,10;
1519141PK;JTA CAR PACK PEUGEOT 307 406 407 607 806 807 EXPER;0,;98,11;
171904PV;JTA CAR PAPEAO PERKINS 4203 INJECAO INDIRETA;0,;24,96;
171926PV;JTA CAR PAPELAO FORD CARGO FASE II SIMPLES;0,;44,31;
151901PV;JTA CAR PAPELAO FORD DODGE 1800;0,;31,17;
151923PV;JTA CAR PAPELAO KIA BESTA 2.7 GS 3.0 16 LUGARES DI;3,;71,72;CAR-2_C.1
151935PV;JTA CAR PAPELAO M BENS 120D 130D 140D 150D 170D 18;0,;84,98;
151958PV;JTA CAR PAPELAO MWM VOLARE A6 GM S10 BLAZER VW VAN;0,;48,23;
181923PV;JTA CAR PAPELAO MWM X10 4.10 4 CIL;0,;78,69;
171901PV;JTA CAR PAPELAO PERKINS 4203 TRATOR 8 BR;0,;34,91;
171915PV;JTA CAR PAPELAO PERKINS 4236 INJECAO DIRETA FORD F;0,;37,81;
151996PV;JTA CAR PAPELAO PEUGEOT 205 306 309 405 PARTNER BO;0,;55,33;CAR-3_D.1
1519146NA;JTA CAR PAPELÃO TOYOTA COROLLA VVTI FILDER VVTI RA;2,;82,92;CAR-3_A.3
111901CR;JTA CAR PENEIRA OLEO VW FUSCA BRASILIA KOMBI 1300;10,;9,13;CAR-1_H.3
131945BP;JTA CAR PLASTICO FORD FIESTA ECOSPORT SUPERCHARGER;15,;50,33;CAR-2_F.2
15193311SL;JTA CAR SILIC BMW MTR N20B20A 2.0 16V 4CIL 125I 32;2,;123,75;C40_D.2.B
1519193SL;JTA CAR SILIC FIAT DUCATO MULTIJET JTD 2.3 16 VAL;5,;257,00;CAR-3_F.2
1519406SL;JTA CAR SILIC FIAT IVECO DUCATO;0,;111,03;
15194001SL;JTA CAR SILIC FIAT IVECO F30DT 3.0 16V-DUCATO CITR;0,;274,76;
131949SL;JTA CAR SILIC FORD ESCORT MONDEO ZETEC 1.8 2.0 16;0,;141,83;
131955SL;JTA CAR SILIC FORD RANGER EXPLORE V6 4.0 12 VAL AT;0,;231,84;
131959SL;JTA CAR SILIC FORD RANGER SOHC 2.3 2.5 8 VAL GAS;0,;226,21;
121993SL;JTA CAR SILIC GM CORSA MPFI 1.0 1.6 16V 95/...;4,;67,92;CAR-1_F.2
1219105SL;JTA CAR SILIC GM S10 BLAZER VORTEC GAS 4.3 V6 96/.;0,;121,99;
151962SL;JTA CAR SILIC HONDA CIVIC 1.5 D15Z1 D15Z3 D15Z6 D1;0,;149,39;
15191611SL;JTA CAR SILIC HONDA CIVIC VTEC CRX CRX- VTEC COUPE;0,;119,19;CAR-3_B.4
1519161SL;JTA CAR SILIC HONDA CIVIC VTEC VTEC E COUPE CRV CR;0,;168,33;
1519403SL;JTA CAR SILIC LIMITADOR FIAT DUCATO 2.5 2.8 INJECA;5,;101,68;CAR-2_G.3
1519134SL;JTA CAR SILIC PEUGEOT 206 307 PARTNER CITROEN SXAR;0,;126,64;
1519109SL;JTA CAR SILIC RENAULT CAPTUR DUSTER FLUENCE SANDER;0,;145,40;
1519114SL;JTA CAR SILIC RENAULT CLIO MEG SCE KANG 20 FUROS;0,;166,55;CAR-3_E.4
1519175SL;JTA CAR SILIC RENAULT MASTER 2.5 16 VAL G9U 720 72;0,;136,67;
1519118SL;JTA CAR SILIC RENAULT MEGANE SCENIC LAGUNA K4M 1.6;2,;221,70;CAR-3_E.1
1519110SL;JTA CAR SILIC RENAULT TRAFIC CLIO MEGANE SCENIC LA;0,;135,59;
1542504SL;JTA CAR SILIC TOYOTA HILUX 2 3 5 LITROS 2.5 2.8 3.;0,;113,93;
1219166;JTA CAR SUP CTDI LTZ 2.8 4 CILS 16V DIESEL GM S10;5,;286,15;CAR-2_A.4
15191461NA;JTA CAR TOYOTA COROLLA VVTI FILDER VVTI RAV4 1ZZFE;0,;69,35;
151909GU;JTA CAR VELOM GM S10 BLAZER MB SPRINTER LAND ROVER;0,;70,95;
151932PV;JTA CAR VELOM GURGEL BR 800 SUPER MINI;0,;26,83;
151925PV;JTA CAR VELOM KIA BESTA 2.7 DSL;0,;36,98;
151931GU;JTA CAR VELOM LADA NIVA;0,;56,80;
161924GU;JTA CAR VELOM MB 447 89/... 6 CIL;0,;31,81;
151948PV;JTA CAR VELOM PEUGEOT 504 505 XD2 XD3;0,;84,98;
111907GU;JTA CAR VELOM VW PASSAT GOL SANTANA PARATI VOYAGE;0,;24,94;
1624083;JTA CARACOL AÇO REDONDO TURBINA M BENS;0,;4,44;
351008;JTA CARB ASIA TOWNER;0,;18,82;
311013B;JTA CARB BAQ SOLEX 2E 170/175 VW SANTANA GOL GM MO;0,;21,71;
341001B;JTA CARB BAQ SOLEX 32 DIS FIAT 147 FIORINO PICK-UP;0,;14,89;
321023B;JTA CARB BAQ SOLEX 35 PDSI GM CHEVETTE HATCH MARAJ;0,;16,10;
311009B;JTA CARB BAQ SOLEX 40 35 PDSIT VW PASSAT GOL VOYAG;0,;14,89;
311003B;JTA CARB BAQ SOLEX DUPLO 32 PDSIT VW BRASILIA KOMB;0,;21,85;
312401;JTA CARB BAQ WEBER 450 M PROG VW PASSAT GOL PARATI;0,;32,83;
311013A;JTA CARB SOLEX 2E7 VW SANTANA GOL GM MONZA KADETT;0,;12,51;
311007;JTA CARB SOLEX 32 DIDTA VW PASSAT TS;0,;24,13;
321023;JTA CARB SOLEX 35 PDSI GM CHEVETTE HATCH MARAJO CH;0,;12,71;
311017;JTA CARB SOLEX 3E SANT QUANT VERS ROY 1.8 2.0 OPL;3,;13,82;
311009;JTA CARB SOLEX 40 35 PDSIT GM CHEVETTE VW PST GOL;0,;13,62;
331003;JTA CARB SOLEX CORCEL CARB 35 PDSI;0,;13,61;
331005;JTA CARB SOLEX DUPLO 54 34 SEIE FORD CORCEL II DEL;15,;14,71;
341003B;JTA CARB WEBER 190 FIAT 1050 1300 GM MONZA 1.6 1.8;0,;17,76;
321021;JTA CARB WEBER 228 DFV GM VERANEIO 6 CIL C10 C14 C;0,;12,71;
311011;JTA CARB WEBER 450 M PROG VW PASSAT GOL PARATI FOR;0,;15,99;
341015;JTA CARB WEBER 495 TLDF FIAT UNO MILLE ELETRONIC;0,;21,65;
341011E;JTA CARB WEBER 495 TLDF IE FIAT UNO R PREMIO MILLE;0,;38,98;
311015;JTA CARB WEBER 495 TLDZ VW GOL VOYAGE PARATI ESCOR;8,;28,31;C9
321011;JTA CARB WEBER DFV 446 GM OPALA CARAVAN PICK-UP 4;0,;16,48;
311015E;JTA CARB WEBER TLDZ IE 495 VW GOL VOYAGE PARATI FO;0,;38,72;
1741301;JTA CARC BBA D AGUA 6358 D60 D65 D70 F11000 F13000;0,;19,79;
1641301;JTA CARC BBA D AGUA SPRINTER CDI LA DIESEL BI TURB;0,;44,53;
15421753;JTA CARC BBA OLEO RENAULT MASTER MOTOR G9U 720 724;0,;70,09;
15421754;JTA CARC BBA OLEO RENAULT MASTER MOTOR G9U 720/724;0,;70,09;
144201;JTA CARC DIST FIAT 147 OGGI UNO MILLE PREMIO ELBA;27,;9,69;DIV-3_G.7
144203;JTA CARC DIST FIAT 1500 1600 TIPO 1.6 PALIO 1.6 16;10,;6,61;DIV-3_F.2
163520;JTA CARC TERMOSTATO M BENS OM366;0,;41,13;
15411412;JTA CARC TERMOSTATO PEUGEOT 206 307 406 407 607 80;0,;27,65;
15421932SL;JTA CARC TERMOSTATO SILIC FIAT DUCATO MULTIJET JTD;8,;124,70;ADM-15_C.7
1541141;JTA CARC TERMOSTE 307 406 407 607 806 807 EXP 00/.;0,;25,43;
153509;JTA CARC VAL TERM GM S10 BLAZER M BENS SPRINTER LA;0,;12,72;
134245BN;JTA CARC VAL TERMOSTATICA PRETA FORD FIESTA ECOSPO;12,;16,93;DIV-3_G.3
12411612;JTA CARC VAL TERMOSTATO GM CAPTIVA MTR 10HM 3.6 24;0,;47,57;
19421019BN;JTA CARCAÇA CORRENTE MOTOR CUMINS 2.8 16V;0,;53,17;
1942100415;JTA CARCACA ENGRENAGEM CUMMINS SERIE B 4B BTA 3.9L;0,;57,67;
394001053;JTA CARCACA MOTOR HONDA MOTOR - 300CC;0,;10,46;
394001063;JTA CARCACA MTR HONDA MTR 250CC;0,;10,83;
394001073;JTA CARCACA MTR HONDA MTR 400CC;0,;11,55;
394001027;JTA CARCACA MTR HONDA MTR C100;0,;10,91;
394001011;JTA CARCACA SUNDOWN MOTOR - CG 125CC;0,;5,99;
1535128;JTA CARCAÇA VAL TERMOSTÁTICA PEUGEOT 106 205 306 3;0,;15,99;DIV-3_E.1
141902CBEL;JTA CART ELRING COR FIAT UNO MILLE PICK-UP 1000 13;0,;17,11;
181902;JTA CART MWM D`225/226/229 4CIL;0,;59,92;
15191531PK;JTA CART PACK TOYOTA COROLLA 1.6 16V 4AFE 1.8 16V;0,;99,69;
141902BNL;JTA CARTER (BOR+LIMIT) FIAT UNO MILLE PICK-UP 1000;5,;49,17;CAR-2_A.2
141904CB;JTA CARTER (CORTIÇA) FIAT TEMPRA TIPO 8 16 VAL;2,;19,47;CAR-2_C.2
121911BL;JTA CARTER (SUPERIOR) BOR+LIMIT GM VECTRA ASTRA MP;0,;9,99;
131945BIVT;JTA CARTER ALUM FORD KA FIESTA COURIER 1.0 1.6 ZET;0,;50,63;
151923BN;JTA CARTER BESTA GS K2700 PREGIO MT. J2 2.7 8V.;0,;17,12;
15418601;JTA CARTER BORR ANEL RENAULT LOGAN SANDERO KWID SC;0,;21,50;
19191019BN;JTA CARTER BORR CUMMINS MTR 2.8 16V;0,;73,27;
1219155BN;JTA CARTER BORR GM SS10 VORTEC 6CIL 4.3;0,;366,26;
15196202BN;JTA CARTER BORR HONDA CR-V MTR B20B2 B20B3 B20Z1 B;0,;169,21;
1419921BN;JTA CARTER BORR ORING ANEL FIAT ARGO CRONOS MOBI U;0,;6,39;
19191102BN;JTA CARTER BORR VW MTR MAN D0836 LFL LOH 6.9 24V;0,;260,28;
111953CBLVT;JTA CARTER CORTICO LIMIT VW GOL MI AT 97/... 8 16V;0,;16,20;
1519591;JTA CARTER FIBRA 2 PÇA MWM VOLARE SPRINT 6 CIL;0,;89,26;
15193409;JTA CARTER FIBRA JOURNEY 2009I2012 SEBRING 2002I20;0,;247,11;
151960031NA;JTA CARTER FIBRA NA 1 NISSAN FRONTIER 07/...PATHIF;0,;114,81;
19191408NA;JTA CARTER FIBRA NA CASE 430 440 440CT 580M 440CT;0,;211,67;
1219173;JTA CARTER FIBRA NA GM ONIX 2G 20/... TRACKER MTR ;0,;68,00;
131943CB;JTA CARTER FORD FIESTA KA ZETEC 1.4 16 VAL;41,;15,96;CAR-2_H.1
121903BN;JTA CARTER GM OPALA  CARAVAN C10 230 250 ALC GAS 6;0,;9,94;
161944NA;JTA CARTER M BENS L2638 99/06 LS1938 98/05 LS2638;0,;65,03;
131943BP;JTA CARTER NYLON BORR FORD NEW FIESTA KA FOCUS ECO;7,;48,03;CAR-2_H.1
141953BP;JTA CARTER NYLON FIAT PALIO SIENA DOBLO 1.0 1.3 16;4,;17,14;CAR-1_C3
121910BP;JTA CARTER NYLON GM VECTRA ASTRA MPFI 2.0 2.2 2.4;10,;77,02;CAR-1_I.4
121911BP;JTA CARTER NYLON GM VECTRA ASTRA MPFI 2.0 2.2 97/.;6,;68,91;CAR-1_B.2
111995BP;JTA CARTER NYLON VW EA111 EA211 AZD BAH BJA BLH FO;0,;24,55;
111953BP;JTA CARTER NYLON VW GOL SAV PAR MI AT FOX EA111;34,;26,87;CAR-1_A.1
111907BP;JTA CARTER NYLON VW PASSAT GOL SANTANA PARATI VOYA;10,;25,14;CAR-2_B.4
151972BN;JTA CARTER RENAULT R9 R11 R19 R21 SUPERCINCO EXPRE;12,;22,00;CAR-1_C.2
151976BN;JTA CARTER RENAULT R9 R11 TRAFIC SUPERCINCO R21 R1;2,;33,12;
19191020SL;JTA CARTER SILIC CUMMINS MTR ISF 3.8 16VAL;0,;254,34;
151907BN;JTA CARTER TOPIC;10,;31,98;
821105;JTA CAT GD GM S10 BLAZER 4.3 VORTEC FORD RANGER EX;0,;16,74;
821102;JTA CAT GM MONZA KADETT OMEGA S10 1.8 2.0;0,;18,28;
841102;JTA CAT Ø 62 MM FIAT PALIO 1000 ED EDX 1.0 1.5;9,;19,88;SAI_B.1
821104;JTA CAT PQ GM S10 BLAZER 4.3 VORTEC FORD RANGER EX;30,;16,74;TV-14_C.4
811101;JTA CAT VW KOMBI GOL FORD ESCORT VERONA;25,;10,92;TV-14_D.4
811101A;JTA CAT VW KOMBI GOL SANTANA SAVEIRI PARATY FORD E;0,;10,19;
841101;JTA CATALIZADOR FIAT TEMPRA TIPO;0,;18,78;
831101;JTA CATALIZADOR FORD RANGER;0,;17,24;
1640043;JTA CAVALETE D AGUA M BENS L321 1111 OM352 352A.;0,;13,20;
1635013;JTA CAVALINHO TERM M BENS L321 OM352 1113 1313 221;0,;7,88;
394001014;JTA CENTR?FUGO HONDA SUNDOWN MTR CG125CC;0,;1,74;
241804;JTA CENTRAL DA CARC FIAT 147 4 MARCHAS;0,;7,52;
391501041;JTA CILINDRO CAMISA  HONDA CG CG BROS 150 2006/20;0,;2,50;
391501021;JTA CILINDRO CAMISA HONDA C100 DREAM 92/98 HONDA B;0,;11,19;
391501071;JTA CILINDRO CAMISA HONDA MOTOR - CG 125;0,;5,36;
391501061;JTA CILINDRO CAMISA HONDA MOTOR 250CC;0,;4,78;
391501051;JTA CILINDRO CAMISA HONDA MOTOR 300CC;0,;4,16;
391501091;JTA CILINDRO CAMISA HONDA MOTOR NXR 150 BROS 03-05;0,;2,68;
391503011;JTA CILINDRO CAMISA SUZUKI MTR 125CC;0,;3,73;
391502011;JTA CILINDRO CAMISA YAMAHA MTR 125;0,;3,01;
391502021;JTA CILINDRO CAMISA YAMAHA MTR 250;0,;5,60;
391501031;JTA CILINDRO HONDA MTR CG125CC;0,;2,67;
17420110;JTA COBERTA VIRAB PERKINS TRATOR 8BR 4203;0,;20,13;
194210191BN;JTA COBERTURA CORRENTE MOTOR CUMINS 2.8 16V;0,;121,68;
15210701;JTA COL ADM  TOYOTA EMPILHADEIRA JIMBEI TOPIC MTR;0,;68,35;
1121124;JTA COL ADM  VW GOL VOYAGE SAVEIRO FOX CROSS FOX;5,;43,36;COL-P3_C.2
1320591;JTA COL ADM 140 WLT RANGER 2 3 8V;0,;26,87;
1521191NA;JTA COL ADM 1519211 CHANA CHANGAN STAR JL465QB F10;0,;41,87;
132161;JTA COL ADM 183 AEROSTAR V6 RANGER 3.0 12V;0,;64,93;
152162072;JTA COL ADM 2 HONDA FIT 01/12 ATÉ 12/2017 WR-V 17/;4,;90,62;ADM-15_B.2
1520961;JTA COL ADM 2 PCS D8B XUD7 XUD7T 205 306 309 405 J;0,;6,73;
152168032;JTA COL ADM 2 PCS SUZUKI GRAN VITARA 2009/... SX4;0,;112,44;
152162073;JTA COL ADM 3 HONDA FIT 01/12 ATÉ 12/2017 WR-V 17/;5,;75,78;ADM-15_A.6
1721011;JTA COL ADM 4203 MF 155 MF 158 3 3;0,;9,89;
172108;JTA COL ADM 4236 4248 D20 D40 D60 D70;0,;5,87;
1521104;JTA COL ADM 97 G16A G16KC SIDEKICK VITARA 1.6 8V;0,;43,67;
182123;JTA COL ADM ACO MWM X10 4 10 4 10T 6 10 6 10T 4 6;0,;9,57;
15216003ML;JTA COL ADM AÇO NISSAN FRONTIER PARTHFINDER 2.5 16;5,;46,92;ADM-15_A.2
1521108ML;JTA COL ADM ACO RENAULT LAGUNA MEGANE SCENIC F4P 1;0,;55,87;
15218009;JTA COL ADM ANEL BORR HYUNDAI SANTA FE CARNIVAL SO;0,;170,72;
152180091;JTA COL ADM ANEL BORR HYUNDAI TAMPA PLASTICA AZERA;0,;177,33;
15213408;JTA COL ADM ANEL DODGE JOURNEY DURANGO CHALLENGER;0,;217,99;
15213707;JTA COL ADM ANEL LAND ROVER FREELANDER 2 MTR 3.2 B;0,;77,24;
152196081;JTA COL ADM ANEL PEUGEOT EXPERT CITROEN JUMPY MTR;0,;21,42;
15219608;JTA COL ADM ANEL SENSOR PEUGEOT EXPERT CITROEN JUM;0,;64,62;
152168031;JTA COL ADM ANEL SILIC SUZUKI GRAN VITARA 2009/...;0,;39,61;
152120;JTA COL ADM ASIA HAFEI TOWNER SJ410 1.0 8 VAL;0,;24,54;
152107;JTA COL ADM ASIA TOPIC;0,;18,49;
152108;JTA COL ADM ASIA TOWNER 3CIL GAS;0,;9,95;
1121119BN;JTA COL ADM AUDI A4 A6 A8 2.4 2.8 V6 30V 1995 A 19;0,;223,24;
142103;JTA COL ADM BAQ FIAT TEMPRA 2.0 16 VAL ALC GAS;0,;58,54;
112161;JTA COL ADM BASPACK 1,4 VW GOLF 1.6 1.8 2.0 AP 96/;14,;14,63;COL-11_C.5
15218303;JTA COL ADM BASPACK CHERY MTR SQR473 1.3 16V L4 CI;0,;133,03;
1521191;JTA COL ADM BASPACK FORD FALCON F-100 FAIRLAINE 19;0,;116,41;
182101;JTA COL ADM BASPACK MWM D229 225 227 226;0,;6,05;
152158PK;JTA COL ADM BASPACK MWM VOLARE A6 GM S10 BLAZER VW;0,;109,49;
112102;JTA COL ADM BASPACK VW GOL SAVEIRO SANTANA PARATI;14,;10,83;COL-11_D.1
132190BN;JTA COL ADM BOR 03 PCS  FORD KAKA+ ECOBOOST TIVCT;12,;62,20;COL-P3_D.6
1521183;JTA COL ADM BOR 04 PCS CITROEN C4 C5 PICASSO PEUGE;4,;70,83;COL-P3_F.7
142187;JTA COL ADM BOR 04 PCS FIAT DOBLO GRAND SIENA IDEA;15,;35,45;COL-P3_E.4
132165;JTA COL ADM BOR 04 PCS FORD FOCUS FOCUS ZX3 2.0 ZE;0,;67,09;
1521132;JTA COL ADM BOR 04 PCS PEUGEOT 106 206 306 TU5JP T;0,;109,68;
1521130;JTA COL ADM BOR 04 PCS PEUGEOT 106 206 PARTNER TU1;0,;67,09;
15211302;JTA COL ADM BOR 05 PCS PEUGEOT 106 206 PARTNER TU1;2,;77,23;COL-P3_G.3
15211342;JTA COL ADM BOR 05 PCS PEUGEOT 206 307 PARTNER CIT;8,;72,96;COL-P3_G.4
1121114BN;JTA COL ADM BOR AUDI A1 VW JETTA PASSAT GOLF NEW;0,;68,43;
12211661BN;JTA COL ADM BOR CTDI LTZ 2.8 4 CILS 16V DIESEL GM;3,;190,54;COL-12_A.1
142173;JTA COL ADM BOR FIAT DOBLO BRAVO MAREA PALIO SIENA;8,;41,45;COL-P3_F.4
1521193BN;JTA COL ADM BOR FIAT DUCATO MULTIJET JTD IVECO 2.3;10,;123,98;ADM-15_D.1
132169;JTA COL ADM BOR FORD FIESTA SUPERCHARGER ECOSPORT;6,;38,19;COL-P3_E.1
132181;JTA COL ADM BOR FORD NEW FIESTA ECOSPORT 10/.. FOC;14,;45,35;COL-P3_D.3
1221161;JTA COL ADM BOR GM CAPTIVA MTR 10HM 3.6 24V V6;0,;146,75;
1221164BN;JTA COL ADM BOR GM CRUZE TRACKER 1.8 4CIL 16V F18;0,;72,61;
15211691;JTA COL ADM BOR HONDA FIT CITY JAZZ I-DSI TWIN SPA;7,;102,89;COL-P3_H.6
15211871BN;JTA COL ADM BOR HYUNDAI HB20 I30 VELOSTER  KIA SOU;0,;56,54;
1521187BN;JTA COL ADM BOR HYUNDAI HB20I30 VELOSTER KIA SOUL;6,;35,92;COL-P3_H.8
1521214SL;JTA COL ADM BOR MERCEDES CLASSE A 140  160;0,;74,60;
1521214BN;JTA COL ADM BOR MERCEDES CLASSE A 140 160;0,;57,39;
15216011BN;JTA COL ADM BOR NISSAN SENTRA TIIDA VERSA LIVINA R;3,;124,70;SEL-2_G.4
162130BN;JTA COL ADM BOR SPRINTER CDI LA DIESEL BI TURBO E;0,;114,40;
15215013BN;JTA COL ADM BOR TOYOTA ETIOS MTR 2NR-FE DUAL VVTI;2,;65,51;COL-P3_F.6
15215607BN;JTA COL ADM BOR TOYOTA ETIOS MTR 2NR-FE DUAL VVTI;5,;73,10;COL-P3_H.2
15215016BN;JTA COL ADM BOR TOYOTA ETIOS YARIS MTR 1NR-FE 1.3;3,;66,27;COL-P3_I.9
112191;JTA COL ADM BOR VW PASSAT AZM 2.0 8V;0,;100,04;
142125;JTA COL ADM C FURO FIAT TEMPRA 2.0 8 VAL ALC GAS;0,;15,51;
1742324;JTA COL ADM CENTRAL PERKINS MOTOR 6358 6 CIL DIESE;0,;18,89;
15218301;JTA COL ADM CHERRY RELY VAN PICK-UP MTR SQR472F 1.;0,;66,52;
1221162;JTA COL ADM CHEVROLET CAPTIVA 2.4 16V ECOTEC;0,;105,41;
142191;JTA COL ADM CHRYSLER DODGE FIAT JEEP  FREEMONT S;4,;134,74;COL-P3_E.8
152158CB;JTA COL ADM COR MWM VOLARE A6 GM S10 BLAZER VW VAN;5,;32,17;ADM-15_F.6
162134;JTA COL ADM CUMINS 4B/BTA MOTOR 3.9 L;0,;14,06;
19211020ML;JTA COL ADM CUMINS MTR ISF 3.8 16V;0,;121,70;
192110041;JTA COL ADM CUMMINS SERIE B 4B BTA 3.9L 8V;0,;32,72;
19211006;JTA COL ADM CUMMINS SERIE B 6B 6BT 5.9L 12V DIESEL;0,;40,73;
152119;JTA COL ADM EFFA TOWNER SUZUKI SJ410 JIMNY SAMURAI;0,;89,72;
132110;JTA COL ADM ENDURA BASPACK 2.50MM FORD FIESTA KA C;12,;50,00;COL-13_A.4
142196;JTA COL ADM FIAT ARGO CRONOS DOBLO GRAND SIENA PAL;12,;94,28;COL-P3_B.7
142192;JTA COL ADM FIAT ARGO CRONOS MOBI UNO PULSE MTR FI;1,;107,75;COL-P3_I.6
152140;JTA COL ADM FIAT DUCATO 2.5 2.8 TURBO ASPIRADA;29,;25,42;ADM-15_G.2
1521193ML;JTA COL ADM FIAT DUCATO MULTIJET  IVECO 2.3 16 03/;4,;56,39;ADM-15_A.1
142157;JTA COL ADM FIAT MAREA 2.0 2.4 20 VAL STILO ABARTH;2,;37,79;COL-13_J.2
142165;JTA COL ADM FIAT MAREA BRAVA 1.8 16V 00/...ALFA RO;0,;32,37;
142105;JTA COL ADM FIAT PALIO SIENA BRAVA 1 6 16 VAL;9,;21,19;COL-13_E.1
142105A;JTA COL ADM FIAT PALIO SIENA BRAVA 1 6 16VAL;0,;25,60;
142181;JTA COL ADM FIAT PALIO SIENA MOTOR 1.4 FIRE 8V TET;11,;114,31;COL-P3_E.6
142101;JTA COL ADM FIAT TIPO 2.0 16 VAL ALC GAS;27,;50,33;COL-13_J.3
142197;JTA COL ADM FIAT TORO 2016/... 2.4 16V JEEP COMPAS;9,;126,04;RET-7_A.3
15215411;JTA COL ADM FIAT TORO 2016/... MTR TIGERSHARK 2.4;0,;115,48;
142194;JTA COL ADM FIAT TORO JEEP RENEGADE COMPASS MTR MU;4,;172,30;COL-P3-I.1
112102NA;JTA COL ADM FIBRA NA VW GOL SAVEIRO SANTANA PARATI;0,;6,66;
112102A;JTA COL ADM FIBRA VW GOL SAVEIRO SANTANA PARATI AP;0,;16,66;
112103;JTA COL ADM FIBRA VW PASSAT GOL VOYAGE 1.5 1.6 ...;5,;5,70;COL-11_D.2
142149VT;JTA COL ADM FIRE 1.0 1.3 8V;0,;14,11;
132174;JTA COL ADM FORD  FUSION 2012/201 MTR ECOBOOST 2.0;0,;117,18;
172128;JTA COL ADM FORD CARGO FASE I 6 CIL;0,;27,34;
172109;JTA COL ADM FORD CARGO FASE II 6.6 7.8 11-86 SIMPL;0,;66,17;
132192;JTA COL ADM FORD ECOSPORT 17/... KA KA+ 18/... MTR;7,;22,90;COL-P3_B.9
132173;JTA COL ADM FORD ECOSPORT FOCUS FUSION MONDEO RANG;0,;65,27;COL-P3_E.2
132149;JTA COL ADM FORD ESCORT MONDEO ZETEC 1.8 2.0 16 VA;10,;33,34;COL-13_B.4
1321491;JTA COL ADM FORD ESCORT MONDEO ZETEC 1.8 2.0 16 VA;5,;75,29;COL-13_B.3
172130;JTA COL ADM FORD F600 PERKINS 6357 CHEVROLET D60 D;0,;50,66;
172132;JTA COL ADM FORD F700 F750 MASSEY FERGUSON PERKINS;0,;35,38;
132147;JTA COL ADM FORD FIESTA COURIER ZETEC ROCAM 1.6 8;18,;40,21;COL-P3_D.1
132145;JTA COL ADM FORD FIESTA ECOSPORT KA ZETEC ROCAM 1.;26,;27,62;COL-P3_A.2
132145VT;JTA COL ADM FORD FIESTA ECOSPORT KA ZETEC ROCAM 1.;0,;14,60;
132104;JTA COL ADM FORD FIESTA KA COURIER ENDURA ESPANHOL;4,;18,62;COL-13_A.3
132101;JTA COL ADM FORD MAVERICK F100 F75 JEEP UTILITARIO;0,;25,03;
132102;JTA COL ADM FORD MAVERICK F100 F75 JEEP UTILITARIO;0,;25,03;
132103;JTA COL ADM FORD MAVERICK WILLYS JEEP 6 CIL 58 A 7;5,;42,05;COL-13_B.1
172122;JTA COL ADM FORD MICRO ONIBUS F2000 4000 FB400;0,;63,96;
1721221;JTA COL ADM FORD MICRO ONIBUS FB400 F2000 F4000;0,;73,19;
1321492;JTA COL ADM FORD MONDEO 16 VAL;0,;98,94;
132197;JTA COL ADM FORD NEW FIESTAS 2016/... MTR ECOBOOST;0,;142,35;
1321532;JTA COL ADM FORD RANGER EXPLORE V6 12 VAL 90 A 01;0,;150,51;
132153;JTA COL ADM FORD RANGER EXPLORE V6 12 VAL 90 A 96;7,;50,20;COL-13_A.1
132159;JTA COL ADM FORD RANGER SOHC 2.3 2.5;0,;66,44;
1721222;JTA COL ADM FORD TRATOR 6600 MTR FTO 4.600;0,;70,52;
172101;JTA COL ADM FORD TRATOR 8 BR 4203;0,;20,23;
1721012;JTA COL ADM FORD TRATOR MASSEY FERGUSON MF 65 X 58;0,;4,38;
1720082;JTA COL ADM FRONTAL PK TRATOR 580H GM D10 D20 MTR;0,;19,04;
172126;JTA COL ADM FTO 8700 9700 CARGO 6 6 12V;0,;24,96;
1221160PK;JTA COL ADM GM CAPITIVA 3.0;0,;204,11;
122101;JTA COL ADM GM CHEVETTE ALC GAS 1 4 1 6;10,;14,08;COL-12_E.1
122110;JTA COL ADM GM CHEVETTE ALC/GAS 1 4 1 6;16,;23,13;COL-12_D.6
122113;JTA COL ADM GM CHEVETTE JUNIOR 1000;51,;29,38;COL-12_B.4
122193;JTA COL ADM GM CORSA 1.0 1.6 8 16V;3,;29,12;COL-12_D.5
122109;JTA COL ADM GM CORSA CELTA EFI MPFI 1.0 8V 94/...;14,;12,14;COL-12_F.4
122114;JTA COL ADM GM CORSA CELTA MPFI 1.0 1.4 1.6 8V 97/;84,;9,42;COL-P3_A.1
122114VT;JTA COL ADM GM CORSA CELTA MPFI 1.0 1.4 1.6 8V 97/;0,;7,24;
1221170;JTA COL ADM GM CRUZE 16/...TRACKER 17/... MTR LE2;0,;157,20;
12211641BN;JTA COL ADM GM CRUZE TRACKER 1.8 4CIL 16V F18 D4 D;0,;72,84;
1221119;JTA COL ADM GM MERIVA FIAT STILO 1.8 16V 04/... FL;4,;25,46;COL-12_E.2
122103;JTA COL ADM GM MONZA 1.6 1.8 82/86 FASE I;11,;10,83;COL-12_B.2
122106;JTA COL ADM GM MONZA KADETT 1.8 2.0 EFI MPFI OMEGA;8,;32,10;COL-12_F.2
122104;JTA COL ADM GM MONZA KADETT IPANEMA 1.8 2.0 87/90;4,;10,83;COL-12_E.3
122107;JTA COL ADM GM MONZA KADETT S10 OMEGA 2.0 2.2 MPFI;13,;12,78;COL-12_E.4
1221121;JTA COL ADM GM OMEGA A CIH 6CIL 3.0 12V;0,;83,90;
1221105;JTA COL ADM GM S10 BLAZER VORTEC 4.3 V6 GAS 96/...;2,;75,30;COL-12_C.3
12211052;JTA COL ADM GM S10 BLAZER VORTEC GAS V6 4.3;7,;90,62;COL-12_D.4
1221166;JTA COL ADM GM S10 TRAIL BLAZER 12 CTDI LTZ 2.8 4C;5,;144,94;COL-12_A.2
1221155;JTA COL ADM GM SS10 VORTEC 4.3 6CIL;0,;82,35;
12211552;JTA COL ADM GM SS10 VORTEC 6CIL 4.3 .../94;0,;372,41;
1221163ML;JTA COL ADM GM TRACKER SUZUKI GRAND VITARA MTR 121;0,;111,85;
122175;JTA COL ADM GM VECT AST BLAZ S10 MPFI 1.8 2.0 2.2;0,;27,84;
1221751;JTA COL ADM GM VECT AST BLAZ S10 MPFI 1.8 2.0 2.2;0,;27,84;
1221150;JTA COL ADM GM VECTRA GSI CALIBRA 2.0 16V 94/96;0,;169,33;
122112;JTA COL ADM GM VECTRA S10 ASTRA MPFI 2.0 2.2 2.4 1;7,;10,89;COL-12_B.5
15211591;JTA COL ADM HONDA ACCORD VTEC MTR 1.8 2.0 16V F18B;0,;29,61;
1521159;JTA COL ADM HONDA ACCORD VTEC SOHC 1.8 16 VAL F18B;6,;31,82;ADM-15_C.3
1521185;JTA COL ADM HONDA CIVIC 1.8 16V RA18A1 RA18A2;3,;80,33;COL-P3_F.8
152162;JTA COL ADM HONDA CIVIC D15Z3 D15Z6 D15Z8 D16Z6 D1;10,;50,33;ADM-15_C.5
1521112;JTA COL ADM HONDA CIVIC D15Z3 D15Z6 D15Z8 D16Z6 D1;0,;24,07;
1521171;JTA COL ADM HONDA CIVIC NEW CIVIC FIT 1.7 16 VAL F;7,;74,49;ADM-15_D.5
15211611;JTA COL ADM HONDA CIVIC VTEC VTEC E COUPE CRV CRX;3,;61,27;ADM-15_C.4
1521169;JTA COL ADM HONDA FIT CITY JAZZ I-DSI TWIN SPARK 1;6,;73,11;ADM-15_E.3
15218001BN;JTA COL ADM HYUNDAI COUPE SANTA FE SONATA TIBURON;0,;82,76;COL-P3_I.3
15215605ML;JTA COL ADM HYUNDAI HR 13/... KIA SORENTO 02/... B;0,;41,21;
1521177;JTA COL ADM HYUNDAI I30 TUCSON 2.0 16V G4GC;0,;59,36;ADM-15_E.6
15218004;JTA COL ADM HYUNDAI KIA MTR G6DB MPI 3.3 24V V6;0,;168,58;
15218012;JTA COL ADM HYUNDAI VERACRUZ GENESIS KIA CARNIVAL ;0,;178,15;
1421051;JTA COL ADM INJ FIAT DOBLO BRAVA PALIO SIENA 1.6 1;3,;36,42;COL-P3_E.3
1321591;JTA COL ADM INJ FORD RANGER SOHC 2.3 2.5 4CIL;0,;65,27;
421227;JTA COL ADM INJ GM S10 OMEGA 4.1 6CIL;0,;17,41;DIV-3_I.2
15211301;JTA COL ADM INJ PEUGEOT 106 206 PARTNER TU1JP HFY/;0,;11,70;
152176;JTA COL ADM INJ RENAULT CLIO MEGANE SCENIC LAGUNA;0,;36,98;
112189;JTA COL ADM INJ VW BORA NEW BEETLE GOLF SHARAN APK;3,;41,07;COL-11_B.4
112067;JTA COL ADM INJ VW GOL SAVEIRO PARATI MI 1.0 16V 9;17,;50,30;COL-11_F.5
1621281;JTA COL ADM INJE M BENS SPRINTER CDI 2.2 16 VAL MB;0,;58,30;
1521401;JTA COL ADM IVECO 2.5 ASPIRADA 1996;0,;7,76;
1121122BN;JTA COL ADM JETTA BORA 2.5 20V;0,;150,05;
15210702;JTA COL ADM JIMBEI TOPIC 2.0 16V;0,;102,19;
152125;JTA COL ADM KIA BESTA 2.7 DIESEL ANO ATE 97;0,;24,48;
152123;JTA COL ADM KIA BESTA 2.7 GS 3.0 16 LUGARES DIESEL;0,;41,94;
152121;JTA COL ADM KIA BESTA ESPORTAGE 2.0 2.2 DIESEL;0,;25,88;
152173;JTA COL ADM KIA PICANTO HYUNDAI ATOS MTR G4HG G4HE;0,;88,95;
162014;JTA COL ADM M BENS OM355 5 6 CIL CAL 60 CARB 2E 3;0,;32,30;
1621142;JTA COL ADM M BENS OM355 5 CIL 1519 2219 2 SAIDAS;0,;24,20;
1621143;JTA COL ADM M BENS OM355 5 CIL 1519 2219 3 SAIDAS;0,;25,06;
162122;JTA COL ADM M BENS OM364 4 CIL;0,;14,97;
1621201;JTA COL ADM M BENS OM366;0,;30,87;
162120;JTA COL ADM M BENS OM366 366A 6 CIL TURBO ASPIRADO;0,;8,55;
162146;JTA COL ADM M BENS S320 E320 MTR MB104.990 980 3.2;0,;190,09;
162128;JTA COL ADM M BENS SPRINTER CDI 2.2 16 VAL MB611.9;0,;36,96;
19211101;JTA COL ADM MAN D0834 LFL LOH 4.6 16V 4CIL MAN D08;0,;12,02;
162124;JTA COL ADM MERCEDES OM 447 OM 449 5CIL 12V;0,;4,48;
162131;JTA COL ADM MERCEDES OM 904 906 924 926;0,;21,52;
152170ML;JTA COL ADM MITSUBISHI L200 L300 PAJERO MONTERO 4D;10,;57,12;ADM-15_E.4
15215415;JTA COL ADM MITSUBISHI L200 TRITON 2017/... PAJERO;0,;141,11;
1521196BN;JTA COL ADM MITSUBISHI MONTERO III PAJERO TD TRITO;17,;227,24;ADM-15_F.3
15215413;JTA COL ADM MITSUBISHI MTR 4G69 2.4 16V MITSUBISHI;0,;117,98;
152154031;JTA COL ADM MITSUBISHI MTR 6G74 HPE 3.5 24V SOHC V;0,;146,17;
1521194;JTA COL ADM MITSUBISHI PAJERO IO 98/ TR4 FLEX 02/;0,;151,78;
152154;JTA COL ADM MITSUBISHI PAJERO TDI 4M40T DIESEL TUR;0,;60,21;
122105;JTA COL ADM MONZA KADETT 2.0 SLE;52,;12,32;COL-12_G.2
19211019PK;JTA COL ADM MTR CUMMINS FORD F350 MTR ISF 2.8L 16V;0,;53,17;
142193;JTA COL ADM MTR FIREFLY 1.3 16V 4CIL FLEX;12,;141,45;COL-P3_I.7
1842094;JTA COL ADM MWM T D299 -4 4 CIL TURDO DIESEL 3.9 1;0,;23,89;
152158;JTA COL ADM MWM VOLARE A6 GM S10 BLAZER VW VAN SPR;0,;64,38;
152159CB;JTA COL ADM MWM VOLARE SPRINT 6.07 6 CIL;0,;52,46;
15216004;JTA COL ADM NISSAN CABSTAR MTR YD25DDTI 2.5 16V;0,;138,08;
152160031;JTA COL ADM NISSAN FRONTIER 07/...PATHIFINDER MTR;5,;46,92;ADM-15_A.5
152160121;JTA COL ADM NISSAN FRONTIER MTR YS23 2.3 16V DCI/M;0,;215,37;
15216005BN;JTA COL ADM NISSAN MARCH LIVINA TIIDA VERSA MTR HR;0,;147,90;
15216006;JTA COL ADM NISSAN MARCH VERSA HR12DE CVVTCS 1.0 1;5,;135,11;COL-P3_I.2
152160;JTA COL ADM NISSAN SENTRA TIIDA VERSA LIVINA RENAU;6,;55,46;COL-P3_H.1
1221161PK;JTA COL ADM PACK BOR GM CAPTIVA MTR 10HM 3.6 24V V;0,;131,13;
15211001;JTA COL ADM PEU 306 405 406 806 EXPERT BOX CITRO Z;0,;58,77;
1521128;JTA COL ADM PEUGEOT 106 205 306 91/ CITROEN BX11 C;0,;56,56;
15219603;JTA COL ADM PEUGEOT 208 2013/.... CITROEN C3 PICAS;3,;110,51;COL-P3_B.5
15219602;JTA COL ADM PEUGEOT 3008 308 508 RC2 1.6 16V 06/..;0,;137,07;
152198;JTA COL ADM PEUGEOT 306 406 CITROEN XANTIA XSARA X;7,;41,86;ADM-15_C.1
1521481;JTA COL ADM PEUGEOT 504 505 XD2 XD3 DIESEL;0,;8,90;
15219605;JTA COL ADM PEUGEOT CITROEN 208 C3 PURETECH HMY FL;0,;116,31;
1521109;JTA COL ADM RENAULT CAPTUR DUSTER DUSTER OROCH SAN;0,;67,10;
15218602BN;JTA COL ADM RENAULT CAPTUR DUSTER OROCH LOGAN II S;5,;39,90;RET-7_C.6
1521108;JTA COL ADM RENAULT CLIO MEGANE LAGUNA SCNIC MOTOR;0,;41,96;ADM-15_E.1
1521114;JTA COL ADM RENAULT CLIO MEGANE SCENIC KANGOO K7M;0,;41,96;
1521118;JTA COL ADM RENAULT CLIO MEGANE SCENIC LAGUNA K4J;10,;54,71;ADM-15_D.2
1521175;JTA COL ADM RENAULT MASTER 2.5 16 VAL G9U 720 724;5,;99,43;COL-P3_G.6
1521180;JTA COL ADM RENAULT MASTER III DCI M9T 2 3 16V 4 C;5,;177,79;ADM-15_B.6
152102;JTA COL ADM RENAULT TRAFIC GAS;0,;35,12;
142141;JTA COL ADM S FURO FIAT TIPO 2.0 8V ALC GAS;0,;16,86;
19211205;JTA COL ADM SCANIA D9 XPI D13 XPI D16 XPI DC16A PD;0,;12,02;
1221167SL;JTA COL ADM SIL GM S10 LCV ECOTEC SIDI DOHC VVT FL;0,;109,81;
15216011SL;JTA COL ADM SIL NISSAN SENTRA TIIDA VERSA LIVINA R;0,;124,70;
1221170SL;JTA COL ADM SILIC GM CRUZE 16/...TRACKER 17/... MT;0,;157,20;
1521187SL;JTA COL ADM SILIC HYUNDAI HB20I30 VELOSTER KIA SOU;0,;76,55;
1521146SL;JTA COL ADM SILIC TOYOTA COROLLA VVTI FILDER VVTI;1,;124,70;
152162071;JTA COL ADM SILIC VTEC L15A7 LEA1 1.5 16V HONDA CI;4,;141,70;COL-P3_H.5
152118;JTA COL ADM SUZUKI EFFA TOWNER F10 ASJ410 JIMNY SA;0,;61,29;
1521163;JTA COL ADM SUZUKI GRAND VITARA SZ BALENO VITARA 9;0,;61,25;
15216804;JTA COL ADM SUZUKI MOTOR M13 1.3 16V 4 CIL;0,;71,94;
1521106;JTA COL ADM TOYOTA COROLLA 1.6 16 VAL 4AFE;9,;33,55;ADM-15_D.4
1521148;JTA COL ADM TOYOTA COROLLA FILDER VVTI 01/ 1.8 16;7,;73,31;ADM-15_E.5
1521146BN;JTA COL ADM TOYOTA COROLLA VVTI FILDER VVTI RAV4 1;6,;48,51;COL-P3_G.8
1521146;JTA COL ADM TOYOTA COROLLA VVTI FILDER VVTI RAV4 1;0,;64,37;
152150;JTA COL ADM TOYOTA HILUX 2 3 5 LITROS 2.5 2.8 3.0;0,;72,77;
15215008;JTA COL ADM TOYOTA HILUX 2.7L 16V 2TRFE;0,;125,60;
1521155;JTA COL ADM TOYOTA HILUX 2KD FTV TURBO DIESEL 2.5;0,;37,15;ADM-15_G.3
15215012ML;JTA COL ADM TOYOTA HILUX SW4 SRV 2016/... MTR 2.8;0,;67,39;
152164;JTA COL ADM TOYOTA HILUX TD LANDCRUISER 90TD 3.0 D;5,;54,69;ADM-15_A.4
1720081;JTA COL ADM TRASEIRO TRATOR 580H GM D10 D20 MTR 4;0,;38,26;
1621202;JTA COL ADM TURBO M BENS OM366 366A 6 CIL TURBO AS;0,;8,10;
152148;JTA COL ADM U8 XD2 XD2P XD2S 504 505 2 3 2.5 8V;0,;5,98;
15216207;JTA COL ADM VTEC L15A7 LEA1 1.5 16V HONDA CITY;7,;66,18;ADM-15_A.3
1121117BN;JTA COL ADM VW AMAROK 2.0 4 CIL 16V MTR CNFA CNFAB;2,;118,64;COL-P3_C.6
112101NA;JTA COL ADM VW BR KOMBI 1300 1500 1600;38,;4,75;COL-11_C.1
1121107;JTA COL ADM VW GOL GOLF PARATI PASSAT 2.0 16V 92/9;30,;62,84;COL-11_B.2
1121652;JTA COL ADM VW GOLF 2.0 AP 96;7,;41,96;COL-11_C.4
1121651;JTA COL ADM VW GOLF 2.0 AP 96/...;20,;41,96;COL-11_B.3
112185;JTA COL ADM VW GOLF BORA AGN 1.8 20V;0,;76,49;
112179;JTA COL ADM VW GOLF BORA POLO CLASSIC APF 1.6 99/.;0,;67,09;COL-P3_C.7
1121125;JTA COL ADM VW GOLF GOLF VARIANT JETTA TIGUAN AUDI;0,;57,88;
1121851;JTA COL ADM VW GOLF PST BORA AGN 1.8 20V;0,;38,72;
1121117;JTA COL ADM VW PASSAT AUDI A4 A6 A8 S4 S6 2 4 2 7;0,;62,88;
112183;JTA COL ADM VW PASSAT GOLF BORA SHARA AUDI A3 A4 A;7,;41,96;COL-11_B.1
112187;JTA COL ADM VW PASSAT GOLF BORA SHARA AUDI A3 A4 A;0,;50,33;
1121118;JTA COL ADM VW UP FOX BLUEMOTION MTR 1.0 CHYA CHYB;2,;22,96;COL-P3_C.4
11211181;JTA COL ADM VW UP FOX BLUEMOTION MTR 1.0 CHYA CHYB;6,;42,02;SEL-2_A.2
1521482;JTA COL ADM XU8 XD2 XD2P XD2S 504 505 2 3 2.5 8 VA;0,;4,98;
1521483;JTA COL ADM XU8 XD2 XD2S XD2P 504 505 2 3 2.5 8 VA;0,;7,17;
1320031;JTA COL ENTRE ADM FORD ESCORT CORCEL DEL REY CHT 1;22,;6,39;COL-13_C.4
122009;JTA COL ENTRE ADM GM CHEVROLET BRASIL C10 261 6CIL;26,;11,42;COL-12_F.1
1220121;JTA COL ENTRE ADM GM OMEGA A CIH 6CIL 3.0 12V;0,;217,86;
122102;JTA COL ENTRE ADM GM OPALA CARAVAN AC10 70C10 4/6C;41,;17,00;COL-12_B.3
15208001ML;JTA COL ESC ACO HYUNDAI IX35 2010/... TUCSON SONAT;0,;81,63;
132045VT;JTA COL ESC BVT FORD FIESTA ECOSPORT KA ZETEC ROCA;0,;12,05;
1520130VT;JTA COL ESC BVT PEUGEOT 206 CITROEN C3 1.4 8V TU3J;0,;20,44;COL-15_C.2
112003VT;JTA COL ESC BVT VW GOL SAVEIRO SANTANA PARATI 1.5;0,;7,90;
122001EL;JTA COL ESC ELRING GM CHEVETTE CHEVY MARAJO 1.0 1.;0,;9,73;
122006EL;JTA COL ESC ELRING GM MONZA KADETT IPANEMA S10 OME;4,;9,03;
112003EL;JTA COL ESC ELRING VW GOL SAVEIRO SANTANA PARATI 1;0,;22,79;
15204001;JTA COL ESC FIAT IVECO F30DT 3.0 16V DUCATO CITROE;3,;25,37;ADM-15_C.2
142049VT;JTA COL ESC FIRE 1.0 1.3 1.4 8V  00/... FLEX;0,;8,22;
15208101;JTA COL ESC FORTWO MTR 132.910 1.0 12V 3CIL;0,;109,60;
12201611PK;JTA COL ESC PACK GM CAPTIVA MTR 10HM 3.6 24V V6;0,;120,06;
15208001PK;JTA COL ESC PACK HYUNDAI IX35 2010/... TUCSON SONA;0,;103,41;
152050;JTA COL ESC TOYOTA HILUX 2 3 5 LITROS 2.5 2.8 3.0;7,;84,59;COL-15_C.6
15208008;JTA COL ESCAP  HYUNDAI I30 ELANTRA CRETA MTR G4NB;0,;162,52;
1520175;JTA COL ESCAP (MPK) RENAULT MASTER TRAFIC G9U 720/;10,;13,43;COL-15_F.2
132061;JTA COL ESCAP 183 AEROSTAR V6 RANGER 3.0 12V;0,;36,38;
152086012;JTA COL ESCAP 3 SAIDA RENAULT LOGAN SANDERO KWID S;12,;65,88;COL-15_F.6
152054;JTA COL ESCAP 4 PECAS MITSUBISHI PAJERO NATIVA TDI;12,;28,31;COL-15_E.2
1120107;JTA COL ESCAP 4 PECAS VW GOL GOLF PARATI PASSAT 2.;12,;134,24;COL-11_D.5
1820231;JTA COL ESCAP 6 10 4 10 6 10 6 5;0,;6,01;
1220164ML;JTA COL ESCAP ACO CRUZE TRACKER 1.8 4 CIL 16V F18D;0,;47,46;
1120117ML;JTA COL ESCAP ACO INOX AMAROK COMMON RAIL 2.0 4 CI;4,;103,36;COL-11_E.3
11201171ML;JTA COL ESCAP ACO INOX AMAROK COMMON RAIL MTR CNFA;0,;60,77;
192004ML;JTA COL ESCAP ACO INOX CUMMINS SERIE B4 6CIL;0,;19,82;
1220167;JTA COL ESCAP ACO INOX GM S10 LCV ECOTEC SIDI DOH;0,;153,02;
162024ML;JTA COL ESCAP ACO INOX OM 447/449/457;0,;5,63;
162008;JTA COL ESCAP ACO M BENS OM352A TURBO 6 CIL 1316 1;0,;44,01;
15209605ML;JTA COL ESCAP ACO PEUGEOT CITROEN 208 C3 PURETECH;0,;64,92;
1520108A;JTA COL ESCAP ACO RENAULT LAGUNA MEGANE SCENIC F4P;0,;71,52;
162030ML;JTA COL ESCAP ACO SPRINTER CDI LA DIESEL BI TURBO;7,;117,22;COL-15_C.7
15203801;JTA COL ESCAP ACO SSANGYONG KYRON ACTION KORANDO M;0,;101,31;
1120105ML;JTA COL ESCAP ACO VW GOL POWER EA111 1.0 16 VAL 20;6,;35,12;COL-11_E.1
112007ML;JTA COL ESCAP ACO VW GOL SAVEIRO PARATI MI 1 0 8VA;29,;16,74;COL-11_E.4
112006;JTA COL ESCAP ACO VW GOL SAVEIRO PARATI MI 1.0 16V;23,;18,83;COL-11_F.4
112007A;JTA COL ESCAP ACO VW GOL SAVEIRO PARATI MI 1.0 8V;0,;25,77;
112006A;JTA COL ESCAP ACO VW GOL SAVEIRO PARATI MI GOL POW;0,;26,60;
1120116ML;JTA COL ESCAP ACO VW JETTA PASSAT TIGUAN AUDI Q3 A;0,;70,47;
1120118;JTA COL ESCAP ACO VW UP FOX BLUEMOTION MTR 1.0 CHY;7,;14,96;COL-11_D.4
122002;JTA COL ESCAP ADM ACO GM OPALA 90 CARAVAN 151 ALC;0,;21,76;COL-12_C.1
122002ML;JTA COL ESCAP ADM AÇO GM OPALA CARAVAN 76/... MTR ;0,;39,37;
122005E;JTA COL ESCAP ADM ESTREITA GM OPALA CARAVAN C10 23;0,;29,63;COL-11_G.1
142001;JTA COL ESCAP ADM FIAT 147 OGGI UNO MILLE PREMIO E;18,;32,67;COL-13_I.1
142002;JTA COL ESCAP ADM FIAT FIORINO 1500 NACIONAL CARB;75,;30,08;COL-13_H.2
142007A;JTA COL ESCAP ADM FIAT PALIO ED EDX EL 1000 1500;0,;36,19;
142007;JTA COL ESCAP ADM FIAT PALIO MILLE SMART MPI FIORI;23,;17,33;COL-13_H.4
142009;JTA COL ESCAP ADM FIAT TIPO 1.6 ARGENTINO;8,;26,65;COL-13_H.1
142003;JTA COL ESCAP ADM FIAT UNO PREMIO ELBA 1500 ARGENT;7,;17,51;COL-13_I.3
142004;JTA COL ESCAP ADM FIAT UNO PREMIO ELBA 1600 ARGENT;0,;27,92;COL-13_E.5
132001;JTA COL ESCAP ADM FORD CORCEL BELINA I 1.3 71 A 77;6,;11,17;COL-13_D.4
132002;JTA COL ESCAP ADM FORD CORCEL BELINA II 1.4 1.6 78;4,;13,46;COL-13_A.6
152001;JTA COL ESCAP ADM FORD DODGE POLARA 1800;10,;55,37;
132003;JTA COL ESCAP ADM FORD ESCORT CORCEL DEL REY CHT 1;14,;16,33;COL-13_A.5
174015;JTA COL ESCAP ADM FORD F350 DODGE D400 TRATOR MASS;0,;35,81;
1220115;JTA COL ESCAP ADM GM OMEGA SILVERADO 169 6CIL 4.1;5,;109,50;COL-11_G.1
122003;JTA COL ESCAP ADM GM OPALA 90 CARAVAN 151 ALC GAS;10,;47,84;COL-12_C.2
122004;JTA COL ESCAP ADM GM OPALA 90 CARAVAN 153 GAS 4CIL;3,;18,82;COL-12_D.1
152109;JTA COL ESCAP ADM GM S10 BLAZER M BENS SPRINTER LA;18,;50,33;ADM-15_F.5
122010;JTA COL ESCAP ADM LARGA GM OPALA CARAVAN C10 230 2;2,;38,93;COL-11_G.1
152035;JTA COL ESCAP ADM M BENS 120D 130D 140D 150D 170D;0,;28,48;
152196;JTA COL ESCAP ADM PEUGEOT 205 306 309 405 PARTNER;0,;55,37;
1520481;JTA COL ESCAP ADM PEUGEOT 504 505 XD2 XD3;0,;35,12;
152072;JTA COL ESCAP ADM RENAULT CLIO R9 R11 R19 R21 C1C;14,;47,14;COL-15_F.3
152076;JTA COL ESCAP ADM RENAULT CLIO SCENIC R11 R19 R21;21,;55,37;ADM-15_F.1
1520110;JTA COL ESCAP ADM RENAULT TRAFIC CLIO MEGANE SCENI;0,;92,34;
152005;JTA COL ESCAP ADM RENAULT TRAFIC DIESEL;0,;38,40;
152007;JTA COL ESCAP ASIA TOPIC 2.7 MAZDA 3.0 KIA BONGO A;0,;25,88;
152008;JTA COL ESCAP ASIA TOWNER 3CIL GAS;0,;14,12;
19201008PK;JTA COL ESCAP BASPACK CUMMINS MTR ISB4 3.9 16V 4CI;0,;28,06;
132005PK;JTA COL ESCAP BASPACK FORD FIESTA KA COURIER ENDUR;0,;25,13;
122007PK;JTA COL ESCAP BASPACK GM CORSA CELTA PRISMA EFI MP;0,;25,91;
122006PK;JTA COL ESCAP BASPACK GM MONZA KADETT IPANEMA S10;0,;15,78;
162006;JTA COL ESCAP BASPACK M BENS OM352 1113 1313 1513;0,;25,31;
1820011;JTA COL ESCAP BASPACK MWM D229 225 226 227 3 4 6 C;0,;4,75;
182023;JTA COL ESCAP BASPACK MWM X10 4 10 4.10T 6.10 6.10;0,;4,23;
1520175ML;JTA COL ESCAP BASPACK RENAULT MASTER 2.5 16 VAL G9;0,;57,00;
112003PK;JTA COL ESCAP BASPACK VW GOL SAVEIRO SANTAN PARATI;0,;9,97;
15203301;JTA COL ESCAP BMW 118I 120I E81/E87 318I 320I E90/;0,;164,10;
1520239;JTA COL ESCAP BMW 325I 6CIL;0,;85,61;
1420108DF;JTA COL ESCAP C DEFLETOR PARAF FIAT SCUDO 1.5 2014;0,;440,32;
15209608DF;JTA COL ESCAP C DEFLETOR PEUGEOT EXPERT CITROEN JU;0,;441,44;
15208301;JTA COL ESCAP CHERRY RELY VAN PICK-UP MTR SQR472F;0,;66,52;
15208302;JTA COL ESCAP CHERY RELY MOTOR SQR473 1.3 16V L4 C;0,;92,88;
1220162PK;JTA COL ESCAP CHEVROLET CAPTIVA 2.4 16V ECOTEC;0,;115,00;
142091;JTA COL ESCAP CHRYSLER DODGE FIAT JEEP  FREEMONT S;1,;98,20;COL-13_H.3
15209602;JTA COL ESCAP CITROEN C4 LOUGE C5 DS3 DS4 DS5 PGT;0,;85,68;
1520184;JTA COL ESCAP CITROEN XANTIA ZX PEUGEOT 306 405MI;0,;136,43;
162034;JTA COL ESCAP CUMINS 4B/BTA MOTOR 3.9 L;0,;13,92;
19201004ML;JTA COL ESCAP CUMINS 4B/BTA MOTOR 3.9 L;0,;22,06;
152088;JTA COL ESCAP D7F CLIO TWINGO 1.2 8V;0,;15,32;
152096;JTA COL ESCAP D8B XUD7 XUD7T 205 306 309 405 BOXER;0,;25,58;
152019;JTA COL ESCAP EFFA TOWNER SUZUKI SJ410 JIMNY SAMUR;0,;49,54;
142092;JTA COL ESCAP FIAT ARGO CRONOS MOBI UNO MTR FIREFL;8,;16,89;SAI_E.8
142093;JTA COL ESCAP FIAT ARGO MOBI UNO CRONOS FIREFLY F;1,;94,94;COL-11_B.5
142087;JTA COL ESCAP FIAT DOBLO GRAND SIENA IDEA PALIO PU;20,;38,63;COL-13_I.4
152040;JTA COL ESCAP FIAT DUCATO 2.5 2.8 TURBO ASPIRADA;25,;34,60;COL-15_E.3
1520193;JTA COL ESCAP FIAT DUCATO MULTIJET JTD IVECO 2.3 1;14,;56,39;COL-15_E.6
1420103;JTA COL ESCAP FIAT FASTBACK PULSE ABARTH TORO JEEP;0,;94,94;
142053A;JTA COL ESCAP FIAT FIRE 1.0 1.3 16 VAL;0,;22,69;
15224001ML;JTA COL ESCAP FIAT IVECO F30DT 3.0 1 6V - DUCATO C;0,;38,60;
142057;JTA COL ESCAP FIAT MAREA 2.0 2.4 20 VAL STILO ABAR;7,;52,18;COL-13_F.4
142065;JTA COL ESCAP FIAT MAREA BRAVA 1.8 16V 00/...ALFA;0,;29,25;
142008;JTA COL ESCAP FIAT PALIO SIENA BRAVA 1 6 16 VAL;5,;21,19;COL-13_I.2
142008A;JTA COL ESCAP FIAT PALIO SIENA BRAVA 1 6 16V;0,;23,38;
142053;JTA COL ESCAP FIAT PALIO SIENA DOBLO 1.0 1.3 16V 9;12,;29,12;COL-13_F.3
142081;JTA COL ESCAP FIAT PALIO SIENA MOTOR 1.4 FIRE 8V T;5,;49,73;COL-13_E.4
142005;JTA COL ESCAP FIAT TEMPRA TIPO 2.0 16 VAL ALC GAS;0,;26,78;
142006;JTA COL ESCAP FIAT TEMPRA TIPO 2.0 8 VAL ALC GAS;5,;16,64;COL-13_J.1
142097;JTA COL ESCAP FIAT TORO JEEP COMPASS 2.0 2.4;8,;111,48;ADM-15_B.3
142010;JTA COL ESCAP FIAT UNO 1.6 01/...;0,;35,12;
142049;JTA COL ESCAP FIAT UNO SMART PALIO SIENA IDEA PUNT;136,;20,38;COL-13_G.1
142049A;JTA COL ESCAP FIAT UNO SMART PALIO SIENA IDEIA PUN;0,;37,35;
1720291;JTA COL ESCAP FORD  F1N 5630 6630 7630 4CL;0,;84,00;
172028;JTA COL ESCAP FORD CARGO FASE I 6 CIL;0,;24,80;
172026;JTA COL ESCAP FORD CARGO FASE II 6.6 7.8 11-86 SIM;0,;54,71;
172022;JTA COL ESCAP FORD CARGO TRATOR 6600 4CLI;0,;32,47;
132083;JTA COL ESCAP FORD DURATORQ PUMA TDCI (22DDOP) 2.2;6,;117,21;COL-13_C.5
132092;JTA COL ESCAP FORD ECOSPORT 17/... KA KA+ 18/... M;6,;55,78;COL-13_E.6
132049;JTA COL ESCAP FORD ESCORT MONDEO ZETEC 1.8 2.0 16;96,;36,99;COL-13_D.2
172008;JTA COL ESCAP FORD F350 DODGE D400 TRATOR MASSEY F;0,;18,15;
172030;JTA COL ESCAP FORD F600 CHEVROLET D65 DODGE CBT 10;0,;57,70;
172032;JTA COL ESCAP FORD F700 F750 MASSEY FERGUSON PERKI;0,;13,68;
132047VT;JTA COL ESCAP FORD FIESTA COURIER ZETEC 1.6;0,;9,75;
132047;JTA COL ESCAP FORD FIESTA COURIER ZETEC 1.6;28,;27,15;COL-13_F.1
1320471;JTA COL ESCAP FORD FIESTA ECOSPORT 1.0 ZETEC ROCAM;5,;59,12;COL-13_B.5
132045ML;JTA COL ESCAP FORD FIESTA ECOSPORT KA ZETEC ROCAM;22,;27,15;COL-13_B.2
132005;JTA COL ESCAP FORD FIESTA KA COURIER ENDURA NACION;5,;31,56;COL-13_D.3
132005VT;JTA COL ESCAP FORD FIESTA KA COURIER ENDURA NACION;0,;7,73;
132065;JTA COL ESCAP FORD FOCUS 2.0 16V ZX3 ZETECE 98/.;9,;56,92;COL-13_A.2
132073;JTA COL ESCAP FORD FUSION ECOSPORT 2.2 DURATEC HE;4,;52,63;COL-13_E.2
132090ML;JTA COL ESCAP FORD KAKA+ ECOBOOST TIVCT M2DA M1DA;15,;25,64;COL-13_D.1
132090;JTA COL ESCAP FORD KAKA+ ECOBOOST TIVCT M2DA M1DA;0,;49,41;
132097;JTA COL ESCAP FORD NEW FIESTAS 2016/... MOTOR-ECOB;0,;114,73;
172006;JTA COL ESCAP FORD PERKINS 4203 4CIL INJECAO DIRET;0,;8,11;
132086;JTA COL ESCAP FORD RANGER 13/... TROLLER - T4 MTR;0,;175,78;
132053;JTA COL ESCAP FORD RANGER EXPLORE V6 12 VAL 90 A 9;5,;100,92;COL-13_C.3
132089;JTA COL ESCAP FORD RANGER MTR POWER-STROKE 3.0 16V;0,;129,74;
132059;JTA COL ESCAP FORD RANGER SOHC 2.3 2.5;0,;50,88;
172001;JTA COL ESCAP FORD TRATOR 8 BR 4203;0,;6,22;
172003;JTA COL ESCAP FORD TRATOR MASSEY FERGUSON MF 65X 5;0,;8,13;
132043;JTA COL ESCAP FORD ZETEC 1.4  SIGMA 1.5 1.6;24,;27,02;COL-13_C.2
1220160ML;JTA COL ESCAP GM CAPITIVA 3.0 24V V6;0,;68,34;
1220161ML;JTA COL ESCAP GM CAPTIVA MTR 10HM 3.6 24V V6.;0,;128,35;
122001;JTA COL ESCAP GM CHEVETTE MARAJO 1.0 1.4 1.6;0,;18,24;COL-12_C.4
122008;JTA COL ESCAP GM CHEVROLET BRASIL C10 261 6CIL;7,;23,24;COL-12_F.3
122007;JTA COL ESCAP GM COR CEL PRIS COBAL EFI MPFI 1.0 8;102,;22,87;COL-12_E.5
122093;JTA COL ESCAP GM CORSA 1.0 1.6 8 16V;5,;24,96;COL-12_B.1
122007VT;JTA COL ESCAP GM CORSA CELTA PRISMA EFI MPFI 1.0 1;0,;11,30;
122007A;JTA COL ESCAP GM CORSA CELTA PRISMA EFI MPFI 1.4 1;0,;27,32;
1220170;JTA COL ESCAP GM L2 LEX TURBO 1.4 16V 4CIL FLEX;0,;155,61;
122006;JTA COL ESCAP GM MONZA KADETT IPANEMA S10 OMEGA 1;11,;14,68;COL-12_D.3
122006A;JTA COL ESCAP GM MONZA KADETT IPANEMA S10 OMEGA1 6;0,;34,28;COL-12_D.3
1220173;JTA COL ESCAP GM ONIX 2G 20/... TRACKER MTR ECOTEC;5,;50,05;COL-12_G.3
1220105;JTA COL ESCAP GM S10 BLAZER VORTEC GAS V6 4.3;9,;27,64;COL-12_C.5
1220166;JTA COL ESCAP GM S10 TRAIL BLAZER 12 CTDI LTZ 2.8;2,;153,02;COL-12_D.2
1220163ML;JTA COL ESCAP GM TRACKER SUZUKI GRAND VITARA MTR 1;0,;121,14;
1220150;JTA COL ESCAP GM VECTRA GSI CALIBRA 2.0 16V 94/96;0,;169,33;
122012A;JTA COL ESCAP GM VECTRA S10 ASTRA MPFI 2.0 2.2 16V;0,;37,44;
122012;JTA COL ESCAP GM VECTRA S10 ASTRA MPFI 2.0 2.2 16V;9,;25,49;COL-12_G.1
1520159;JTA COL ESCAP HONDA ACCORD VTEC 1.8 2.0 16V;0,;23,77;
152062;JTA COL ESCAP HONDA CIVIC D13B1 2 D15B1 2 6 7 8 D1;9,;55,37;COL-15_A.1
1520171ML;JTA COL ESCAP HONDA CIVIC NEW CIVIC FIT 1.7 16 VAL;7,;73,09;COL-15_A.3
1520169;JTA COL ESCAP HONDA FIT CITY JAZZ I-DSI TWIN SPARK;7,;70,10;COL-15_B.6
1520185;JTA COL ESCAP HONDA NEW CIVIC 2006/.. R18A1 R18A2;3,;85,05;COL-15_G.3
15208004;JTA COL ESCAP HYUNDAI AZERA MTR G6DE 3.0 G6DB 3.3;0,;170,29;
152111;JTA COL ESCAP HYUNDAI H100 MITSUBISHI PAJERO MONTE;7,;40,21;ADM-15_F.4
1520187;JTA COL ESCAP HYUNDAI HB20 I30 VELOSTER KIA SOUL C;2,;100,35;COL-15_B.1
1520186ML;JTA COL ESCAP HYUNDAI HB20 PICANTO KIA 1.0 12V KAP;5,;36,00;COL-15_B.7
15205605ML;JTA COL ESCAP HYUNDAI HR 13/... KIA SORENTO 02/...;4,;67,96;COL-15_D.4
1520177;JTA COL ESCAP HYUNDAI I30 TUCSON 2 0 16 VAL G4GC;7,;75,47;COL-15_A.6
15208501;JTA COL ESCAP JAC MOTORS J2 J3 J5 MTR 4A90 VVT 1.4;0,;147,81;
142094ML;JTA COL ESCAP JEEP FIAT RENEGADE COMPASS TORO MULT;2,;204,63;COL-13_E.3
1120122PK;JTA COL ESCAP JETTA BORA 2.5 20V;0,;63,83;
15200702;JTA COL ESCAP JIMBEI TOPIC 2.0 16V;0,;114,83;
152025;JTA COL ESCAP KIA BESTA 2.7 DIESEL ANO ATE 97;0,;54,71;
152021;JTA COL ESCAP KIA BESTA ESPORTAGE 2.0 2.2 DIESEL;0,;24,48;
152023;JTA COL ESCAP KIA BESTA GS 2.7 3.0 BONGO K2700 DIE;7,;55,33;ADM-15_G.1
152073MP;JTA COL ESCAP KIA PICANTO HYUNDAI ATOS MTR G4HG G4;0,;98,66;
152073;JTA COL ESCAP KIA PICANTO HYUNDAI ATOS MTR G4HG G4;0,;55,58;
152031;JTA COL ESCAP LADA NIVA;0,;20,26;
15203705;JTA COL ESCAP LAND ROVER FREELANDER 2 B6324S 3 2 2;0,;213,55;
15203707;JTA COL ESCAP LAND ROVER FREELANDER 2 MTR 3.2 B632;0,;329,56;
1820011T;JTA COL ESCAP LARGA AÇO TURBO MTR MWM D225 D226 D2;0,;6,39;
15208601;JTA COL ESCAP LOGAN SANDERO KWID MTR SCE B4D FLEX;5,;63,34;COL-15_D.6
162010;JTA COL ESCAP M BENS OM314 L608D OM324;0,;21,19;
162114;JTA COL ESCAP M BENS OM355 5 CIL 1519 2219;0,;35,42;
162020;JTA COL ESCAP M BENS OM366;0,;4,39;COL-15_G.2
19201101;JTA COL ESCAP MAN D0834 LFL LOH 4.6 16V 4CIL MAN D;0,;33,51;
15203501;JTA COL ESCAP MERCEDES A200 A250 B200 CLA200 CLA25;0,;415,35;
1520214;JTA COL ESCAP MERCEDES CLASSE A 140 160 190;0,;113,78;
162044;JTA COL ESCAP MERCEDES OM 457 OM 457LA 24V;0,;13,23;
162031;JTA COL ESCAP MERCEDES OM 904 906 924 926;0,;31,36;
15201301MP;JTA COL ESCAP MET PACK PEUGEOT 106 206 PARTNER TU1;0,;42,47;
1120103MP;JTA COL ESCAP MET PACK VW GOL POWER TREND POLO FOX;0,;18,61;
15205415ML;JTA COL ESCAP MITSUBISHI L200 TRITON 2017/... PAJE;13,;177,36;COL-15_F.5
1520196;JTA COL ESCAP MITSUBISHI MONTERO III PAJERO TD TRI;13,;181,79;COL-15_C.5
15205413ML;JTA COL ESCAP MITSUBISHI MOTOR - 4G69 2.4 16V;0,;167,15;
15205403;JTA COL ESCAP MITSUBISHI MTR 6G72 3.0 24V SOHC V6;0,;154,99;
1520194;JTA COL ESCAP MITSUBISHI PAJERO IO 98/ TR4 FLEX 02;0,;86,23;
162028;JTA COL ESCAP MPK M BENS SPRINTER CDI 2.2 16 VAL M;0,;58,42;ADM-15_F.2
1520541;JTA COL ESCAP MPK MITSUBISHI PAJERO NATIVA TDI 2.8;0,;40,21;
152058;JTA COL ESCAP MWM VOLARE A6 GM S10 BLAZER VW VAN S;4,;16,11;COL-15_G.2
15206006;JTA COL ESCAP NISSAN  MARCH VERSA  MOTOR HR12DE CV;6,;141,77;COL-15_E.4
15206004ML;JTA COL ESCAP NISSAN CABSTAR MTR YD25DDTI 2.5 16V;2,;147,36;COL-15_D.7
15206012;JTA COL ESCAP NISSAN FRONTIER 15/... MTR YS23 16V;0,;213,00;
15206003ML;JTA COL ESCAP NISSAN FRONTIER PARTHFINDER 2.5 16V;6,;47,09;COL-15_C.3
15206005ML;JTA COL ESCAP NISSAN MARCH LIVINA TIIDA VERSA MTR;0,;160,79;
152060ML;JTA COL ESCAP NISSAN SENTRA TIIDA VERSA LIVINA REN;4,;31,12;COL-15_D.3
1520171PK;JTA COL ESCAP PACK  HONDA CIVIC NEW CIVIC FIT 1.7;0,;67,58;
1720322;JTA COL ESCAP PERKINS MOTOR 6358 6CIL DIESEL ABERT;0,;19,15;
1520128;JTA COL ESCAP PEUGEOT 106 205 306 91/... CITROEN B;0,;41,86;COL-15_E.5
1520130;JTA COL ESCAP PEUGEOT 106 206 PARTNER TU1JP HFY HF;0,;65,22;
15201301ML;JTA COL ESCAP PEUGEOT 106 206 PARTNER TU1JP HFY/HF;18,;68,42;COL-15_B.2
1520141;JTA COL ESCAP PEUGEOT 206 307 406 407 607 806 807;5,;62,94;COL-15_A.7
1520134;JTA COL ESCAP PEUGEOT 206 307 PARTNER TU5JP4 NFU/N;10,;35,75;COL-15_A.4
1520100;JTA COL ESCAP PEUGEOT 306 406 CITRO 1.6 XU5JP XU5;0,;41,96;
152098;JTA COL ESCAP PEUGEOT 306 406 CITROEN XANTIA XSARA;3,;41,96;ADM-15_A.8
15201001;JTA COL ESCAP PEUGEOT 306 XSI 405 1.6 XU5JP XU5 1.;0,;41,96;
15209608;JTA COL ESCAP PEUGEOT EXPERT CITROEN JUMPY MTR DV6;0,;95,17;
1520109;JTA COL ESCAP RENAULT CAPTUR DUSTER DUSTER OROCH S;0,;129,62;
15208602ML;JTA COL ESCAP RENAULT CAPTUR DUSTER OROCH LOGAN II;8,;29,22;ADM-15_B.4
152086;JTA COL ESCAP RENAULT CLIO KANGOO TWINGO D7D D7F 1;1,;47,14;COL-15_B.3
152087;JTA COL ESCAP RENAULT CLIO KANGOO TWINGO SANDERO P;3,;47,78;COL-15_B.4
1520108;JTA COL ESCAP RENAULT LAGUNA MEGANE SCENIC F4P 1.8;1,;85,54;COL-15_F.1
1520179;JTA COL ESCAP RENAULT LOGAN 1.6 8 VAL MTR K7J710 K;5,;106,73;COL-15_D.5
1520180;JTA COL ESCAP RENAULT MASTER III DCI M9T 2.3 16V 4;5,;169,44;ADM-15_D.8
1520114;JTA COL ESCAP RENAULT MEGANE CLIO KANGOO SCENIC MT;0,;66,44;COL-15_A.5
1520118;JTA COL ESCAP RENAULT MEGANE SCENIC LAGUNA K4M 1.6;7,;80,12;COL-15_B.5
152002;JTA COL ESCAP RENAULT TRAFIC GAS;20,;35,12;
19201205;JTA COL ESCAP SCANIA D9 XPI D13 XPI D16 XPI DC16A;0,;37,19;
152018;JTA COL ESCAP SUZUKI EFFA JIMNY SIERRA SJ410 SUPER;0,;53,87;
1520163;JTA COL ESCAP SUZUKI GRAND VITARA SZ BALENO VITARA;5,;51,66;
15206804;JTA COL ESCAP SUZUKI MTR M13 1.3 16V 4CIL SUZUKI J;0,;78,88;
1520104;JTA COL ESCAP SUZUKI SWIFT ESCUDO VITARA SIDEKICK;4,;77,79;COL-15_D.2
15201043;JTA COL ESCAP SUZUKI SWIFT ESCUDO VITARA SIDEKICK;0,;57,71;
15205003;JTA COL ESCAP TOYOTA CAMRY CARINA CELICA CORONA MR;0,;133,62;
1520106;JTA COL ESCAP TOYOTA COROLLA 1.6 1.8 16 VAL 4AFE 7;6,;77,79;COL-15_C.4
1520146;JTA COL ESCAP TOYOTA COROLLA VVTI FILDER VVTI RAV4;6,;53,52;COL-15_C.1
15205016ML;JTA COL ESCAP TOYOTA ETIOS YARIS MTR 1NR-FE 1.3 1.;0,;164,10;ADM-15_A.7
15205008;JTA COL ESCAP TOYOTA HILUX 2.7L 16V 2TRFE;0,;166,52;
15205012ML;JTA COL ESCAP TOYOTA HILUX SW4 SRV 2016/... MTR 2.;8,;100,89;COL-15_F.4
152064;JTA COL ESCAP TOYOTA HILUX TD LANDCRUISER 90TD 3.0;0,;76,87;COL-15_D.1
152048;JTA COL ESCAP U8 XD2 XD2P XD2S 504 505 2 3 2.5 8V;0,;5,98;
15206207ML;JTA COL ESCAP VTEC HONDA CITY FIT;3,;16,79;COL-15_G.4
1120126;JTA COL ESCAP VW AUDI MTR FSI BLX BLY BLR BVY BVZ;0,;70,56;
1120103ML;JTA COL ESCAP VW FOX GOL POWER PARATI MI 8V;67,;20,46;COL-11_D.3
112003A;JTA COL ESCAP VW GOL SAVEIRO SANTAN PARATI 1 5 1 6;0,;18,32;
112003;JTA COL ESCAP VW GOL SAVEIRO SANTANA PARATI 1.5 1.;18,;13,19;COL-11_F.1
112079;JTA COL ESCAP VW GOLF BORA POLO CLASSIC APF 1.6 99;5,;75,39;COL-11_F.2
112065;JTA COL ESCAP VW GOLF GL 1.8 2.0 AP 96/...;51,;41,96;COL-11_E.2
112081;JTA COL ESCAP VW GOLF SR BORA AUDI A3 A4 AEH AKL A;3,;75,39;COL-11_F.6
1120114;JTA COL ESCAP VW JETTA PASSAT GOLF NEW BEETLE AUDI;0,;83,67;
1122124;JTA COL ESCAP VW MSI 1.6 GOL VOYAGE SAVEIRO FOX CR;0,;46,06;
112083;JTA COL ESCAP VW PASSAT GOLF BORA SHARA AUDI A3 A4;27,;50,33;COL-11_F.3
1321611;JTA COL INJ ELET 183 AEROSTAR V6 RANGER 3.0 12V;0,;17,89;
132143;JTA COL INJ ELET FORD FIESTA COURIER 1.4 16 VAL;10,;35,12;COL-P3_D.5
421293;JTA COL INJ ELET GM CORSA DOHC 1.0 1.6 8 16V;8,;11,55;DIV-3_H.2
142102VT;JTA COL INJ FIAT PALIO MILLE SMART MPI FIORINO FIA;0,;4,52;
142102;JTA COL INJ FIAT PALIO MILLE SMART MPI FIORINO FIA;31,;10,83;COL-13_F.2
1321531;JTA COL INJ FORD RANGER EXPLORE V6 12 VAL 90 A 01;0,;67,09;
1121653;JTA COL INJ VW GOLF 2.0 AP 96/...;31,;41,96;COL-11_C.3
15208015;JTA COLE ESCAP ACO HYUNDAI KIA MTR 1.0 12V KAPPA T;5,;116,39;COL-15_G.3
132186SL;JTA COLET ADM FORD RANGER 13/... TROLLER - T4 MTR;4,;142,98;RET-7_B.2
1521731;JTA COLET ADM HYUNDAI KIA PICANTO ATOS G4HE G4HG 1;0,;79,64;
132189;JTA COLET ADM ML MTR POWER 3.0 16V DIESEL FOR;0,;133,50;
132183SL;JTA COLET ADM MTR FORD DURATORQ PUMA TDCI (22DDOP);1,;114,40;COL-P3_D.2
394001022;JTA COLETOR ADMISSAO HONDA MOTOR - C100;0,;1,90;
394001076;JTA COLETOR ADMISSAO HONDA MTR 400CC;0,;3,85;
162144;JTA COLETOR ADMISSAO M BENS MOTOR OM 457 OM 457LA;0,;32,46;
1621441;JTA COLETOR ADMISSAO M BENS MOTOR OM 457 OM457LA 2;0,;70,23;
394001052;JTA COLETOR CARBURADOR HONDA MTR 300CC;0,;3,80;
132078PK;JTA COLETOR ESCAPE BASPACK FORD MOTOR ECOBOOST MGD;0,;164,92;
19201019ML;JTA COLETOR ESCAPE CUMMINS MOTOR ISF 2.8 16V;0,;69,08;
132074;JTA COLETOR ESCAPE FORD FUSION 2012/2016 MOTOR-ECO;0,;164,97;
132076;JTA COLETOR ESCAPE FORD MOTOR ECOBOOST 2.0 16V FUS;0,;143,09;
15205408ML;JTA COLETOR ESCAPE MITSUBISHI MOTOR - 4G64 2.4 16V;0,;146,26;
19201302ML;JTA COLETOR ESCAPE VOLVO FH13 FM360 FM400 FM420 FM;0,;34,78;
164218;JTA COMPRESOR AR 0.40MM M BENS L321 1111 OM 352 OM;0,;8,44;
1642014;JTA COMPRESOR AR 0.80MM M BENS L321 1111 OM 352 OM;0,;6,61;
133581;JTA CONEXAO D'GUA FORD NEW FIESTA ECOSPORT 10/.. F;0,;33,80;
1741303;JTA CONEXAO SAIDA D AGUA FORD F600 CHEVROLET D65 D;0,;8,53;
1742082;JTA CONEXAO SAIDA D AGUA PK PERKINS 4236 4248 AGRI;0,;11,36;
1741015;JTA CONEXAO SUPERIOR SAIDA D AGUA FORD TRATOR 8BR;0,;6,97;
1742224;JTA CORPO BBA D AGUA CARGO F2000 F4000 MICRO ONIBU;0,;4,40;
144104;JTA CORPO BBA D AGUA FIAT UNO PREMIO ELBA 1500 160;10,;7,16;
154276;JTA CORPO BBA OLEO MTR F1N F2N 1.8 8V RN CLIO R09;0,;5,84;
144247;JTA CORPO BORBOLETA FIAT TEMPRA 2.0 16 VAL;0,;5,80;
1342493;JTA CORPO BORBOLETA FORD ESCORT MONDEO ZETEC 1.6 1;0,;14,81;
1540871BN;JTA CORPO INJECAO RENAULT CLIO KANGOO TWINGO SANDE;0,;16,57;
1242166;JTA CTDI LTZ 2.8 4 CILS 16V DIESEL GM S10 TRAIL B;0,;78,85;
12421661;JTA CTDI LTZ 2.8 4 CILS 16V DIESEL GM S10 TRAIL B;0,;70,76;
391701072BN;JTA CUBA CARBURADOR HONDA CG125 ML125 TURUNA125 CG;0,;6,78;
1261118;JTA CUBO 04 FUROS (137MM INT X 175MM EXT) 21MM ESP;0,;4,53;
1261122;JTA CUBO 04 FUROS (162MM INT X 205MM EXT) 22MM ESP;0,;4,99;
1261120;JTA CUBO 05 FUROS (160MM INT X 200MM EXT) 20MM ESP;0,;4,94;
1261119;JTA CUBO 06 FUROS (158MM INT X 200MM EXT) ESP 20MM;0,;4,97;
1521581;JTA CURVA DA ADM S10 00 A5 A8 MWM SPRINT4 07TCA 2;0,;16,66;
154287BN;JTA CX ADM BOR RENAULT CLIO KANGOO TWINGO SANDERO;8,;73,87;DIV-3_A.2
1733081;JTA CX AO ADAP PERKINS 4236 FORD F350 CHEVROLET D1;0,;10,43;
193311012;JTA CX DIST BLOCO CUMMINS FORD F350 MTR ISF 2.8L 1;0,;131,21;
193311013;JTA CX DIST CUMMINS FORD F350 MTR ISF 2.8L 16VAL 2;0,;55,83;
211208;JTA CX REDUTORA VW KOMBI 1500;0,;3,53;
1535071;JTA CX TERM ASIA TOPIC 2.7 MAZDA 3.0 KIA BONGO ASI;0,;8,90;
133549;JTA CX TERMOSTATO GUARNITAL FORD ESCORT MONDEO ZET;0,;11,88;
211203;JTA CX TRAMB VW FUSCA BRASILIA KOMBI VARIANT TL 13;0,;11,67;CAM-1_A.1
124221;JTA DA BASE DO CARBURADOR GM MONZA MT. OHC 1.6;8,;2,08;
19221101;JTA DA DESCARGA MAN D0834 LFL LOH 4.6 16V 4CIL MAN;0,;70,70;
112601;JTA DA TPA DA BOMBA DE ÓLEO 8 MM VW FUSCA BRASÍLIA;10,;1,00;
631102;JTA DE BÓIA (BORRACHA) CORCEL II;10,;3,07;DIV-1_A.6
621102;JTA DE BÓIA (BORRACHA) CORSA (TODOS) INJEÇÃO;6,;31,59;DIV-1_B.3
631103;JTA DE BÓIA (BORRACHA) ESCORT ATÉ 93;20,;11,00;
641102;JTA DE BÓIA (BORRACHA) FIAT 98/...;15,;12,71;DIV-1_A.5
641103;JTA DE BÓIA (BORRACHA) FIAT UNO;5,;7,48;
611103;JTA DE BÓIA (BORRACHA) PASSAT/GOL/VOYAGE/SAVEIRO A;30,;7,79;DIV-1_B.2
611102;JTA DE BÓIA (CORTIÇA) BRASÍLIA/KOMBI MODERNO;20,;7,79;DIV-1_A.2
631101;JTA DE BÓIA (CORTIÇA) CORCEL I;86,;3,64;DIV-1_A.3
611101;JTA DE BÓIA (CORTIÇA) FUSCA/BRASÍLIA/KOMBI ANTIGO;45,;7,78;DIV-1_A.1
11431036SL;JTA DIAF MEMB ANTI CHAMA 62.0MM SEM TRAVA VW GOL P;0,;48,20;
11431033SL;JTA DIAF MEMB ANTI CHAMA VW GOL POWER TREND FOX MT;3,;43,02;SEL-2_D.6.B
11211253SL;JTA DIAF MEMBR COL ADM VW UP FOX VOYAGE GOL 2014/.;0,;28,23;COL-P3_C.5
106110516;JTA DIF BASPACK 1.60MM M BENS OM352 352A.;0,;49,23;
106110520;JTA DIF BASPACK 2.00MM M BENS OM352 352A.;0,;49,22;
1021107;JTA DIF BRASEIXO FIBRA GM CHEVETTE OPALA CARAVAN 4;10,;25,13;CAM-2_F.1
1071107;JTA DIF BRASEIXO FIBRA M BENS OM314 L608D TOYOTA B;0,;32,43;
1061128;JTA DIF BRASEIXO FIBRA M BENS SPRINTER CDI MB61196;0,;34,47;
1021102;JTA DIF BRASEIXO VELOM GM CHEVETTE OPALA CARAVAN 4;0,;13,91;
1071107V;JTA DIF BRASEIXO VELOM M BENS OM314 L608D TOYOTA B;0,;15,81;
1021101;JTA DIF BRASEXIO FIBRA GM CHEVETTE OPALA CARAVAN 4;6,;22,26;
1021108;JTA DIF BRASEXIO VELOM GM CHEVETTE OPALA CARAVAN 4;0,;13,91;
1021103;JTA DIF DANA FIBRA GM CHEVETTE OPALA 79/...;0,;20,47;
1021104;JTA DIF DANA VELOM GM CHEVETTE OPALA 79/...;0,;12,80;
1071111;JTA DIF FIBRA FORD CAMINHAO F1000 .../91;0,;27,81;
1071109;JTA DIF FIBRA FORD F300 F350 F4000;0,;33,09;
1071105;JTA DIF FIBRA FORD F4000 82/...;0,;43,44;
1071103;JTA DIF FIBRA FORD F4000 MICRO ONIBUS MWM X10 75/8;0,;42,39;
1031101;JTA DIF FIBRA FORD MAVERICK WILLYS JEEP;0,;18,72;
1021109;JTA DIF FIBRA GM C10 D10;0,;11,10;
1071101;JTA DIF FIBRA GM CHEVROLET TINKAO D60 D70 FORD F60;0,;61,50;
1021114;JTA DIF FIBRA GM CORSA CELTA;0,;7,94;
1021111;JTA DIF FIBRA GM MONZA;0,;15,60;
1031103;JTA DIF FIBRA GM OPALA JEEP 4/6 CIL 51/...;0,;22,26;
1071113;JTA DIF FIBRA GM S10 BLAZER SPRINTER FORD F1000 92;8,;16,03;
1061109;JTA DIF FIBRA M BENS OM314 L608D;0,;26,91;
1061103;JTA DIF FIBRA M BENS OM321 1111;0,;56,63;
1061105;JTA DIF FIBRA M BENS OM352 352A;0,;54,71;
1061101;JTA DIF FIBRA M BENS OM355;0,;43,34;
10211111;JTA DIF RET GM MONZA 4/5 MARCHAS CLARK;0,;76,92;
1021111R;JTA DIF RET GM MONZA 4/5 MARCHAS CLARK;0,;85,92;
1061107;JTA DIF VELOM 18 FUROS M BENS OM355 356 OM1924 OM1;0,;62,38;
1071110;JTA DIF VELOM FORD CAMINHAO F1000 .../91;0,;25,85;
1071108;JTA DIF VELOM FORD F300 F350 F4000;0,;22,67;
1071104;JTA DIF VELOM FORD F4000 82/...;0,;24,37;
1031102;JTA DIF VELOM FORD MAVERICK WILLYS JEEP;5,;17,93;CAM-2_F.2
1021110;JTA DIF VELOM GM C10 D10;0,;17,43;
1021113;JTA DIF VELOM GM CORSA CELTA;64,;11,44;CAM-2_D.3
1021112;JTA DIF VELOM GM MONZA;0,;8,60;
1031104;JTA DIF VELOM GM OPALA JEEP 4/6 CIL 51/...;5,;17,02;CAM-2_C.2
1071114;JTA DIF VELOM GM S10 BLAZER SPRINTER FORD F1000 92;0,;28,31;
1061106;JTA DIF VELOM M BENS OM352 352A;0,;25,69;
10211131;JTA DIF VELOM RET GM CORSA;0,;50,54;
1541861;JTA DIST BBA OLEO RENAULT CLIO KANGOO TWINGO SANDE;3,;14,54;DIV-1_D.9
1141831;JTA DIST BBA OLEO VW PASSAT ADR AFY PASSAT TURBO A;0,;26,07;
1541862;JTA DIST BLOCO RENAULT CLIO KANGOO TWINGO SANDERO;0,;6,10;
194210192ML;JTA DIST DIAT BBA OLEO MOTOR CUMINS ISF 2.8 16V;0,;91,07;
144294;JTA DIST DIAT FIAT TORO JEEP RENEGADE COMPASS COMM;0,;60,97;
154262;JTA DIST HONDA CIVIC D15Z3 D15Z6 D15Z8 D16Z6 D16Z7;0,;12,71;
124214;JTA DIST IGNICAO GM CHEVETTE 1.4 1.6 JUNIOR 1000;60,;3,72;DIV-3_I.1
1833015;JTA DIST MTR VW 13170 13180 15170 15180 16210 1721;0,;67,00;
1833016;JTA DIST MWM X10 4.10 4 CIL 6.10 6 CIL;0,;52,32;
1833018;JTA DIST MWM X10 6.10 6 CIL DIESEL;0,;73,96;
1733122;JTA DIST PERKINS CASE 580N;0,;26,54;
114183;JTA DIST VW PASSAT ADR AFY PASSAT TURBO AEB 1.8 20;0,;27,45;
1242162PK;JTA DISTRI BASPACK GM CAPTIVA MALIBU MTR ECOTEC LE;0,;125,70;
1242162;JTA DISTRI MTR ECOTEC LE9 2.4L 4CIL DOHC GM CAPTIV;0,;71,33;
15421468;JTA DISTRIB COROLLA FIELDER VVTI 02 1ZZFE 3ZZFE 4Z;0,;30,65;
1833017;JTA DISTRIB MWM X10 4 10 4 CIL 6 10 6 CIL;0,;45,38;
154154;JTA DISTRIBUIDOR OLEO 4M40T PAJERO 2 8 8V;0,;14,86;
1342855;JTA DIVERSA FORD DURATORQ 2.4 16V;0,;35,19;
1542216;JTA DIVERSAS BESTA 2.2 BONGO MTR HW 1992 1997;0,;7,76;
134103;JTA DO SUPORTE DA BOMBA D'ÁGUA FORD CORCEL BELINA;3,;1,64;
1341731;JTA DURATEC HE 2.0 16V CJBA FORD ECOSPORT FOCUS 02;0,;41,87;
1341732;JTA DURATEC HE 2.0 16V CJBA FORD ECOSPORT FOCUS 02;0,;62,18;
1341733;JTA DURATEC HE 2.0 16V CJBA FORD ECOSPORT FOCUS 02;0,;50,26;
134173;JTA DURATEC HE 2.0 16V CJBA FORD ECOSPORT RANGER 0;0,;50,26;
1542026;JTA EIXO INTERMEDIARIO DIST MTR J7T 2.2 8V GAS RN ;0,;0,49;
132404;JTA ENTRE COL ESCAP ADM FORD MAVERICK;0,;5,24;
11171141;JTA ENTRE TAMPA VAL VW JETTA PASSAT TIGUAN AUDI Q3;0,;41,81;
11171142;JTA ENTRE TAMPA VAL VW JETTA PASSAT TIGUAN AUDI Q3;0,;92,24;
1317731SL;JTA ENTRE TV SILIC (TP PLASTICO) FORD ECOSPORT FOC;0,;39,04;
154186014;JTA ESPELHO RENAULT LOGAN SANDERO KWID SCE B4D FLE;0,;22,61;
1442213;JTA FIAT FT FIAT UNO PREMIO ELBA TIPO 1.6 PALIO 16;0,;7,52;
1442655;JTA FIAT MAREA BRAVA 1 8 16 V 00;0,;15,83;
1442651;JTA FIAT MAREA BRAVA 1 8 16 VAL 00;0,;6,62;
1542076;JTA FILT OLEO ASIA TOPIC;0,;2,74;
1542408;JTA FILT OLEO FIAT TURBO DAILY IVECO 2 8 INJ DIRET;0,;95,23;
394001028;JTA FILTRO DO OLEO HONDA MOTOR - C100;0,;3,90;
15420711;JTA FILTRO OLEO ASIA TOPIC;0,;30,27;
1542406;JTA FILTRO OLEO FIAT TURBO DAILY IVECO 2.8 INJ DIR;0,;61,64;
1342451;JTA FILTRO OLEO FORD FIESTA ECOSPORT SUPERCHARGER;20,;14,81;DIV-3_A.3
1726081;JTA FILTRO OLEO LUBR PERKINS TRATOR MTR 4236 4248;0,;12,70;
1626041;JTA FILTRO OLEO M BENS OM314 L608D 4 CIL;0,;1,73;
1726082;JTA FILTRO OLEO PERKINS TRATOR MTR 4236 4248 AGRIC;0,;4,40;
11371211;JTA FILTRO OLEO RESF VW PASSAT JETTA TIGUAN GOLF 2;0,;64,93;
1342894;JTA FILTRO OLEO TROCADOR CALOR MTR POWER STROKE 3.;0,;61,30;
11371213;JTA FILTRO OLEO VW PASSAT JETTA TIGUAN GOLF 2005/2;0,;58,96;
122403;JTA FLANG CARBU GM OPALA 90 HP C10 151;29,;3,36;
142307;JTA FLANGE BBA COMB 154 160 175 831 834 TEMPRA TIP;0,;5,11;
142306;JTA FLANGE BBA COMB FIAT UNO PREMIO ELBA 1500 ARGE;0,;5,11;
132301;JTA FLANGE BBA COMB FORD CORCEL BELINA I 1.3 71 A;0,;4,88;
132305;JTA FLANGE BBA COMB FORD CORCEL BELINA II 1.0 1.4;0,;6,36;
132302;JTA FLANGE BBA COMB FORD MAVERICK UTILITARIO 79/..;0,;3,36;
114203;JTA FLANGE CABE VW PASSAT GOL VOYAGE 1.5 1.6 ATE 8;20,;4,31;DIV-2_C.4
114204;JTA FLANGE CABE VW PASSAT VOYAGE GOL SANTANA GOLF;33,;4,31;DIV-2_C.5
122402;JTA FLANGE CARB GM OPALA 90 HP C10 151;0,;6,49;
1542146;JTA FLANGE PESCADOR BBA OLEO 1ZZFE 3ZZFE 1.8 1.6 1;0,;25,13;
13428311;JTA FORD DURATORQ PUMA TDCI (22DDOP) 2.2 16V DIESE;0,;69,83;
1342833SK SB;JTA FORD TRANSIT RANGER MTR H9FA H9FB H9FD JXFA JX;0,;46,60;
134283;JTA FORD TRANSIT RANGER MTR H9FA H9FB H9FD JXFA JX;0,;33,82;
1342832;JTA FORD TRANSIT RANGER MTR H9FA H9FB H9FD JXFA JX;0,;29,61;
1342833;JTA FORD TRANSIT RANGER MTR H9FA H9FB H9FD JXFA JX;0,;87,52;
1342835;JTA FORD TRANSIT RANGER MTR H9FA H9FB H9FD JXFA JX;4,;29,41;DIV-2_C.6
1342836;JTA FORD TRANSIT RANGER MTR H9FA H9FB H9FD JXFA JX;0,;29,76;
1342839;JTA FORD TRANSIT RANGER MTR H9FA H9FB H9FD JXFA JX;0,;29,02;
15424001;JTA FT DUCATO IV DAILY CT  JUMPER;0,;65,61;
154240012SL;JTA FT DUCATO IV DAILY CT JUMPER;0,;68,18;
15421752;JTA G9U 720/724/730/750/754 2.5 16V DSL RN MASTER;0,;27,91;
1542175;JTA G9U 720/724/730/754/750 2.5 16V DSL RN MASTER;0,;14,88;
154286;JTA GUARNICAO RENAULT CLIO KANGOO TWINGO SANDERO P;0,;23,13;
1542327;JTA GURGEL SUPER MIMI BR 800;0,;13,31;
15421121;JTA HONDA CIVIC D15Z3 D15Z6 D15Z8 D16Z6 D16Z7 D16Z;0,;5,24;
154256052;JTA HYUNDAI HR 13/... KIA SORENTO 02/... BONGO 13/;0,;34,82;
15421771;JTA HYUNDAI TUCSON 2.0 16 VAL G4GC;0,;4,44;
4112116;JTA INJ ELET  JETTA PASSAT TIGUAN AUDI Q3 A3 A3 A4;0,;32,30;
421224;JTA INJ ELET CORSA GSI SEDAN WAGON 1.0 1.6 16V;0,;23,23;
421225;JTA INJ ELET CORSA SUPER SEDAN GL 1.0 1.4 1.6 SIST;0,;4,33;
441213;JTA INJ ELET FIAT MILLE SX 97 UNO SX MAGNETTI MARE;0,;2,58;
431202;JTA INJ ELET FIAT UNO PREMIO MTR 1 6;0,;3,09;
431201;JTA INJ ELET FORD FIAT MILLE PREMIO UNO;0,;2,87;
421203;JTA INJ ELET GM KADETT MONZA IPANEMA 1.8 2.0 MULTE;0,;6,60;
411201;JTA INJ ELET GOL 1.0 FASE I E II GOL CLI SANTANA 1;0,;4,09;
411209;JTA INJ ELET GOL 1000 PLUS CFI;0,;7,28;
411234;JTA INJ ELET GOL PARATI 1000 MI 16V SISTEMA MARELL;0,;3,92;
411228;JTA INJ ELET GOL PARATI SANTANA LOGUS 94 TODOS;0,;4,93;
421213;JTA INJ ELET JTA INJ ELETR CORSA;0,;3,07;
411210;JTA INJ ELET POLO 1.8 SISTEMA IAV MARELLI;0,;3,18;
411226;JTA INJ ELET POLO CLASSIC 1.8 MI SISTEMA IAV MAREL;0,;5,00;
411202;JTA INJ ELET SINGLE POINT TODOS;0,;3,80;
411207;JTA INJ ELET SISTEMA VISTEON PFI MULT POINT;0,;4,30;
411220;JTA INJ ELET VW GOL 1.6 1.8 MI SANTANA 1.8 2.0 MI;0,;9,91;
411235;JTA INJ ELET VW KOMBI INJECAO;0,;1,40;
411223;JTA INJ ELET VW POLO CLASSIC 1.8 MI SISTEMA IAW MA;0,;6,70;
421201;JTA INJE ELET;0,;5,19;
124503;JTA INJE ELET VAL EGR GM CORSA MONT FIAT PALIO R S;0,;8,58;
1542092;JTA INSP DIST MTR MAXION 2.5 HS 310D 312D 8V DSL T;0,;8,08;
1519401BN;JTA INT.BLOCO ESQUERDO DUCATO IVECO 2.5 TURBINADA;2,;13,94;
184223;JTA INTERC CALOR MWM 4.10 6.10 X10 4 6 CIL;0,;26,17;
15421141;JTA K7M 702 744 703 720 1.6 8V RN CLIO SCENIC MEGA;0,;20,47;
1535175;JTA KIT ARR MTR G9U 720/724/730/750/754 2.5 16V DS;0,;66,60;
11211161;JTA KIT BOR COL ADM VW JETTA PASSAT TIGUAN AUDI Q3;5,;64,59;SEL-2_D.2.B
12401641;JTA KIT BORRACHA GM CRUZE TRACKER 1,8 4 CIL 16V F1;0,;42,72;
13428312;JTA KIT FORD TRANSIT RANGER MTR H9FA H9FB H9FD JXF;0,;66,28;
144232;JTA LADO VOLANTE FIAT TEMPRA 2.0 16 VAL;30,;8,90;DIV-3_G.6
1824091;JTA LATERAL CARACOL AÇO TURBINA FECHADA 4 FURO MWM;0,;10,32;
1442656BN;JTA LATERAL VAL BOR FIAT MAREA BRAVA 1.8 16 VAL 00;0,;34,89;
161808BN;JTA LATERAL VAL BOR M BENS OM366;0,;29,90;
134259SL;JTA LONGARINA FORD RANGER SOHC GAS 2.3 2.5 8V;0,;18,56;
144250;JTA LUBRIFICACAO FIAT 1.6 8 VAL;0,;7,17;
144245;JTA LUBRIFICACAO FIAT TIPO 2.0 8 16 VAL;0,;5,24;
15423519;JTA MB 180 MB100 MB120 MB150 1987 MTR MB616 940 MT;0,;7,52;
16402810;JTA MB 611.980 MB 611.981/987 CDI 2.0 16V DSL MB S;0,;84,01;
1642281;JTA MB 611.980 MB 611.981/987 CDI 2.0 16V DSL MB S;0,;59,53;
16402811;JTA MB 611.980 MB 611.981/987 CDI 2.0 16V DSL MB S;0,;30,27;
16402814;JTA MB 611.981/987 MB 611.980 CDI 2.0 16V DSL MB S;0,;53,29;
1542582;JTA MICRO ONIBUS VOLARE AGRALE TD BLAZER S10 MTRMW;0,;32,56;
39100110MLR;JTA MOTOCICLETA RET HONDA MTR CBX200 92/03 HONDA N;0,;15,06;
39100110MLBR;JTA MOTOCICLETA S BORR HONDA MTR CBX200 92/03 HOND;0,;11,02;
19101020ML;JTA MOTOR CABE ACO INOX MOTOR CUMINS ISF 3.8 16V;0,;950,64;
15173605SL;JTA MTR 4B/BTA 3.9L 8V DIESIL CUMMINS SERIE B;0,;90,54;
141079MLRF;JTA MTR ACO C RET E FLANGE FIAT PALIO SIENA STRADA;0,;359,35;
131045MLRF;JTA MTR ACO C RET E FLANGE FORD FIESTA ECOSPORT KA;0,;553,78;JOG-3_C
141091ML;JTA MTR ACO INOX FREEMONT TORO JOURNEY CALIBER JEE;0,;706,93;
141053MLRF;JTA MTR ACO RET FLANGE FIAT PALIO SIENA DOBLO FIRE;1,;539,66;JOG-4_C
141049MLRF;JTA MTR ACO RET FLANGE FIAT UNO SMART PALIO SIENA;0,;354,12;JOG-4_D
141091PKR;JTA MTR BASPACK C RT FREEMONT TORO JOURNEY CALIBER;2,;1.023,07;JOG-4_B
50123100;JTA MTR BMW 312I;0,;4.327,91;
131085ML3R;JTA MTR C RET C CAB ACO INOX FORD DURATORQ 2.4 16V;0,;1.086,66;
131085PK3R;JTA MTR C RET C CAB BASPACK FORD DURATORQ 2.4 16V;0,;991,62;
131085RFS;JTA MTR C RET C FLANGE S CAB FORD DURATORQ 2.4 16V;0,;981,60;
131083RFS;JTA MTR C RET C FLANGE S CAB FORD DURATORQ PUMA TD;3,;1.453,02;JOG-5_D
131086RFS;JTA MTR C RET C FLANGE S CAB FORD RANGER 13/... TR;0,;1.615,14;
131083ML3R;JTA MTR C RET CAB ACO FORD DURATORQ PUMA TDCI (22D;3,;1.514,00;JOG-5_C
131083PK3R;JTA MTR C RET CAB BASPACK FORD DURATORQ PUMA TDCI;0,;1.476,47;
1510214PKR;JTA MTR C RET CAB PACK MERCEDES CLASSE A 140 160 9;1,;614,29;JOG-5_B
1510219PKR;JTA MTR C RET CAB PACK MERCEDES CLASSE A 190;0,;707,68;
131082MLR;JTA MTR C RET CABE ACO FORD RANGER FUSION 2013/...;2,;801,23;JOG-6_B
141096MLR;JTA MTR C RET CB ACO INOX FIAT ARGO CRONOS DOBLO G;1,;698,50;JOG-4_D
141095MLR;JTA MTR C RET CB ACO INOX FIAT GRAND SIENA PALIO E;0,;620,99;
141096PKR;JTA MTR C RET CB BASPACK FIAT ARGO CRONOS DOBLO GR;3,;679,18;JOG-4_E
141095PKR;JTA MTR C RET CB BASPACK FIAT GRAND SIENA PALIO E-;2,;569,61;JOG-4_B
111001RP;JTA MTR C RET PRETO VW FUSCA BRASILIA KOMBI 1300 1;0,;90,98;JOG-5_A
15105012RS;JTA MTR C RET S CAB TOYOTA HILUX SW4 MTR-1GD-FTV D;2,;777,80;JOG-6_B
1510193RS;JTA MTR C RET S CABE FIAT DUCATO MULTIJET JTD IVEC;3,;915,44;JOG-7_A
151042RS;JTA MTR C RET S CABE FIAT IVECO TURBO DAILY 2.8 RE;3,;542,80;JOG-5_D
151009RS;JTA MTR C RET S CABE GM S10 BLAZER M BENS SPRI LAN;1,;344,38;JOG-6_D
151011RS;JTA MTR C RET S CABE HYUNDAI H100 HR D4BH MITSUBIS;2,;461,12;JOG-6_D
15105605RS;JTA MTR C RET S CABE HYUNDAI HR 13/... KIA BONGO 1;2,;671,24;JOG-6_B
15104001RS;JTA MTR C RET S CABE IVECO 3.0 16V 2008/... F30DT;2,;887,55;JOG-6_D
151071RS;JTA MTR C RET S CABE KIA K2500 PREGIO HYUNDAI HR T;1,;503,03;JOG-5_D
15103701RS;JTA MTR C RET S CABE LAND ROVER RANGE ROVER SPORT;0,;1.943,35;
151070RS;JTA MTR C RET S CABE MITSUBISHI L200 TD L300 PAJER;1,;427,77;JOG-5_D
1510196RS;JTA MTR C RET S CABE MITSUBISHI MONTERO III PAJERO;4,;1.628,20;JOG-5_D
151054RS;JTA MTR C RET S CABE MITSUBISHI PAJERO NATIVA TDI;2,;505,58;JOG-5_C
151058RS;JTA MTR C RET S CABE MWM VOLARE A6 GM S10 BLAZER V;0,;453,78;JOG-6_D
15106003RS;JTA MTR C RET S CABE NISSAN FRONTIER NAVARA PATHFI;3,;1.146,99;JOG-6_D
151048RS;JTA MTR C RET S CABE PEUGEOT 504 505 XD2 XD3;0,;490,73;
1510181MLR;JTA MTR C RET S CABE PG- 205 305 306 309 405 2.0 8;0,;413,25;
151005RS;JTA MTR C RET S CABE RENAULT TRAFIC DIESEL;0,;499,39;
1510155RS;JTA MTR C RET S CABE TOYOTA HILUX 16V 2KD 1KD TURB;3,;799,86;JOG-6_A
151050RS;JTA MTR C RET S CABE TOYOTA HILUX 2.5 2L 2.8 3L 3.;4,;765,98;JOG-7_D
151064RS;JTA MTR C RET S CABE TOYOTA HILUX TD LANDCRUISER 9;1,;883,60;JOG-6_A
1110117RS;JTA MTR C RET S CABE VW AMAROK 2.0 4CIL 16V MTR CN;1,;654,91;JOG-6_A
111001RV;JTA MTR C RET VERM VW FUSCA BRASILIA KOMBI 1300 15;0,;105,12;
111001RA;JTA MTR C RT AZUL VW FUSCA BRASILIA KOMBI 1300 150;0,;99,37;
1210164MLR;JTA MTR CAB ACO C RET GM CRUZE TRACKER 1.8 4CIL 16;1,;621,55;JOG-2_C
1210164ML;JTA MTR CAB ACO GM CRUZE TRACKER 1.8 4CIL 16V F18;0,;433,03;
15108014MLR;JTA MTR CAB ACO INOX 0.75MM CT HYUNDAI MTR-G4FJ 1.;0,;1.292,05;
131088ML3RF;JTA MTR CAB ACO INOX 1.4MM C RET FORD TROLLER MTR-;0,;1.519,84;
131088ML3;JTA MTR CAB ACO INOX 1.4MM FORD TROLLER MTR-NGD MW;0,;1.140,06;
151087ML;JTA MTR CAB ACO INOX 100MM S SELO S ANEL TPA VAL 4;0,;279,18;
15106502MLR;JTA MTR CAB ACO INOX C RET JEEP CHEROKEE DODGE DAK;0,;1.858,51;
1510186ML;JTA MTR CAB ACO INOX HYUNDAI HB20 KIA PICANTO 1.0;2,;460,28;JOG-6_A
1210164PK;JTA MTR CAB BASPACK GM CRUZE TRACKER 1.8 4CIL 16V;2,;421,31;JOG-3_A
1510186PK;JTA MTR CAB BASPACK HYUNDAI HB20 KIA PICANTO 1.0 1;2,;299,60;JOG-8_B
1210164PKR;JTA MTR CAB PACK C RET, GM CRUZE TRACKER 1.8 4CIL;2,;626,31;JOG-3_A
15105012ML3R;JTA MTR CABE 1.20MM C/ RET TOYOTA HILUX SW4 MTR-1G;0,;1.079,95;
1510196ML3R;JTA MTR CABE ACO 0.60 C RET MITSUBISHI MONTERO III;1,;2.030,90;JOG-5_D
1510196ML3;JTA MTR CABE ACO 0.60 MITSUBISHI MONTERO III PAJER;0,;1.300,46;
15106003ML3;JTA MTR CABE ACO 0.92  NISSAN FRONTIER NAVARA PATH;0,;1.041,18;
15106003ML3R;JTA MTR CABE ACO 0.92 C RET  NISSAN FRONTIER NAVAR;0,;920,38;
1510157ML3R;JTA MTR CABE ACO 0.95 C RET TOYOTA HILUX 16V 2KD F;0,;707,72;JOG-6_A
151064ML3R;JTA MTR CABE ACO 0.95 C RET TOYOTA HILUX TD LANDCR;0,;787,99;
1510157ML3;JTA MTR CABE ACO 0.95 TOYOTA HILUX 16V 2KD FTV TUR;0,;629,27;
151064ML3;JTA MTR CABE ACO 0.95 TOYOTA HILUX TD LANDCRUISER;0,;657,67;
1510155ML3R;JTA MTR CABE ACO 1.00 C RET TOYOTA HILUX 16V 2KD F;0,;917,43;
1510155ML3;JTA MTR CABE ACO 1.00 TOYOTA HILUX 16V 2KD FTV TUR;0,;756,58;
1510193ML3R;JTA MTR CABE ACO 1.30 C RET FIAT DUCATO MULTIJET J;1,;1.107,34;JOG-8_D
1510193ML3;JTA MTR CABE ACO 1.30 FIAT DUCATO MULTIJET JTD IVE;0,;921,52;
151054ML3;JTA MTR CABE ACO 1.40 MITSUBISHI PAJERO NATIVA TDI;0,;497,75;
151011ML3R;JTA MTR CABE ACO 1.50 C RET HYUNDAI H100 H1 D4BH M;0,;493,64;
151071ML1R;JTA MTR CABE ACO 1.50 C RET KIA K2500 PREGIO HYUND;0,;687,87;
151071ML1;JTA MTR CABE ACO 1.50 KIA K2500 PREGIO HYUNDAI HR;0,;460,46;
151070ML1R;JTA MTR CABE ACO 1.50MM C RET MITSUBISHI L200 TD L;0,;664,97;
151070ML1;JTA MTR CABE ACO 1.50MM MITSUBISHI L200 TD L300 PA;2,;354,21;JOG-5_D
131075ML3R;JTA MTR CABE ACO 1.60 C RET FORD RANGER TD MOTOR 2;0,;656,18;JOG-5_D
151009ML3R;JTA MTR CABE ACO 1.60 C RET GM S10 BLAZER M BENS S;0,;622,65;
131075ML3;JTA MTR CABE ACO 1.60 FORD RANGER TD MOTOR 2.8 POW;0,;655,99;
151009ML3;JTA MTR CABE ACO 1.60 GM S10 BLAZER M BENS SPRI LA;0,;457,49;
151070ML3R;JTA MTR CABE ACO 1.60MM C RET MITSUBISHI L200 TD L;2,;601,97;JOG-5_D
151070ML3;JTA MTR CABE ACO 1.60MM MITSUBISHI L200 TD L300 PA;0,;412,02;
151051ML3R;JTA MTR CABE ACO 1.65 C RET S RET TOYOTA HILUX 2.5;2,;1.107,98;JOG-5_D
151050ML3R;JTA MTR CABE ACO 1.65 C RET TOYOTA HILUX 2.5 2L 2.;0,;734,76;
151051ML3;JTA MTR CABE ACO 1.65 C RET TOYOTA HILUX 2.5 2L 2.;0,;688,44;
151052ML3R;JTA MTR CABE ACO 1.65 C RET TOYOTA HILUX 2.5 2L 2.;2,;1.107,98;JOG-6_B
151052ML3;JTA MTR CABE ACO 1.65 TOYOTA HILUX 2.5 2L 2.8 3L 3;0,;688,44;
151050ML3;JTA MTR CABE ACO 1.65 TOYOTA HILUX 2.5 2L 2.8 3L 3;0,;510,23;
151042ML3;JTA MTR CABE ACO 1.80 FIAT IVECO TURBO DAILY 2.8 R;0,;728,01;
161130MLR;JTA MTR CABE ACO C RET SPRINTER CDI LA DIESEL BI T;2,;942,34;JOG-6_E
131082ML;JTA MTR CABE ACO FORD RANGER FUSION 2013/...MTR 2.;0,;619,57;
161041ML;JTA MTR CABE ACO INOC 1.10MM MERCEDES BENZ MOTOR O;0,;1.247,67;
131079ML;JTA MTR CABE ACO INOX  (TP PLASTICO) FORD RANGER F;1,;530,89;JOG-4_A
131077ML;JTA MTR CABE ACO INOX (TP ALUMINIO) FORD ECOSPOST;0,;562,74;
131073ML;JTA MTR CABE ACO INOX (TP PLASTICO) FORD ECOSPORT;1,;562,74;JOG-3_C
15108017MLR;JTA MTR CABE AÇO INOX 0,50MM RET HYUNDAI HB20 CRET;0,;718,66;
15105605ML3R;JTA MTR CABE ACO INOX 0,90MM C RET HYUNDAI HR 13/.;0,;869,12;
15105605ML3;JTA MTR CABE ACO INOX 0,90MM S RET HYUNDAI HR 13/.;0,;656,92;
15108601ML;JTA MTR CABE ACO INOX 0.30MM RENAULT LOGAN SANDERO;3,;387,98;JOG-6_C
131092MLR;JTA MTR CABE ACO INOX 0.50MM RET FORD ECOSPORT 17/;1,;643,83;JOG-3_A
15105008MLR;JTA MTR CABE ACO INOX 0.65MM RET TOYOTA HILUX 2.7L;2,;1.168,31;JOG-6_B
1410103ML;JTA MTR CABE AÇO INOX 0.70MM FIAT FASTBACK PULSE A;0,;687,25;
1410102ML;JTA MTR CABE AÇO INOX 0.70MM FIATFIAT FASTBACK PUL;0,;669,37;
1210173ML;JTA MTR CABE ACO INOX 0.70MM GM ONIX 2G 20/... TRA;3,;487,65;JOG-2_E
1210174ML;JTA MTR CABE AÇO INOX 0.70MM GM TRACKER 2G 2020/..;1,;505,62;JOG-2_C
141092MLR;JTA MTR CABE ACO INOX 0.70MM RET FIAT ARGO CRONOS;1,;600,62;JOG-4_B
141093MLR;JTA MTR CABE ACO INOX 0.70MM RET FIAT ARGO MOBI UN;2,;835,89;JOG-4_A
1410103MLR;JTA MTR CABE AÇO INOX 0.70MM RET FIAT FASTBACK PUL;1,;816,96;JOG-4_E
1410102MLR;JTA MTR CABE AÇO INOX 0.70MM RET FIAT FASTBACK PUL;1,;796,59;JOG-4_E
1210173MLR;JTA MTR CABE AÇO INOX 0.70MM RET GM ONIX 2G 20/...;2,;644,82;JOG-2_D
15109605MLR;JTA MTR CABE ACO INOX 0.70MM RET PEUGEOT CITROEN 2;0,;819,17;
15109605ML;JTA MTR CABE ACO INOX 0.7MM PEUGEOT CITROEN 208 C3;2,;460,93;JOG-8_B
15108602ML;JTA MTR CABE ACO INOX 0.7MM RENAULT - CAPTUR DUSTE;2,;453,97;JOG-8_B
15106012ML;JTA MTR CABE ACO INOX 1.00MM NISSAN MOTOR YS23 2.3;0,;1.348,12;
15106012MLR;JTA MTR CABE ACO INOX 1.00MM RET NISSAN MOTOR YS23;0,;1.674,60;JOG-7_B
161031ML;JTA MTR CABE ACO INOX 1.10MM M BENS MOTOR OM 904 9;0,;1.014,79;
161040ML;JTA MTR CABE ACO INOX 1.10MM MERCEDES BENZ MOTOR O;0,;910,86;
161042ML;JTA MTR CABE ACO INOX 1.10MM MERCEDES BENZ MOTOR O;0,;1.166,27;
161031MLR;JTA MTR CABE ACO INOX 1.10MM RET M BENS MOTOR OM 9;0,;1.241,05;
17100101MLR;JTA MTR CABE AÇO INOX 1.15MM 108.0MM PERKINS 1104B;0,;916,06;
141094ML3;JTA MTR CABE ACO INOX 1.15MM FIAT TORO JEEP RENEGA;0,;838,21;JOG-4_B
141094ML3R;JTA MTR CABE ACO INOX 1.15MM RET FIAT TORO JEEP RE;2,;1.005,75;JOG-7_C
141094ML3RF;JTA MTR CABE ACO INOX 1.15MM RET FLANGE FIAT TORO;0,;1.207,91;
15105415ML3R;JTA MTR CABE ACO INOX 1.15MM RET MITSUBISHI L200 T;2,;2.417,83;JOG-5_C
15108009MLR;JTA MTR CABE ACO INOX 1.20MM RET HYUNDAI SANTA FE;0,;2.640,94;
15106030ML3R;JTA MTR CABE AÇO INOX 1.25MM 100,0MM RET NISSAN FR;0,;1.370,92;
19101009ML2;JTA MTR CABE ACO INOX 1.25MM 107.0MM CUMMINS VW CO;0,;1.233,67;
19101408ML3R;JTA MTR CABE AÇO INOX 1.25MM 107.0MM RET CASE 430;0,;1.380,36;
19101409ML3R;JTA MTR CABE AÇO INOX 1.25MM 107.0MM RET CASE CX22;0,;1.738,57;
19101009ML2R;JTA MTR CABE ACO INOX 1.25MM 107.0MM RET CUMMINS V;0,;1.817,95;
19101008ML2;JTA MTR CABE ACO INOX 1.25MM CUMMINS MTR ELETRONIC;0,;628,13;
19101008ML2R;JTA MTR CABE ACO INOX 1.25MM RET CUMMINS MTR ELETR;0,;1.267,76;
151009ML;JTA MTR CABE ACO INOX 1.35MM GM S10 BLAZER M BENS;0,;399,18;
15104001ML3R;JTA MTR CABE ACO INOX 1.40MM C RET IVECO 35S14 3.0;0,;1.173,84;
181121ML3;JTA MTR CABE ACO INOX 1.40MM FORD CARGA 1113 1313;0,;617,78;
181125ML3;JTA MTR CABE ACO INOX 1.40MM FORD F1400 VW 13170 1;0,;1.269,55;
15104001ML3;JTA MTR CABE ACO INOX 1.40MM IVECO 35S14 3.0 16V 2;0,;838,78;
181109ML3R;JTA MTR CABE ACO INOX 1.40MM RET MWM 229 3.9 8V TU;0,;494,09;
181121ML3R;JTA MTR CABE ACO INOX 1.40MM RET MWM 229 5.9 12V 6;0,;792,46;
181123ML3R;JTA MTR CABE ACO INOX 1.40MM RET MWM 4.10X10 X10T;0,;1.047,83;
181127ML3R;JTA MTR CABE ACO INOX 1.40MM RET VALMET AGRALE TRA;0,;420,77;
15105002ML1R;JTA MTR CABE ACO INOX 1.50MM RET TOYOTA BANDEIRANT;1,;557,94;JOG-5_C
161042MLR;JTA MTR CABE ACO INOX 106.5MM RET M BENS ATEGO ATR;0,;1.656,85;
19101013ML3;JTA MTR CABE ACO INOX 107,0MM CUMMIN ISB 6.7 24V I;0,;2.043,57;
19101012ML3;JTA MTR CABE ACO INOX 107,0MM CUMMINS ISB 4.5 ISBE;0,;989,24;
1110126ML;JTA MTR CABE ACO INOX AUDI A1 A3 A5 A6 TT Q3 VW GO;0,;525,36;
15103311ML;JTA MTR CABE ACO INOX BMW 125I 320I 328CI 528 X1 M;0,;939,87;
131089ML3R;JTA MTR CABE ACO INOX C RET  FORD RANGER MTR POWER;0,;1.125,27;
15109603MLR;JTA MTR CABE ACO INOX C RET S FLANGE PEUGEOT 208 2;1,;605,44;JOG-8_C
131096MLR;JTA MTR CABE ACO INOX C/ RET FORD MOTOR-ECOBOOST T;0,;601,00;
1510165ML;JTA MTR CABE ACO INOX CITROEN C2 C3 2002/ PEUGEOT2;0,;259,13;
1510183ML;JTA MTR CABE ACO INOX CITROEN C4 C5 PICASSO PEUGEO;0,;585,84;
19101019ML;JTA MTR CABE ACO INOX CUMMINS FORD F350 MTR ISF 2.;0,;882,18;
141088ML;JTA MTR CABE ACO INOX ETORQ EVO 1.6 16V FIAT DOBLO;0,;491,86;
141090ML;JTA MTR CABE ACO INOX ETORQ EVO FLEX 1.8 16V JEEP;0,;491,86;
141073ML;JTA MTR CABE ACO INOX FIAT DOBLO BRAVA MAREA PALIO;0,;284,34;
141089ML;JTA MTR CABE ACO INOX FIAT DOBLO GRAND SIENA IDEA;0,;443,61;
141087ML;JTA MTR CABE ACO INOX FIAT DOBLO GRAND SIENA IDEA;0,;388,26;
141085ML;JTA MTR CABE ACO INOX FIAT EVO GRAND IDEA PALIO PU;1,;218,75;JOG-4_C
141057ML;JTA MTR CABE ACO INOX FIAT MAREA 2.0 20 VAL 5 CIL;0,;476,73;
141069ML;JTA MTR CABE ACO INOX FIAT MAREA STILO ABARTH 2.0;0,;586,96;
141053ML;JTA MTR CABE ACO INOX FIAT PALIO SIENA DOBLO FIRE;1,;150,20;JOG-4_A
141081ML;JTA MTR CABE ACO INOX FIAT PALIO SIENA MOTOR 1.4 F;0,;338,17;
141079ML;JTA MTR CABE ACO INOX FIAT PALIO SIENA PUNTO IDEA;0,;181,82;
141083ML;JTA MTR CABE AÇO INOX FIAT PUNTO BRAVO LINEA 07/..;0,;288,15;
141049ML;JTA MTR CABE ACO INOX FIAT UNO SMART PALIO SIENA F;3,;167,25;JOG-4_A
141086ML;JTA MTR CABE ACO INOX FIATDUBLO EVO GRAND IDEA 500;0,;218,94;
131047ML;JTA MTR CABE ACO INOX FORD ECOSPORT FIESTA KA COUR;1,;406,31;JOG-3_D
131049ML;JTA MTR CABE ACO INOX FORD ESCORT ZETEC 1.8 16V;0,;451,47;
131043ML;JTA MTR CABE ACO INOX FORD FIESTA COURIER ZETEC 1.;0,;409,40;
131045ML;JTA MTR CABE ACO INOX FORD FIESTA ECOSPORT KA ZETE;4,;265,00;JOG-3_D
131071ML;JTA MTR CABE ACO INOX FORD FOCUS MONDEO ZETEC 1.8;2,;659,48;JOG-3_C
131065ML;JTA MTR CABE ACO INOX FORD FOCUS MONDEO ZETEC 2.0;0,;659,48;
15105415ML3;JTA MTR CABE ACO INOX FORD MITSUBISHI L200 TRITON;0,;2.112,36;
131051ML;JTA MTR CABE ACO INOX FORD MONDEO ZETEC 2.0 16V 94;0,;426,64;
131097ML;JTA MTR CABE ACO INOX FORD NEW FIESTAS 2016/... MO;0,;433,75;
131069ML;JTA MTR CABE ACO INOX FORD NOVO FIESTA ECOSPORT ZE;1,;408,41;JOG-3_D
161122MLR;JTA MTR CABE AÇO INOX GAX SEM HASTE VALVULA M BENZ;0,;383,94;
161108MLR;JTA MTR CABE AÇO INOX GAX SEM HASTE VALVULA MERCED;0,;586,07;
1210159ML;JTA MTR CABE ACO INOX GM ASTRA VECTRA ELITE BLAZER;0,;378,35;
1210157ML;JTA MTR CABE ACO INOX GM ASTRA VECTRA ELITE BLAZER;2,;450,67;JOG-3_A
121063ML;JTA MTR CABE ACO INOX GM CORSA CELTA MPFI 1.0 04-9;0,;223,16;
121069ML;JTA MTR CABE ACO INOX GM CORSA CELTA MPFI 1.6 04-9;0,;244,37;
1210123ML;JTA MTR CABE ACO INOX GM CORSA CELTA VHC 1.0 8V;1,;261,64;JOG-2_C
121049ML;JTA MTR CABE ACO INOX GM CORSA EFI MPFI 1.0 8V 94/;0,;237,12;
121057ML;JTA MTR CABE ACO INOX GM CORSA EFI MPFI 1.6 8V 94/;0,;336,18;
1210117ML;JTA MTR CABE ACO INOX GM CORSA MERIVA MONTANA FIAT;5,;241,33;
1210136ML;JTA MTR CABE ACO INOX GM CORSA PRISMA MONTANA MERI;1,;263,95;JOG-2_C
1210119ML;JTA MTR CABE ACO INOX GM MERIVA FIAT STILO DOHC 1.;0,;248,55;
121037ML;JTA MTR CABE ACO INOX GM MONZA KADETT ALC GAS 1.8;0,;323,72;
121045ML;JTA MTR CABE ACO INOX GM MONZA KADETT IPANEMA 91/9;0,;250,52;
121033ML;JTA MTR CABE ACO INOX GM MONZA KADETT IPANEMA ALC;0,;368,04;
121041ML;JTA MTR CABE ACO INOX GM MONZA KADETT IPANEMA GSI;0,;372,41;
1210167ML;JTA MTR CABE ACO INOX GM S10 LCV ECOTEC SIDI DOHC ;0,;965,43;
121075ML;JTA MTR CABE ACO INOX GM VECTRA ASTRA BLAZER S10 M;1,;318,59;JOG-2_C
1210150ML;JTA MTR CABE ACO INOX GM VECTRA GSI CALIBRA 2.0 16;0,;511,54;
121087ML;JTA MTR CABE ACO INOX GM VECTRA S10 ASTRA ZAFIRA M;1,;378,35;JOG-2_D
151062ML;JTA MTR CABE ACO INOX HONDA CIVIC 1.5 16 VAL 91 A;1,;549,58;JOG-8_D
1510136ML;JTA MTR CABE ACO INOX HONDA CIVIC 1.5 16 VAL D15B1;0,;405,94;
1510185ML;JTA MTR CABE ACO INOX HONDA CIVIC ACCORD CR-V 1.8;0,;477,23;JOG-8_B
1510161ML;JTA MTR CABE ACO INOX HONDA CIVIC D15Z3 D15Z6 D15Z;2,;554,87;JOG-7_B
1510171ML;JTA MTR CABE ACO INOX HONDA CIVIC NEW CIVIC 1.;0,;367,50;JOG-8_E
1510169ML;JTA MTR CABE ACO INOX HONDA FIT CITY JAZZ TWIN SPA;2,;374,94;JOG-8_E
1510170ML;JTA MTR CABE ACO INOX HONDA FIT JAZZ VTEC L15A1 L1;2,;547,99;JOG-8_D
1510187ML;JTA MTR CABE ACO INOX HYUNDAI HB20 I30 VELOSTER KI;2,;665,43;JOG-7_B
15108015ML;JTA MTR CABE ACO INOX HYUNDAI HB20 MTR G3LC F3LBG;0,;381,73;
15108008ML;JTA MTR CABE AÇO INOX HYUNDAI I30 IX35 ELANTRA CRE;0,;796,56;
15108013ML;JTA MTR CABE ACO INOX HYUNDAI SANTA FÉ 05/10 MTR G;0,;1.551,28;
1510177ML;JTA MTR CABE ACO INOX HYUNDAI TUCSON I30 KIA SPORT;2,;485,96;JOG-8_E
15105611MLR;JTA MTR CABE AÇO INOX KIA CERATO MTR 1.6 G4ED 2004;0,;596,40;
161044ML;JTA MTR CABE ACO INOX M BENS MOTOR OM 457 457LA 24;0,;2.130,47;
161045ML;JTA MTR CABE ACO INOX M BENS MOTOR OM 457 OM457LA;0,;1.308,24;
161025ML;JTA MTR CABE ACO INOX M BENS MTR OM 447 6CIL 12VAL;0,;898,75;
19101102ML;JTA MTR CABE ACO INOX MAN VW MOTOR MAN D0836 LFL L;0,;2.490,99;
15105420ML;JTA MTR CABE AÇO INOX MITSUBISHI ASX OUTLANDER MTR;0,;905,25;
1510194ML;JTA MTR CABE ACO INOX MITSUBISHI PAJERO IO 98/ TR4;1,;637,54;JOG-6_D
181031ML3;JTA MTR CABE ACO INOX MWM EURO IV X12 6,12 SERIE A;0,;1.127,11;
181030ML3;JTA MTR CABE ACO INOX MWM X12;0,;588,94;
1210124ML;JTA MTR CABE ACO INOX ONIX PRISMA SPE/4 1.0 2012/.;1,;232,22;JOG-2_B
1210137ML;JTA MTR CABE ACO INOX ONIX PRISMA SPE/4 1.4 2012/.;0,;272,95;
1510181ML;JTA MTR CABE ACO INOX PEUGEOT 106 206 306 MTR TU5J;0,;647,71;
1510134ML;JTA MTR CABE ACO INOX PEUGEOT 206 307 PARTNER CITR;2,;470,76;JOG-8_E
1510141ML;JTA MTR CABE ACO INOX PEUGEOT 307 406 407 607 806;2,;434,70;JOG-8_C
1510173ML;JTA MTR CABE ACO INOX RENAULT CLIO KANGOO LOGAN MO;2,;279,18;JOG-7_A
151086ML;JTA MTR CABE ACO INOX RENAULT CLIO KANGOO TWINGO D;1,;437,19;JOG-7_C
1510108ML;JTA MTR CABE ACO INOX RENAULT LAGUNA MEGANE SCENIC;0,;451,30;
1510175ML;JTA MTR CABE ACO INOX RENAULT MASTER 2.5 16 VAL G9;3,;1.113,70;JOG-8_E
1510118ML;JTA MTR CABE ACO INOX RENAULT MEGANE SCENIC LAGUNA;0,;391,22;
1510179ML;JTA MTR CABE ACO INOX RENAULT SANDERO LOGAN 1.6 8;2,;433,93;JOG-7_A
1110126MLR;JTA MTR CABE ACO INOX RET AUDI A1 A3 A5 A6 TT Q3 V;0,;629,23;
1110129MLR;JTA MTR CABE ACO INOX RET AUDI A1 A3 MTR CAXA CNVA;0,;2.080,04;
1110120MLR;JTA MTR CABE ACO INOX RET AUDI VW PASSAT CC PORSCH;0,;2.253,84;
15103311MLR;JTA MTR CABE AÇO INOX RET BMW BMW 125I 320I 328CI;0,;1.064,53;
15103315MLR;JTA MTR CABE ACO INOX RET BMW MINI MOTOR N18 B16 1;0,;1.494,41;
15103409MLR;JTA MTR CABE AÇO INOX RET CHRYSLER DODGE MTR EER E;0,;3.057,14;
15103401MLR;JTA MTR CABE AÇO INOX RET CHRYSLER PT CRUISER MTR ;0,;1.331,79;
19101012ML3R;JTA MTR CABE ACO INOX RET CUMMINS ISB 4.5 ISBE 4.5;0,;1.338,58;
19101013ML3R;JTA MTR CABE ACO INOX RET CUMMINS ISB 6.7 ISB 226;0,;1.838,45;
15103408MLR;JTA MTR CABE AÇO INOX RET DODGE JOURNEY DURANGO CH;0,;1.014,10;
141083MLR;JTA MTR CABE AÇO INOX RET FIAT PUNTO IDEAL BRAVO L;0,;376,39;
15103501MLRF;JTA MTR CABE AÇO INOX RET FLANGE M BENZ A200 A250 ;0,;877,35;
15103502MLRF;JTA MTR CABE AÇO INOX RET FLANGE M BENZ C250 E200 ;0,;1.330,47;
161034MLRF;JTA MTR CABE ACO INOX RET FLANGE MERCEDES SLK200 C;0,;2.315,79;
131097MLR;JTA MTR CABE ACO INOX RET FORD NEW FIESTAS 2016/..;0,;604,40;
1210167MLR;JTA MTR CABE ACO INOX RET GM S10 LCV ECOTEC SIDI D;0,;1.231,14;
15106210MLR;JTA MTR CABE AÇO INOX RET HONDA CIVIC G10 CR V 201;0,;734,91;
15108015MLR;JTA MTR CABE ACO INOX RET HYUNDAI HB20 MTR G3LC F3;2,;565,12;JOG-8_C
15108008MLR;JTA MTR CABE AÇO INOX RET HYUNDAI I30 IX35 ELANTRA;2,;974,27;JOG-8_A
15108004MLR;JTA MTR CABE ACO INOX RET HYUNDAI KIA AZERA SORENT;1,;2.012,60;JOG-8_B
15108013MLR;JTA MTR CABE ACO INOX RET HYUNDAI SANTA FÉ 05/10 M;0,;1.905,20;
15108012MLR;JTA MTR CABE ACO INOX RET HYUNDAI VERACRUZ GENESIS;0,;2.022,49;
151092MLR;JTA MTR CABE ACO INOX RET KIA SPORTAGE GM TRACKER;0,;649,65;
15103707MLR;JTA MTR CABE AÇO INOX RET LAND ROVER FREELANDER 2 ;0,;1.961,79;
161040MLR;JTA MTR CABE ACO INOX RET M BENS ATEGO ATRON WFLY;0,;1.241,19;
161041MLR;JTA MTR CABE ACO INOX RET M BENS EURO III ATEGO 24;0,;1.653,00;
161044MLR;JTA MTR CABE ACO INOX RET M BENS MTR  OM 457 457LA;0,;1.675,96;
161045MLR;JTA MTR CABE ACO INOX RET M BENS MTR OM 457 457LA;0,;2.457,48;
19101102MLR;JTA MTR CABE ACO INOX RET MAN VW MOTOR MAN D0836 L;0,;2.365,08;
15103316MLR;JTA MTR CABE ACO INOX RET MINI MOTOR N12B14A 1.6 1;0,;1.027,53;
15105420MLR;JTA MTR CABE AÇO INOX RET MITSUBISHI ASX OUTLANDER;0,;1.162,94;
181028MLR;JTA MTR CABE AÇO INOX RET MWM VM220 VM270 VM330 4.;0,;961,17;
181030ML3R;JTA MTR CABE ACO INOX RET MWM X12;0,;934,20;
131094MLR;JTA MTR CABE ACO INOX RET PAR FORD FUSION SEL AMD;0,;3.194,20;
1410104MLR;JTA MTR CABE AÇO INOX RET TORO 2016 MTR TIGERSHARK;2,;1.009,34;JOG-8_E
15105002RS;JTA MTR CABE ACO INOX RET TOYOTA BANDEIRANTE OJ55;0,;529,33;
181029MLR;JTA MTR CABE AÇO INOX RET VOLVO MAN VW INTERNATION;0,;1.299,30;
19101101MLR;JTA MTR CABE ACO INOX RET VW MAN MOTOR D0834 LFL L;0,;2.156,98;
15109603ML;JTA MTR CABE ACO INOX S RET S FLANGE PEUGEOT 208 2;0,;516,55;
131096ML;JTA MTR CABE ACO INOX S/ RET FORD MOTOR-ECOBOOST T;3,;422,49;JOG-3_D
15106006ML;JTA MTR CABE ACO INOX S/ RET S/ FLANGE  NISSAN MAR;0,;322,01;
151058ML;JTA MTR CABE ACO INOX TERRA FRONTIER GM S10 BLAZER;0,;638,07;
1510153ML;JTA MTR CABE ACO INOX TOYOTA COROLLA DOHC 7AFE 1.8;0,;625,37;
1510154ML;JTA MTR CABE ACO INOX TOYOTA COROLLA PRIUS 12/...;0,;508,17;
1510146ML;JTA MTR CABE ACO INOX TOYOTA COROLLA VVTI FILDER V;5,;438,67;JOG-7_C
15106207ML;JTA MTR CABE ACO INOX VTEC L15A7 LEA1 1.5 16V HOND;0,;434,22;JOG-8_A
1110117ML3;JTA MTR CABE ACO INOX VW AMAROK 2.0 4CIL 16V MTR C;0,;819,01;
111089ML;JTA MTR CABE ACO INOX VW BORA NEW BEETLE GOLF SHAR;1,;727,18;JOG-1_A
1110101ML;JTA MTR CABE ACO INOX VW FOX BAH BJA BLH 03/... SP;1,;256,20;JOG-1_C
1110107ML;JTA MTR CABE ACO INOX VW GOL GOLF PARATI PASSAT CO;2,;1.025,81;JOG-2_A
1110105ML;JTA MTR CABE ACO INOX VW GOL POWER EA111 1.0 16V 0;2,;209,85;
1110103ML;JTA MTR CABE ACO INOX VW GOL POWER TREND FOX MOTOR;2,;198,06;JOG-1_B
111061ML;JTA MTR CABE ACO INOX VW GOL SANTANA SAVEIRO PARAT;2,;280,80;JOG-2_A
111077ML;JTA MTR CABE ACO INOX VW GOL SANTANA SAVEIRO PARAT;0,;467,37;
111057ML;JTA MTR CABE ACO INOX VW GOL SAVEIRO PARATI AT MI;0,;222,37;JOG-1_C
111053ML;JTA MTR CABE ACO INOX VW GOL SAVEIRO PARATI AT MI;1,;222,37;JOG-1_C
111065ML;JTA MTR CABE ACO INOX VW GOL SAVEIRO PARATI SANTAN;1,;336,40;
111057TML;JTA MTR CABE AÇO INOX VW GOL TURBO 1.0 16V 98/02;0,;325,63;
111099ML;JTA MTR CABE ACO INOX VW GOLF BAH 1 6 8V 02;1,;256,20;JOG-1_D
111095ML;JTA MTR CABE ACO INOX VW GOLF BORA AZD 1.6 16V 01/;0,;272,37;JOG-1_C
111091ML;JTA MTR CABE ACO INOX VW GOLF BORA AZJ AZM 2.0 8V;2,;434,87;JOG-1_C
111073ML;JTA MTR CABE ACO INOX VW GOLF GTI MEXICANO MOTOR 2;0,;471,20;JOG-1_D
1110115ML;JTA MTR CABE ACO INOX VW GOLF NEW BEETLE POLO MTR;0,;642,67;JOG-1_D
111081ML;JTA MTR CABE ACO INOX VW GOLF SR BORA AUDI A3 A4 A;0,;634,51;JOG-1_B
111069ML;JTA MTR CABE ACO INOX VW GOLF VENTO PASSAT CORRADO;2,;565,25;JOG-1_A
1110111ML;JTA MTR CABE ACO INOX VW KOMBI 1.4 8V TOTAL FLEX;0,;233,91;
19101101ML;JTA MTR CABE ACO INOX VW MAN MOTOR D0834 LFL LOH 4;0,;1.792,29;
111083ML;JTA MTR CABE ACO INOX VW PASSAT ADR AFY AEB 1.8 20;2,;780,17;JOG-1_E
111047ML;JTA MTR CABE ACO INOX VW PASSAT GOL SANTANA SAVEIR;1,;225,64;JOG-1_B
111023ML;JTA MTR CABE ACO INOX VW SANTANA GOL PARATI AP ALC;0,;242,39;
161130ML;JTA MTR CABE ACO S RET SPRINTER CDI LA DIESEL BI T;2,;766,28;JOG-5_D
1110116ML;JTA MTR CABE ACO VW JETTA PASSAT TIGUAN 1.8 /2.0 T;0,;664,99;
131079PK;JTA MTR CABE BASPACK  (TP PLASTICO) FORD RANGER FU;0,;402,32;
141097PK;JTA MTR CABE BASPACK  FIAT TORO 2016/... JEEP RENE;0,;752,15;
15108016PK;JTA MTR CABE BASPACK  HYUNDAI TUCSON 04/11 KIA SPO;0,;760,04;
1210155PK;JTA MTR CABE BASPACK  S CARTER GM SS10 VORTEC 6CIL;0,;972,32;
131077PK;JTA MTR CABE BASPACK (TP ALUMINIO) FORD ECOSPOST M;0,;516,57;
131073PK;JTA MTR CABE BASPACK (TP PLASTICO) FORD ECOSPORT F;2,;545,81;JOG-3_E
1510196PK3R;JTA MTR CABE BASPACK 0.60 C RET MITSUBISHI MONTERO;1,;1.889,63;JOG-5_D
1510196PK3;JTA MTR CABE BASPACK 0.60 MITSUBISHI MONTERO III P;0,;1.107,88;
15108602PK;JTA MTR CABE BASPACK 0.7MM RENAULT - CAPTUR DUSTER;0,;405,58;
15105605PK6R;JTA MTR CABE BASPACK 1,400MM C RET HYUNDAI HR 13/.;0,;886,80;
15105402PKR;JTA MTR CABE BASPACK 1.00MM RET MITSUBISHI MONTERO;0,;1.098,86;JOG-7_A
15108303PK;JTA MTR CABE BASPACK 1.0MM CHERY CIELO TIGGO MTR S;0,;511,98;
15108302PK;JTA MTR CABE BASPACK 1.0MM CHERY MOTOR-SQR473 1.3;0,;511,06;
15108303PKR;JTA MTR CABE BASPACK 1.0MM RET CHERY CIELO TIGGO M;0,;817,19;
15108302PKR;JTA MTR CABE BASPACK 1.0MM RET CHERY MOTOR-SQR473;0,;803,96;
141092PK;JTA MTR CABE BASPACK 1.20MM FIAT ARGO CRONOS MOBI;0,;425,96;
141093PK;JTA MTR CABE BASPACK 1.20MM FIAT ARGO MOBI UNO CRO;4,;419,61;JOG-4_C
141094PK3;JTA MTR CABE BASPACK 1.20MM FIAT TORO JEEP RENEGAD;0,;760,04;
131092PK;JTA MTR CABE BASPACK 1.20MM FORD ECOSPORT 17/... K;2,;500,57;JOG-3_A
1210173PK;JTA MTR CABE BASPACK 1.20MM GM ONIX 2G 20/... TRAC;2,;427,36;JOG-2_C
1210174PK;JTA MTR CABE BASPACK 1.20MM GM TRACKER 2G 2020/...;1,;417,97;JOG-2_B
15108009PK;JTA MTR CABE BASPACK 1.20MM HYUNDAI SANTA FE KIA C;0,;1.371,68;
15109605PK;JTA MTR CABE BASPACK 1.20MM PEUGEOT CITROEN 208 C3;0,;630,20;
141092PKR;JTA MTR CABE BASPACK 1.20MM RET FIAT ARGO CRONOS M;4,;592,10;JOG-4_A
141093PKR;JTA MTR CABE BASPACK 1.20MM RET FIAT ARGO MOBI UNO;2,;585,75;JOG-4_B
141094PK3R;JTA MTR CABE BASPACK 1.20MM RET FIAT TORO JEEP REN;0,;929,80;
131092PKR;JTA MTR CABE BASPACK 1.20MM RET FORD ECOSPORT 17/.;0,;644,39;
1210173PKR;JTA MTR CABE BASPACK 1.20MM RET GM ONIX 2G 20/...;4,;718,71;JOG-2_E
1510159PKR;JTA MTR CABE BASPACK 1.20MM RET HONDA ACCORD VTEC ;0,;572,12;
15108009PKR;JTA MTR CABE BASPACK 1.20MM RET HYUNDAI SANTA FE K;0,;1.684,40;
15109605PKR;JTA MTR CABE BASPACK 1.20MM RET PEUGEOT CITROEN 20;0,;760,65;
15109608PK3R;JTA MTR CABE BASPACK 1.20MM RET PEUGEOT EXPERT CIT;0,;847,33;
15105016PKR;JTA MTR CABE BASPACK 1.20MM RET TOYOTA ETIOS 04/16;1,;691,72;JOG-8_D
15106804PK;JTA MTR CABE BASPACK 1.20MM SUZUKI JIMNY 98/03 IGN;1,;473,95;JOG-8_A
15105016PK;JTA MTR CABE BASPACK 1.20MM TOYOTA ETIOS 04/16 ...;0,;580,04;
15108014PKR;JTA MTR CABE BASPACK 1.2MM C/ RET HYUNDAI MTR-G4FJ;0,;1.117,69;
151054PK3R;JTA MTR CABE BASPACK 1.40 C RET MITSUBISHI PAJERO;1,;647,79;JOG-6_D
151054PK3;JTA MTR CABE BASPACK 1.40 MITSUBISHI PAJERO NATIVA;0,;513,77;
181115PK3;JTA MTR CABE BASPACK 1.40MM MTR MWM D229T 3.9 4CIL;0,;344,46;
181125PK3;JTA MTR CABE BASPACK 1.40MM MTR MWM SERIE X10 X10T;0,;1.027,70;
181109PK3R;JTA MTR CABE BASPACK 1.40MM RET FORD F1000 F2000 F;0,;418,86;
181115PK3R;JTA MTR CABE BASPACK 1.40MM RET MTR MWM D229T 4CIL;0,;406,67;
181123PK3R;JTA MTR CABE BASPACK 1.40MM RET MTR MWM SERIE X10;0,;848,41;
151011PK3R;JTA MTR CABE BASPACK 1.50 C RET HYUNDAI H100 H1 D4;2,;460,18;JOG-6_B
151071PK1R;JTA MTR CABE BASPACK 1.50 C RET KIA K2500 PREGIO H;0,;651,74;
151011PK3;JTA MTR CABE BASPACK 1.50 HYUNDAI H100 H1 D4BH MIT;0,;380,76;
151071PK1;JTA MTR CABE BASPACK 1.50 KIA K2500 PREGIO HYUNDAI;0,;422,44;
151070PK1;JTA MTR CABE BASPACK 1.50MM MITSUBISHI L200 TD L30;0,;398,37;
151009PK3R;JTA MTR CABE BASPACK 1.60 C RET GM S10 BLAZER M BE;0,;410,64;
151009PK3;JTA MTR CABE BASPACK 1.60 GM S10 BLAZER M BENS SPR;0,;410,64;
151070PK3R;JTA MTR CABE BASPACK 1.60MM C RET MITSUBJTA MTR CA;3,;460,37;JOG-6_C
151070PK3;JTA MTR CABE BASPACK 1.60MM MITSUBISHI L200 TD L30;0,;418,74;
151042PK3R;JTA MTR CABE BASPACK 1.80 C RET FIAT IVECO TURBO D;0,;689,28;
151042PK3;JTA MTR CABE BASPACK 1.80 FIAT IVECO TURBO DAILY 2;0,;608,49;
19101011PKR;JTA MTR CABE BASPACK 1.80MM 123.5MM RET CUMMINS QS;0,;1.440,77;
19101007PKR;JTA MTR CABE BASPACK 1.80MM 123.5MM RET CUMMINS SE;0,;984,38;
1510103PK;JTA MTR CABE BASPACK 321 02 322 01 676 01 ALFA 145;0,;424,42;
1510102PK;JTA MTR CABE BASPACK ALFA ROMEU TWIN SPARK 145 146;0,;584,78;
151020PK;JTA MTR CABE BASPACK ASIA HAFEI TOWNER JUNIOR EFFA;0,;311,69;
151007PK;JTA MTR CABE BASPACK ASIA TOPIC;0,;253,28;
151008PK;JTA MTR CABE BASPACK ASIA TOWNER 3CIL GAS;2,;178,15;JOG-7_D
1110122PK;JTA MTR CABE BASPACK AUDI A4 VW GOLF JETTA PASSAT;0,;458,66;
131077PKR;JTA MTR CABE BASPACK C RET (TP ALUMINIO) FORD ECOS;0,;565,51;
131073PKR;JTA MTR CABE BASPACK C RET (TP PLASTICO) FORD ECOS;0,;565,51;JOG-3_D
131079PKR;JTA MTR CABE BASPACK C RET (TP PLASTICO) FORD RANG;0,;565,51;
1510102PKR;JTA MTR CABE BASPACK C RET ALFA ROMEU TWIN SPARK 1;0,;765,36;
151007PKR;JTA MTR CABE BASPACK C RET ASIA TOPIC;1,;363,85;JOG-8_D
151008PKR;JTA MTR CABE BASPACK C RET ASIA TOWNER 3CIL GAS;1,;272,85;JOG-8_E
1510140PKR;JTA MTR CABE BASPACK C RET CITROEN AZ10 ZX SAXO C1;0,;666,18;
1510165PKR;JTA MTR CABE BASPACK C RET CITROEN C2 C3 2002/ PEU;2,;505,57;JOG-8_B
1510181PKR;JTA MTR CABE BASPACK C RET CITROEN XSARA SAXO ZX P;0,;368,58;
141001PKR;JTA MTR CABE BASPACK C RET FIAT 147 OGGI UNO PREMI;0,;203,32;
141073PKR;JTA MTR CABE BASPACK C RET FIAT DOBLO BRAVA MAREA;4,;324,27;JOG-4_D
141057PKR;JTA MTR CABE BASPACK C RET FIAT MAREA 2.0 20 VAL 5;0,;487,90;
141065PKR;JTA MTR CABE BASPACK C RET FIAT MAREA BRAVA 1.8 16;1,;333,11;
141069PKR;JTA MTR CABE BASPACK C RET FIAT MAREA STILO ABARTH;1,;596,66;JOG-5_D
141029PKR;JTA MTR CABE BASPACK C RET FIAT PALIO MILLE SMART;1,;218,15;JOG-4_C
141033PKR;JTA MTR CABE BASPACK C RET FIAT PALIO SIENA BRAVA;1,;349,58;JOG-4_D
141053PKR;JTA MTR CABE BASPACK C RET FIAT PALIO SIENA DOBLO;3,;280,34;JOG-4_E
141079PKR;JTA MTR CABE BASPACK C RET FIAT PALIO SIENA PUNTO;2,;247,86;JOG-4_A
141021PKR;JTA MTR CABE BASPACK C RET FIAT TEMPRA 2.0 16 VAL;0,;292,27;
141025PKR;JTA MTR CABE BASPACK C RET FIAT TEMPRA 2.0 8 VAL;0,;256,69;
141045PKR;JTA MTR CABE BASPACK C RET FIAT TIPO 2.0 16 VAL;0,;345,57;
141041PKR;JTA MTR CABE BASPACK C RET FIAT TIPO 2.0 8 VAL;0,;257,05;
141037PKR;JTA MTR CABE BASPACK C RET FIAT TIPO PALIO 1.6 8 V;3,;299,39;JOG-4_C
141009PKR;JTA MTR CABE BASPACK C RET FIAT UNO MILLE FIORINO;0,;382,45;
141005PKR;JTA MTR CABE BASPACK C RET FIAT UNO MILLE PREMIO F;2,;221,08;JOG-4_D
141013PKR;JTA MTR CABE BASPACK C RET FIAT UNO PREMIO ELBA 15;0,;212,80;
141017PKR;JTA MTR CABE BASPACK C RET FIAT UNO PREMIO ELBA 16;0,;212,80;
141049PKR;JTA MTR CABE BASPACK C RET FIAT UNO SMART PALIO SI;0,;218,15;JOG-4_E
131005PKR;JTA MTR CABE BASPACK C RET FORD CORCEL BELINA I 1.;0,;185,90;
131037PKR;JTA MTR CABE BASPACK C RET FORD CORCEL BELINA II A;0,;200,11;
131047PKR;JTA MTR CABE BASPACK C RET FORD ECOSPORT FIESTA KA;0,;476,91;
131013PKR;JTA MTR CABE BASPACK C RET FORD ESCORT CORCEL DEL;2,;210,84;JOG-3_C
131049PKR;JTA MTR CABE BASPACK C RET FORD ESCORT ZETEC 1.8 1;0,;457,53;JOG-3_C
131045PKR;JTA MTR CABE BASPACK C RET FORD FIESTA ECOSPORT KA;3,;476,91;JOG-3_E
131029PKR;JTA MTR CABE BASPACK C RET FORD FIESTA KA COURIER;3,;294,21;JOG-3_D
131033PKR;JTA MTR CABE BASPACK C RET FORD FIESTA KA ENDURA N;3,;255,90;JOG-3_B
131065PKR;JTA MTR CABE BASPACK C RET FORD FOCUS MONDEO ZETEC;0,;683,85;
131051PKR;JTA MTR CABE BASPACK C RET FORD MONDEO ZETEC 2.0 1;0,;435,88;
131053PKR;JTA MTR CABE BASPACK C RET FORD RANGER EXPLORE OHV;3,;781,81;JOG-3_B
131055PKR;JTA MTR CABE BASPACK C RET FORD RANGER EXPLORE V6;1,;692,47;JOG-3_B
131059PKR;JTA MTR CABE BASPACK C RET FORD RANGER SOHC  2.3 2;0,;908,99;
131059PKR2;JTA MTR CABE BASPACK C RET FORD RANGER SOHC 2.3 8V;0,;876,06;
151035PKR;JTA MTR CABE BASPACK C RET GAX M BENS 120D 130D 14;0,;569,61;
121005PKR;JTA MTR CABE BASPACK C RET GM CHEVETTE JUNIOR GAS;2,;203,32;JOG-2_E
121001PKR;JTA MTR CABE BASPACK C RET GM CHEVETTE MARAJO ALC;2,;197,62;JOG-2_B
121093PKR;JTA MTR CABE BASPACK C RET GM CORSA 1.0 16V;2,;330,13;JOG-2_B
121099PKR;JTA MTR CABE BASPACK C RET GM CORSA CELTA 1.6 16V;1,;290,44;JOG-2_D
121063PKR;JTA MTR CABE BASPACK C RET GM CORSA CELTA MPFI 1.0;3,;227,96;JOG-2_C
121069PKR;JTA MTR CABE BASPACK C RET GM CORSA CELTA MPFI 1.6;0,;228,74;
121049PKR;JTA MTR CABE BASPACK C RET GM CORSA EFI MPFI 1.0 8;1,;221,08;JOG-2_E
121057PKR;JTA MTR CABE BASPACK C RET GM CORSA EFI MPFI 1.6 8;1,;203,32;JOG-2_D
1210117PKR;JTA MTR CABE BASPACK C RET GM CORSA MERIVA MONTANA;3,;338,16;JOG-2_B
121029PKR;JTA MTR CABE BASPACK C RET GM MONZA ALC GAS 1.6 82;0,;203,32;
121037PKR;JTA MTR CABE BASPACK C RET GM MONZA KADETT ALC GAS;0,;203,32;
121041PKR;JTA MTR CABE BASPACK C RET GM MONZA KADETT IPANEMA;1,;276,26;JOG-2_E
121033PKR;JTA MTR CABE BASPACK C RET GM MONZA KADETT IPANEMA;2,;267,95;JOG-2_C
121045PKR;JTA MTR CABE BASPACK C RET GM MONZA KADETT IPANEMA;1,;222,33;JOG-2_E
1210121PKR;JTA MTR CABE BASPACK C RET GM OMEGA A CIH 6CIL 3.0;0,;1.062,16;JOG-5_B
1210115PKR;JTA MTR CABE BASPACK C RET GM OMEGA SILVERADO 4.1;3,;731,70;JOG-5_B
121009PKR;JTA MTR CABE BASPACK C RET GM OPALA 90 CARAVAN 151;0,;226,36;
121013PKR;JTA MTR CABE BASPACK C RET GM OPALA CARAVAN 153 AL;0,;300,63;
121017PKR;JTA MTR CABE BASPACK C RET GM OPALA CARAVAN CAMINH;0,;288,26;
121025PKR;JTA MTR CABE BASPACK C RET GM OPALA DIPLOMATA 6 CI;0,;390,91;
151009PKR;JTA MTR CABE BASPACK C RET GM S10 BLAZER M BENS SP;0,;455,03;
1210105PKR;JTA MTR CABE BASPACK C RET GM S10 BLAZER VORTEC L3;0,;793,44;JOG-2_B
121075PKR;JTA MTR CABE BASPACK C RET GM VECTRA ASTRA BLAZER;1,;303,05;JOG-2_B
1210150PKR;JTA MTR CABE BASPACK C RET GM VECTRA GSI CALIBRA 2;1,;537,22;JOG-3_A
121087PKR;JTA MTR CABE BASPACK C RET GM VECTRA S10 ASTRA ZAF;1,;388,04;JOG-2_D
1510144PKR;JTA MTR CABE BASPACK C RET HASTE 6MM GUIA 10MM CAB;0,;710,83;
151098PKR;JTA MTR CABE BASPACK C RET HASTE 6MM GUIA 10MM CAB;2,;975,84;JOG-8_C
151098PKR2;JTA MTR CABE BASPACK C RET HASTE 6MM GUIA 9MM CABE;0,;765,11;
1510136PKR;JTA MTR CABE BASPACK C RET HONDA CIVIC 1.5 16 VAL;0,;475,80;
1510185PKR;JTA MTR CABE BASPACK C RET HONDA CIVIC ACCORD CR-V;3,;491,76;JOG-7_D
1510161PKR;JTA MTR CABE BASPACK C RET HONDA CIVIC D15Z3 D15Z6;0,;821,12;
1510171PKR;JTA MTR CABE BASPACK C RET HONDA CIVIC NEW CIVIC F;2,;490,36;JOG-8_D
151011PKR;JTA MTR CABE BASPACK C RET HYUNDAI H100 HR D4BH MI;0,;157,72;JOG-7_B
151021PKR;JTA MTR CABE BASPACK C RET KIA BESTA 2.2 DIESEL 92;2,;368,44;JOG-6_B
151025PKR;JTA MTR CABE BASPACK C RET KIA BESTA 2.7 DIESEL AN;0,;409,56;
151023PKR;JTA MTR CABE BASPACK C RET KIA BESTA GS 2.7 BONGO;2,;409,56;JOG-5_D
151056PKR;JTA MTR CABE BASPACK C RET KIA BESTA GS 3.0 GRANDE;3,;409,56;JOG-6_B
151094PKR;JTA MTR CABE BASPACK C RET KIA BONGO CERES 2.4 DIE;0,;354,97;
151058PKR;JTA MTR CABE BASPACK C RET MWM VOLARE A6 GM S10 BL;0,;546,70;
1510138PKR;JTA MTR CABE BASPACK C RET PEUG 106 309 105 93/ CI;1,;666,49;JOG-8_C
1510128PKR;JTA MTR CABE BASPACK C RET PEUGEOT 106 205 306 309;0,;599,06;
1510132PKR;JTA MTR CABE BASPACK C RET PEUGEOT 106 206 306 TU5;0,;659,93;
1510134PKR;JTA MTR CABE BASPACK C RET PEUGEOT 206 307 PARTNER;2,;526,21;JOG-8_D
1510120PKR;JTA MTR CABE BASPACK C RET PEUGEOT 306 405 406 2.0;0,;562,41;
1510100PKR;JTA MTR CABE BASPACK C RET PEUGEOT 306 405 GRI SRI;2,;772,78;JOG-7_C
1510141PKR;JTA MTR CABE BASPACK C RET PEUGEOT 307 406 407 607;0,;568,49;
1510116PKR;JTA MTR CABE BASPACK C RET RENAULT CLIO II KANGOO;1,;610,08;JOG-7_C
1510173PKR;JTA MTR CABE BASPACK C RET RENAULT CLIO KANGOO LOG;1,;548,05;JOG-8_B
151086PKR;JTA MTR CABE BASPACK C RET RENAULT CLIO KANGOO TWI;1,;443,11;JOG-7_C
151084PKR;JTA MTR CABE BASPACK C RET RENAULT CLIO LAGUNA R19;3,;632,75;JOG-7_D
1510114PKR;JTA MTR CABE BASPACK C RET RENAULT CLIO MEGANE SCE;2,;610,08;JOG-7_B
151074PKR;JTA MTR CABE BASPACK C RET RENAULT CLIO R19 C3L 1.;2,;492,21;JOG-7_A
151072PKR;JTA MTR CABE BASPACK C RET RENAULT CLIO R9 R11 R19;0,;447,05;
151079PKR;JTA MTR CABE BASPACK C RET RENAULT CLIO SUPERCINCO;1,;467,24;JOG-7_E
151078PKR;JTA MTR CABE BASPACK C RET RENAULT CLIO TWINGO SUP;0,;516,21;
1510108PKR;JTA MTR CABE BASPACK C RET RENAULT LAGUNA MEGANE S;3,;598,09;JOG-7_C
1510118PKR;JTA MTR CABE BASPACK C RET RENAULT MEGANE SCENIC L;2,;593,84;JOG-8_D
1510110PKR;JTA MTR CABE BASPACK C RET RENAULT TRAFIC CLIO MEG;0,;261,62;
151005PKR;JTA MTR CABE BASPACK C RET RENAULT TRAFIC DIESEL;0,;421,06;
151002PKR;JTA MTR CABE BASPACK C RET RENAULT TRAFIC R21 2.0;0,;547,28;
1210155PKR;JTA MTR CABE BASPACK C RET S CARTER GM SS10 VORTEC;1,;1.250,21;JOG-2_C
1210163PKR;JTA MTR CABE BASPACK C RET S FLANGE CHEVROLET TRAC;2,;659,33;JOG-3_A
15109603PKR;JTA MTR CABE BASPACK C RET S FLANGE PEUGEOT 208 20;2,;615,38;JOG-8_B
151087PKR;JTA MTR CABE BASPACK C RET S SELO S ANEL TP VAL RE;1,;518,55;JOG-6_C
1510104PKR;JTA MTR CABE BASPACK C RET SUZUKI VITARA SIDEKICK;1,;432,24;JOG-6_B
1510106PKR;JTA MTR CABE BASPACK C RET TOYOTA COROLLA 1.6 4AFE;2,;352,14;JOG-8_B
1510153PKR;JTA MTR CABE BASPACK C RET TOYOTA COROLLA DOHC 7AF;1,;675,96;JOG-7_C
1110117PK3R;JTA MTR CABE BASPACK C RET VW AMAROK 2.0 4CIL 16V;0,;879,16;
1110101PKR;JTA MTR CABE BASPACK C RET VW FOX BAH BJA BLH 03/.;2,;287,08;JOG-1_C
111039PKR;JTA MTR CABE BASPACK C RET VW GOL AE FORD ESCORT H;0,;200,28;JOG-1_E
1110105PKR;JTA MTR CABE BASPACK C RET VW GOL POWER EA111 1.0;3,;247,39;JOG-1_E
1110103PKR;JTA MTR CABE BASPACK C RET VW GOL POWER TREND FOX;1,;155,62;JOG-1_C
111077PKR;JTA MTR CABE BASPACK C RET VW GOL SANTANA SAVEIRO;2,;332,76;JOG-1_D
111061PKR;JTA MTR CABE BASPACK C RET VW GOL SANTANA SAVEIRO;2,;306,49;JOG-1_B
111057PKR;JTA MTR CABE BASPACK C RET VW GOL SAVEIRO PARATI A;0,;263,23;JOG-1_C
111053PKR;JTA MTR CABE BASPACK C RET VW GOL SAVEIRO PARATI A;3,;302,20;JOG-1_E
111099PKR;JTA MTR CABE BASPACK C RET VW GOLF BAH 1.6 8V 02/.;0,;402,79;
111095PKR;JTA MTR CABE BASPACK C RET VW GOLF BORA AZD 1.6 16;0,;349,00;
111073PKR;JTA MTR CABE BASPACK C RET VW GOLF GTI MEXICANO 2.;0,;385,82;
1110111PKR;JTA MTR CABE BASPACK C RET VW KOMBI 1.4 8V TOTAL F;0,;193,89;
111019PKR;JTA MTR CABE BASPACK C RET VW KOMBI 1.6 DIESEL 3 P;0,;317,20;
111047PKR;JTA MTR CABE BASPACK C RET VW PASSAT GOL SANTANA S;2,;245,72;JOG-1_E
111007PKR;JTA MTR CABE BASPACK C RET VW PASSAT GOL VOYAGE AL;0,;203,32;
111011PKR;JTA MTR CABE BASPACK C RET VW PASSAT TS VOYAGE ALC;0,;203,32;
111023PKR;JTA MTR CABE BASPACK C RET VW SANTANA GOL PARATI A;0,;188,21;
131096PKR;JTA MTR CABE BASPACK C/ RET FORD MOTOR-ECOBOOST TI;2,;559,71;JOG-3_C
1110126PKR;JTA MTR CABE BASPACK C/RET VW AUDI MOTOR FSI BLX B;0,;696,09;
15108304PK;JTA MTR CABE BASPACK CHERY MOTOR-SQR371F 1.0 12V Q;0,;464,68;
15108301PK;JTA MTR CABE BASPACK CHERY QQ MTR SQ472F 1.1 16V 2;1,;511,98;JOG-8_A
1210163PK;JTA MTR CABE BASPACK CHEVROLET TRACKER SUZUKI AERI;0,;469,47;
1510184PK;JTA MTR CABE BASPACK CIT XANTIA ZX PGT 306 405MI 4;0,;942,24;
1510140PK;JTA MTR CABE BASPACK CITROEN AZ10 ZX SAXO C15 PEUG;1,;467,37;JOG-7_B
1510165PK;JTA MTR CABE BASPACK CITROEN C2 C3 2002/ PEUGEOT20;2,;251,01;JOG-7_C
1510183PK;JTA MTR CABE BASPACK CITROEN C4 C5 PICASSO PEUGEOT;0,;517,99;
1510144PK;JTA MTR CABE BASPACK CITROEN XM XANTIA XSARA EVASI;0,;502,09;
1510181PK;JTA MTR CABE BASPACK CITROEN XSARA SAXO ZX PEUGEOT;0,;550,14;
19101004PK;JTA MTR CABE BASPACK CUMMINS MTR SERIE B 4B 4BTA 3;0,;1.001,57;
19101006PK;JTA MTR CABE BASPACK CUMMINS SERIE B 6B 6BT 5.9L 1;0,;1.254,60;
151003PK;JTA MTR CABE BASPACK DODGE DART D100 D400 D700 CAM;0,;1.889,37;
151001PK;JTA MTR CABE BASPACK DODGE POLARA 1.8 73/...;0,;320,14;
151019PK;JTA MTR CABE BASPACK EFFA CHANA CHANGAN STAR JL465;0,;311,69;
151018PK;JTA MTR CABE BASPACK EFFA TOWNER SUZUKI SJ410 JIMN;0,;311,69;
131009PK;JTA MTR CABE BASPACK ESCORT DEL REY 83 MTR 1.3 CHT;0,;144,54;
141088PK;JTA MTR CABE BASPACK ETORQ EVO 1.6 16V FIAT DOBLO;0,;419,11;
141090PK;JTA MTR CABE BASPACK ETORQ EVO FLEX 1.8 16V JEEP R;3,;419,11;JOG-4_C
141001PK;JTA MTR CABE BASPACK FIAT 147 OGGI UNO PREMIO ELBA;0,;111,39;
141073PK;JTA MTR CABE BASPACK FIAT DOBLO BRAVA MAREA PALIO;1,;220,52;JOG-4_D
141087PK;JTA MTR CABE BASPACK FIAT DOBLO GRAND SIENA IDEA P;0,;410,45;
141089PK;JTA MTR CABE BASPACK FIAT DOBLO GRAND SIENA IDEA P;0,;410,45;
141085PK;JTA MTR CABE BASPACK FIAT EVO GRAND IDEA PALIO PUN;0,;193,61;
141077PK;JTA MTR CABE BASPACK FIAT LINEA 1.9 16V FLEX 2007/;0,;220,52;
141057PK;JTA MTR CABE BASPACK FIAT MAREA 2.0 20 VAL 5 CIL;2,;376,00;JOG-4_C
141065PK;JTA MTR CABE BASPACK FIAT MAREA BRAVA 1.8 16 VAL 0;2,;270,31;JOG-4_A
141037PK;JTA MTR CABE BASPACK FIAT PALIO 98/00 TIPO 1.6 8 V;2,;181,59;JOG-4_B
141029PK;JTA MTR CABE BASPACK FIAT PALIO MILLE SMART MPI 1.;2,;163,87;JOG-4_E
141033PK;JTA MTR CABE BASPACK FIAT PALIO SIENA BRAVA 1.6 16;0,;179,64;
141053PK;JTA MTR CABE BASPACK FIAT PALIO SIENA DOBLO FIRE 1;2,;186,55;JOG-4_E
141079PK;JTA MTR CABE BASPACK FIAT PALIO SIENA PUNTO IDEA D;1,;178,09;JOG-4_B
141083PK;JTA MTR CABE BASPACK FIAT PUNTO IDEA BRAVO LINEA 0;0,;275,42;
141021PK;JTA MTR CABE BASPACK FIAT TEMPRA 2.0 16 VAL;1,;216,00;
141025PK;JTA MTR CABE BASPACK FIAT TEMPRA 2.0 8 VAL;2,;196,94;JOG-4_A
141045PK;JTA MTR CABE BASPACK FIAT TIPO 2.0 16 VAL;3,;218,35;
141041PK;JTA MTR CABE BASPACK FIAT TIPO 2.0 8 VAL;0,;240,57;
141005PK;JTA MTR CABE BASPACK FIAT UNO MILLE 1.0 PREMIO FIO;2,;158,90;JOG-4_A
141009PK;JTA MTR CABE BASPACK FIAT UNO MILLE FIORINO PICK-U;2,;218,87;JOG-4_D
141013PK;JTA MTR CABE BASPACK FIAT UNO PREMIO ELBA 1500 ARG;6,;117,04;JOG-4_E
141017PK;JTA MTR CABE BASPACK FIAT UNO PREMIO ELBA 1600 ARG;2,;169,29;JOG-4_E
141049PK;JTA MTR CABE BASPACK FIAT UNO SMART PALIO SIENA FI;0,;155,53;JOG-4_B
141086PK;JTA MTR CABE BASPACK FIATDUBLO EVO GRAND IDEA 500;0,;187,80;
131005PK;JTA MTR CABE BASPACK FORD CORCEL BELINA I 1.3 71/7;5,;146,13;JOG-3_E
131037PK;JTA MTR CABE BASPACK FORD CORCEL BELINA II ALC GAS;0,;142,96;
131047PK;JTA MTR CABE BASPACK FORD ECOSPORT FIESTA KA COURI;2,;240,67;JOG-3_D
131013PK;JTA MTR CABE BASPACK FORD ESCORT CORCEL DEL REY VW;1,;157,17;JOG-3_C
131049PK;JTA MTR CABE BASPACK FORD ESCORT ZETEC 1.8 16V;2,;337,31;JOG-3_D
131043PK;JTA MTR CABE BASPACK FORD FIESTA COURIER ZETEC 1.4;1,;222,86;JOG-3_C
131045PK;JTA MTR CABE BASPACK FORD FIESTA ECOSPORT KA ZETEC;2,;349,90;JOG-3_E
131029PK;JTA MTR CABE BASPACK FORD FIESTA KA COURIER ENDURA;2,;186,55;JOG-3_D
131029PKB;JTA MTR CABE BASPACK FORD FIESTA KA COURIER ENDURA;0,;262,90;
131033PKB;JTA MTR CABE BASPACK FORD FIESTA KA ENDURA NAC GAS;0,;169,39;
131033PKBI;JTA MTR CABE BASPACK FORD FIESTA KA ENDURA NACIONA;0,;247,24;
131033PK;JTA MTR CABE BASPACK FORD FIESTA KA ENDURA NACIONA;1,;186,55;
131071PK;JTA MTR CABE BASPACK FORD FOCUS MONDEO ZETEC 1.8 1;0,;550,84;
131065PK;JTA MTR CABE BASPACK FORD FOCUS MONDEO ZETEC 2.0 1;0,;590,80;
131067PK;JTA MTR CABE BASPACK FORD GALAXIE MAVERICK 302 8CI;0,;877,82;
131017PK;JTA MTR CABE BASPACK FORD MAVERICK F100 F75 JEEP U;0,;275,84;
131019PK;JTA MTR CABE BASPACK FORD MAVERICK WILLYS JEEP GAS;2,;371,29;JOG-5_B
1510191PK;JTA MTR CABE BASPACK FORD MAX FALCON F100 FAIRLANE;0,;390,91;
131051PK;JTA MTR CABE BASPACK FORD MONDEO ZETEC 2.0 16V 94/;3,;308,61;JOG-3_C
131081PK;JTA MTR CABE BASPACK FORD NEW FIESTA ECOSPORT 10/.;2,;340,72;JOG-3_B
131097PK;JTA MTR CABE BASPACK FORD NEW FIESTAS 2016/... MOT;0,;383,15;
131069PK;JTA MTR CABE BASPACK FORD NOVO FIESTA ECOSPORT ZET;0,;333,96;
131053PK;JTA MTR CABE BASPACK FORD RANGER EXPLORE OHV GAS V;3,;647,79;JOG-3_C
131055PK;JTA MTR CABE BASPACK FORD RANGER EXPLORE V6 4.0 12;2,;524,35;JOG-3_E
131082PK;JTA MTR CABE BASPACK FORD RANGER FUSION 2013/...MT;0,;564,63;
131059PK;JTA MTR CABE BASPACK FORD RANGER SOHC GAS 2.3 2.5;1,;584,78;JOG-4_A
121061PK;JTA MTR CABE BASPACK GM C10 CHEVROLET BRASIL GAS 2;1,;329,42;JOG-5_B
121005PK;JTA MTR CABE BASPACK GM CHEVETTE JUNIOR GAS 1.0;4,;143,33;JOG-2_B
121001PK;JTA MTR CABE BASPACK GM CHEVETTE MARAJO ALC GAS 1.;2,;155,87;JOG-2_A
121093PK;JTA MTR CABE BASPACK GM CORSA 1.0 16V;1,;175,88;JOG-2_B
121099PK;JTA MTR CABE BASPACK GM CORSA CELTA 1.6 16V;0,;189,87;
121063PK;JTA MTR CABE BASPACK GM CORSA CELTA MPFI 1.0 04-98;2,;167,47;JOG-2_B
121069PK;JTA MTR CABE BASPACK GM CORSA CELTA MPFI 1.6 04-98;2,;142,94;JOG-2_C
1210123PK;JTA MTR CABE BASPACK GM CORSA CELTA VHC 1.0 8V;2,;167,47;JOG-2_C
121049PK;JTA MTR CABE BASPACK GM CORSA EFI MPFI 1.0 8V 94/0;4,;158,03;JOG-2_D
121053PK;JTA MTR CABE BASPACK GM CORSA EFI MPFI 1.4 8V 94/0;1,;159,21;JOG-2_C
121057PK;JTA MTR CABE BASPACK GM CORSA EFI MPFI 1.6 8V 94/0;2,;158,90;JOG-2_E
1210117PK;JTA MTR CABE BASPACK GM CORSA MERIVA MONTANA FIAT;6,;172,10;JOG-2_D
1210136PK;JTA MTR CABE BASPACK GM CORSA PRISMA MONTANA MERIV;0,;270,92;
1210119PK;JTA MTR CABE BASPACK GM MERIVA FIAT STILO DOHC 1.8;2,;311,69;JOG-2_C
121029PK;JTA MTR CABE BASPACK GM MONZA ALC GAS 1.6 82/86;5,;146,14;JOG-2_E
121037PK;JTA MTR CABE BASPACK GM MONZA KADETT ALC GAS 1.8 8;6,;146,14;JOG-2_D
121045PK;JTA MTR CABE BASPACK GM MONZA KADETT IPANEMA 91/96;0,;177,87;JOG-2_E
121033PK;JTA MTR CABE BASPACK GM MONZA KADETT IPANEMA ALC G;2,;179,64;JOG-2_D
121041PK;JTA MTR CABE BASPACK GM MONZA KADETT IPANEMA GSI E;1,;158,90;JOG-2_E
1210121PK;JTA MTR CABE BASPACK GM OMEGA A CIH 6CIL 3.0 12V;0,;882,34;
1210115PK;JTA MTR CABE BASPACK GM OMEGA SILVERADO 4.1 6CIL 8;2,;635,87;JOG-6_E
1210137PK;JTA MTR CABE BASPACK GM ONIX PRISMA SPE/4 1.4 8V 2;0,;196,84;
121009PK;JTA MTR CABE BASPACK GM OPALA 90 CARAVAN 151 ALC G;2,;209,05;JOG-2_B
121013PK;JTA MTR CABE BASPACK GM OPALA CARAVAN 153 ALC GAS;2,;190,30;JOG-2_E
121017PK;JTA MTR CABE BASPACK GM OPALA CARAVAN CAMINHAO C10;1,;295,92;JOG-5_B
121021PK;JTA MTR CABE BASPACK GM OPALA CARAVAN DIPLOMATA 15;2,;206,09;JOG-2_E
121025PK;JTA MTR CABE BASPACK GM OPALA DIPLOMATA 6 CIL 89/.;0,;298,71;
151009PK;JTA MTR CABE BASPACK GM S10 BLAZER M BENS SPRINTER;0,;311,97;
121075PK;JTA MTR CABE BASPACK GM VECTRA ASTRA BLAZER S10 MP;2,;205,25;JOG-2_C
1210150PK;JTA MTR CABE BASPACK GM VECTRA GSI CALIBRA 2.0 16;0,;427,77;
121087PK;JTA MTR CABE BASPACK GM VECTRA S10 ASTRA ZAFIRA MP;1,;189,83;JOG-2_D
151032PK;JTA MTR CABE BASPACK GURGEL SUPER MINI BR 800;0,;271,11;
1510159PK;JTA MTR CABE BASPACK HONDA ACCORD VTEC MTR F18B2 F;0,;460,40;
151062PK;JTA MTR CABE BASPACK HONDA CIVIC 1.5 16 VAL 91 A 9;2,;479,66;JOG-8_D
1510136PK;JTA MTR CABE BASPACK HONDA CIVIC 1.5 16 VAL D15B1;0,;346,12;
1510185PK;JTA MTR CABE BASPACK HONDA CIVIC ACCORD CR-V 1.8 1;2,;380,07;JOG-8_D
15106207PK;JTA MTR CABE BASPACK HONDA CIVIC CITY CR-Z EX  VTE;1,;379,74;JOG-8_B
1510161PK;JTA MTR CABE BASPACK HONDA CIVIC D15Z3 D15Z6 D15Z8;1,;527,36;JOG-8_D
1510171PK;JTA MTR CABE BASPACK HONDA CIVIC NEW CIVIC 1.7;3,;361,57;JOG-8_E
1510169PK;JTA MTR CABE BASPACK HONDA FIT CITY JAZZ TWIN SPAR;0,;396,66;JOG-8_A
1510170PK;JTA MTR CABE BASPACK HONDA FIT JAZZ VTEC L15A1 L15;0,;529,79;
15108007PK;JTA MTR CABE BASPACK HYUNDAI SANTA FÉ 00/06 MTR G6;0,;1.117,99;
15108013PK;JTA MTR CABE BASPACK HYUNDAI SANTA FÉ 05/10 MTR G6;0,;1.465,40;
1510177PK;JTA MTR CABE BASPACK HYUNDAI TUCSON I30 KIA SPORTA;0,;460,87;
15108006PK;JTA MTR CABE BASPACK HYUNDAI TUCSON SONATA KIA SOR;0,;530,53;
15108012PK;JTA MTR CABE BASPACK HYUNDAI VERACRUZ GENESIS KIA;0,;1.117,99;
1510187PK;JTA MTR CABE BASPACK INOX HYUNDAI HB20 I30 VELOSTE;2,;559,51;JOG-7_B
151021PK;JTA MTR CABE BASPACK KIA BESTA 2.2 DIESEL 92 A 97;2,;218,64;JOG-6_B
151025PK;JTA MTR CABE BASPACK KIA BESTA 2.7 DIESEL ANO ATE;0,;328,39;
151023PK;JTA MTR CABE BASPACK KIA BESTA GS 2.7 BONGO K2700;2,;391,96;JOG-5_D
151056PK;JTA MTR CABE BASPACK KIA BESTA GS 3.0 GRANDE;3,;357,08;JOG-5_D
151094PK;JTA MTR CABE BASPACK KIA BONGO CERES 2.4 DIESEL;0,;209,34;
151092PK;JTA MTR CABE BASPACK KIA SPORTAGE 2.0 DIESEL;0,;508,21;
151095PK;JTA MTR CABE BASPACK KIA SPORTAGE RETONA 2 0 16 VA;0,;732,41;
151031PK;JTA MTR CABE BASPACK LADA NIVA 1.600;0,;594,16;
15108306PK;JTA MTR CABE BASPACK LIFAN 530 MTR LF479Q2B 1.5 16;0,;379,74;
15108308PK;JTA MTR CABE BASPACK LIFAN 620 MTR LF481Q3 1.6 16V;0,;473,80;
151035PK;JTA MTR CABE BASPACK M BENS 120D 130D 140D 150D 17;0,;747,86;
15105413PK;JTA MTR CABE BASPACK MITSUBISHI AIRTREK ECLIPSE GR;0,;717,04;
15105420PK;JTA MTR CABE BASPACK MITSUBISHI ASX OUTLANDER MTR ;0,;871,16;
15105408PK;JTA MTR CABE BASPACK MITSUBISHI MOTOR 4G64 2.4 16V;0,;493,96;
1510194PK;JTA MTR CABE BASPACK MITSUBISHI PAJERO IO 98/.. TR;0,;573,55;
151058PK;JTA MTR CABE BASPACK MWM VOLARE A6 GM S10 BLAZER V;0,;428,31;
151059PK;JTA MTR CABE BASPACK MWM VOLARE FORD F250 GM SILVE;1,;692,80;JOG-5_B
1210124PK;JTA MTR CABE BASPACK ONIX PRISMA SPE/4 1.0 2012/..;0,;137,66;
1510138PK;JTA MTR CABE BASPACK PEUG 106 309 105 93/ CITROEN;4,;418,75;JOG-7_E
1510128PK;JTA MTR CABE BASPACK PEUGEOT 106 205 306 309 CITRO;0,;397,43;
1510132PK;JTA MTR CABE BASPACK PEUGEOT 106 206 306 TU5JP TU5;2,;453,63;JOG-7_A
1510134PK;JTA MTR CABE BASPACK PEUGEOT 206 307 PARTNER CITRO;2,;368,94;JOG-7_D
1510120PK;JTA MTR CABE BASPACK PEUGEOT 306 405 406 2.0 8 VAL;0,;398,23;
1510100PK;JTA MTR CABE BASPACK PEUGEOT 306 405 GRI SRI STI C;2,;504,54;JOG-7_D
151098PK;JTA MTR CABE BASPACK PEUGEOT 306 406 CITROEN XANTI;2,;436,30;JOG-7_B
1510141PK;JTA MTR CABE BASPACK PEUGEOT 307 406 407 607 806 8;2,;423,52;JOG-8_C
1510116PK;JTA MTR CABE BASPACK RENAULT CLIO II KANGOO K7M 74;0,;415,06;
1510173PK;JTA MTR CABE BASPACK RENAULT CLIO KANGOO LOGAN MOD;0,;253,09;JOG-8_D
151086PK;JTA MTR CABE BASPACK RENAULT CLIO KANGOO TWINGO D7;2,;266,52;JOG-7_A
151084PK;JTA MTR CABE BASPACK RENAULT CLIO LAGUNA R19 R21 F;0,;393,93;JOG-7_E
1510114PK;JTA MTR CABE BASPACK RENAULT CLIO MEGANE SCENIC KA;1,;415,06;JOG-7_C
151074PK;JTA MTR CABE BASPACK RENAULT CLIO R19 C3L 1.6 8 VA;2,;346,57;JOG-7_A
151082PK;JTA MTR CABE BASPACK RENAULT CLIO R19 R21 SUPERCIN;3,;375,63;JOG-7_D
151072PK;JTA MTR CABE BASPACK RENAULT CLIO R9 R11 R19 R21 C;8,;447,87;JOG-7_E
151076PK;JTA MTR CABE BASPACK RENAULT CLIO SCENIC R11 R19 R;5,;430,85;JOG-7_A
151079PK;JTA MTR CABE BASPACK RENAULT CLIO SUPERCINCO EXPRE;6,;307,92;JOG-7_B
151078PK;JTA MTR CABE BASPACK RENAULT CLIO TWINGO SUPERCINC;1,;310,44;JOG-7_C
1510108PK;JTA MTR CABE BASPACK RENAULT LAGUNA MEGANE SCENIC;0,;440,14;
1510118PK;JTA MTR CABE BASPACK RENAULT MEGANE SCENIC LAGUNA;2,;356,61;JOG-8_B
1510179PK;JTA MTR CABE BASPACK RENAULT SANDERO LOGAN 1.6 8 V;0,;451,32;
1510110PK;JTA MTR CABE BASPACK RENAULT TRAFIC CLIO MEGANE SC;0,;223,96;JOG-7_E
151005PK;JTA MTR CABE BASPACK RENAULT TRAFIC DIESEL;0,;321,99;
151002PK;JTA MTR CABE BASPACK RENAULT TRAFIC R21 2.0 2.2 GA;0,;226,34;
15108304PKR;JTA MTR CABE BASPACK RET CHERY MOTOR-SQR371F 1.0 1;0,;556,52;
15108301PKR;JTA MTR CABE BASPACK RET CHERY QQ MTR SQ472F 1.1 1;1,;773,37;JOG-8_D
15103409PKR;JTA MTR CABE BASPACK RET CHRYSLER DODGE MTR EER EE;0,;1.160,85;
19101004PKR;JTA MTR CABE BASPACK RET CUMMINS MTR SERIE B 4B 4B;0,;1.274,23;
19101006PKR;JTA MTR CABE BASPACK RET CUMMINS SERIE B 6B 6BT 5.;0,;1.446,13;
15103408PKR;JTA MTR CABE BASPACK RET DODGE JOURNEY DURANGO CHA;0,;1.212,35;
141097PKR;JTA MTR CABE BASPACK RET FIAT TORO 2016/.. JEEP CO;2,;936,67;JOG-4_E
171128PKR;JTA MTR CABE BASPACK RET FORD CARGO FASE I 6CIL;0,;529,53;
171126PKR;JTA MTR CABE BASPACK RET FORD CARGO FASE II FTO 6.;0,;541,61;
171129PKR;JTA MTR CABE BASPACK RET FORD F1N 5630 6630 7630;0,;631,28;
131043PKR;JTA MTR CABE BASPACK RET FORD FIESTA COURIER ZETEC;0,;278,70;
171122PKR;JTA MTR CABE BASPACK RET FORD MICRO ONIBUS FB400 F;0,;595,30;
131078PKR;JTA MTR CABE BASPACK RET FORD MOTOR ECOBOOST MGDA;0,;584,14;
131097PKR;JTA MTR CABE BASPACK RET FORD NEW FIESTAS 2016/...;0,;538,02;
161122PKR;JTA MTR CABE BASPACK RET GAX M BENS OM364 4CIL;0,;313,46;
121053PKR;JTA MTR CABE BASPACK RET GM CORSA EFI MPFI 1.4 8V ;0,;323,86;
1210172PKR;JTA MTR CABE BASPACK RET GM OMEGA AUSTRALIANO 3.8;0,;1.639,84;
15106227PKR;JTA MTR CABE BASPACK RET HONDA ACCORD LEGEND MTR C;0,;1.340,24;
15106201PKR;JTA MTR CABE BASPACK RET HONDA CR-V EDIX FR V STEP;0,;1.089,98;
15108004PKR;JTA MTR CABE BASPACK RET HYUNDAI AZERA SANTA FE GR;1,;976,71;JOG_7_A
15108008PKR;JTA MTR CABE BASPACK RET HYUNDAI I30 ELANTRA 13/..;2,;929,71;JOG-8_D
15108007PKR;JTA MTR CABE BASPACK RET HYUNDAI SANTA FÉ 00/06 MT;0,;1.552,46;
15108013PKR;JTA MTR CABE BASPACK RET HYUNDAI SANTA FÉ 05/10 MT;0,;1.718,49;
15108016PKR;JTA MTR CABE BASPACK RET HYUNDAI TUCSON 04/11 KIA;0,;976,99;
15108006PKR;JTA MTR CABE BASPACK RET HYUNDAI TUCSON SONATA KIA;0,;671,43;
15108012PKR;JTA MTR CABE BASPACK RET HYUNDAI VERACRUZ GENESIS;0,;1.552,46;
15103707PKR;JTA MTR CABE BASPACK RET LAND ROVER FREELANDER 2 M;0,;1.760,35;
15108306PKR;JTA MTR CABE BASPACK RET LIFAN 530 MTR LF479Q2B 1.;2,;458,49;JOG_7_B
15106708PKR;JTA MTR CABE BASPACK RET MAZDA 626 2.0 TURBO 86/87;0,;1.004,08;
15105407PKR;JTA MTR CABE BASPACK RET MITISUBISH ECLIPSE MONTER;0,;1.098,58;
15105413PKR;JTA MTR CABE BASPACK RET MITSUBISHI AIRTREK ECLIPS;0,;884,57;
15105420PKR;JTA MTR CABE BASPACK RET MITSUBISHI ASX OUTLANDER ;0,;1.093,42;
15105421PKR;JTA MTR CABE BASPACK RET MITSUBISHI ECLIPSE 4G63T ;0,;657,00;
15105422PKR;JTA MTR CABE BASPACK RET MITSUBISHI ECLIPSE GALANT;0,;840,29;
15105408PKR;JTA MTR CABE BASPACK RET MITSUBISHI MOTOR 4G64 2.4;2,;641,48;JOG-8_D
15105403PKR;JTA MTR CABE BASPACK RET MITSUBISHI PAJERO 3000GT;0,;1.098,97;
1410104PKR;JTA MTR CABE BASPACK RET TORO 2016 MTR TIGERSHARK;1,;963,96;JOG-4_B
1210105PK;JTA MTR CABE BASPACK S GAX GM S10 BLAZER VORTEC L3;2,;475,70;JOG-2_B
131096PK;JTA MTR CABE BASPACK S/ RET FORD MOTOR-ECOBOOST TI;0,;377,00;
15108004PK;JTA MTR CABE BASPACK S/ RET HYUNDAI AZERA SANTA FE;0,;852,40;
1110126PK;JTA MTR CABE BASPACK S/RET VW AUDI MOTOR-FSI BLX B;0,;592,22;
151087PK;JTA MTR CABE BASPACK SEM SELO SEM ANEL TPA VAL 4 P;2,;254,10;JOG-7_A
1510163PK;JTA MTR CABE BASPACK SUZUKI GRAND VITARA SZ BALENO;0,;443,36;
151021140;JTA MTR CABE BASPACK SUZUKI VITARA GRAND VITARA H2;0,;2.061,29;
1510104PK;JTA MTR CABE BASPACK SUZUKI VITARA SIDEKICK G16A G;0,;346,24;
1510106PK;JTA MTR CABE BASPACK TOYOTA COROLLA 1.6 4AFE 1.8 7;0,;522,74;JOG-7_A
1510153PK;JTA MTR CABE BASPACK TOYOTA COROLLA DOHC 7AFE 1.8;0,;568,65;
1510154PK;JTA MTR CABE BASPACK TOYOTA COROLLA PRIUS 09/... M;0,;493,97;
1510146PK;JTA MTR CABE BASPACK TOYOTA COROLLA VVTI FILDER VV;0,;386,78;
141069PK;JTA MTR CABE BASPACK TV PLASTICO FIAT MAREA STILO;4,;338,31;JOG-4_C
1110117PK3;JTA MTR CABE BASPACK VW AMAROK 2.0 4CIL 16V MTR CN;0,;773,15;
111089PK;JTA MTR CABE BASPACK VW BORA NEW BEETLE GOLF SHARA;0,;486,54;
1110101PK;JTA MTR CABE BASPACK VW FOX BAH BJA BLH 03/... SPA;3,;200,98;JOG-1_A
111039PK;JTA MTR CABE BASPACK VW GOL AE FORD ESCORT HOBBY D;2,;155,65;JOG-1_A
1110105PK;JTA MTR CABE BASPACK VW GOL POWER EA111 1.0 16V 02;4,;134,72;JOG-1_D
1110103PK;JTA MTR CABE BASPACK VW GOL POWER TREND FOX MOTOR;3,;149,78;JOG-1_C
111077PK;JTA MTR CABE BASPACK VW GOL SANTANA SAVEIRO PARATI;2,;309,97;JOG-1_A
111061PK;JTA MTR CABE BASPACK VW GOL SANTANA SAVEIRO PARATI;3,;220,68;JOG-1_A
111057PK;JTA MTR CABE BASPACK VW GOL SAVEIRO PARATI AT MI 1;1,;187,04;JOG-2_A
111053PK;JTA MTR CABE BASPACK VW GOL SAVEIRO PARATI AT MI G;2,;180,10;JOG-2_A
111065PK;JTA MTR CABE BASPACK VW GOL SAVEIRO PARATI SANTANA;0,;214,16;
111099PK;JTA MTR CABE BASPACK VW GOLF BAH 1.6 8V 02/...;0,;283,75;
111095PK;JTA MTR CABE BASPACK VW GOLF BORA AZD 1.6 16V 01/.;0,;265,43;
111073PK;JTA MTR CABE BASPACK VW GOLF GTI MEXICANO 2.0 94/9;0,;335,28;
1110116PK;JTA MTR CABE BASPACK VW GOLF JETTA PASSAT TIGUAN 1;0,;563,18;
111087PK;JTA MTR CABE BASPACK VW GOLF PASSAT VARIANT NEW BE;0,;829,92;
111081PK;JTA MTR CABE BASPACK VW GOLF SR BORA AUDI A3 A4 AE;0,;609,54;
111069PK;JTA MTR CABE BASPACK VW GOLF VENTO PASSAT CORRADO;0,;196,94;
1110111PK;JTA MTR CABE BASPACK VW KOMBI 1.4 8V TOTAL FLEX;3,;157,03;JOG-1_B
111019PK;JTA MTR CABE BASPACK VW KOMBI 1.6 DIESEL 3 PICO;0,;173,31;
111091PK;JTA MTR CABE BASPACK VW PASSAT 2000/...MOTOR AZM 2;0,;379,02;
111083PK;JTA MTR CABE BASPACK VW PASSAT ADR AFY AEB 1.8 20V;0,;614,29;
111047PK;JTA MTR CABE BASPACK VW PASSAT GOL SANTANA SAVEIRO;3,;158,04;JOG-1_C
111007PK;JTA MTR CABE BASPACK VW PASSAT GOL VOYAGE ALC GAS;0,;146,14;
111011PK;JTA MTR CABE BASPACK VW PASSAT TS VOYAGE MTR MD AL;1,;146,14;JOG-1_A
111023PK;JTA MTR CABE BASPACK VW SANTANA GOL PARATI AP ALC;0,;158,90;JOG-1_B
151071PK3R;JTA MTR CABE BASPACK1.50 C RET KIA BONGO KIA K 250;0,;616,14;
151086MP;JTA MTR CABE MET PACK RENAULT CLIO KANGOO TWINGO D;1,;355,54;
1510118MP;JTA MTR CABE MET PACK RENAULT MEGANE SCENIC LAGUNA;0,;468,48;
151021MPR;JTA MTR CABE MET PACK RET KIA BESTA 2.2 DIESEL 92;0,;382,58;
15105605PK6;JTA MTR CABE PACK 1,4MM S RET HYUNDAI HR 13/... KI;0,;710,27;
15108601PKR;JTA MTR CABE PACK 1.20MM C RET RENAULT LOGAN SAND;4,;250,44;JOG-6_C
151062PKR;JTA MTR CABE PACK C RET HONDA CIVIC 1.5 1.6 16 VAL;1,;768,02;JOG-8_D
151060PK;JTA MTR CABE PACK NISSAN SENTRA TIIDA RNT DUSTER;2,;275,49;JOG-8_B
15109603PK;JTA MTR CABE PACK S RET S FLANGE PGT 208 2013/...;0,;339,79;
151070PK1R;JTA MTR CABE PAK 1.5 C RET MITSUB L200 TD L300 PAJ;0,;628,84;
15106006MLR;JTA MTR CABE RET  NISSAN MARCH VERSA MTR HR10DE CV;3,;496,91;JOG-8_B
141092ML;JTA MTR CB ACO 0,7MM FIAT ARGO CRONOS MOBI UNO MTR;3,;434,48;JOG-4_B
131092ML;JTA MTR CB ACO 0.50MM FORD ECOSPORT 17/... KA KA+;1,;541,39;JOG-3_E
141093ML;JTA MTR CB ACO 0.7MM FIAT ARGO MOBI UNO CRONOS FIR;2,;576,60;JOG-4_B
181111ML3R;JTA MTR CB AÇO 1.40MM C RET MTR MWM D229 4CIL COMP;0,;365,62;
181117ML3R;JTA MTR CB AÇO 1.40MM C RET MTR MWM D229 6CIL FORD;0,;687,71;
1510180MLR;JTA MTR CB ACO C RT REANAULT MASTER III DCI M9T 2.;2,;1.241,24;JOG-6_A
1210162ML;JTA MTR CB ACO CHEVROLET CAPTIVA 2.4 16V ECOTEC;0,;1.825,69;
1510157ML1R;JTA MTR CB ACO INOX 0.85MM C RT TOYOTA HILUX 2005/;0,;791,65;
15106004ML3R;JTA MTR CB ACO INOX 0.92MM C RT NISSAN CABSTAR MTR;0,;1.124,52;
15106004ML3;JTA MTR CB ACO INOX 0.92MM NISSAN CABSTAR MTR YD25;0,;1.041,18;
1210118ML;JTA MTR CB ACO INOX 1,6MM GM COBALT MERIVA MONTANA;0,;277,58;
15105605ML5R;JTA MTR CB ACO INOX 1.00MM C RT HYUNDAI HR 13/...;0,;744,57;
15105016MLR;JTA MTR CB ACO INOX 1.10MM RET TOYOTA ETIOS 04/16;3,;752,03;JOG-8_B
15105016ML;JTA MTR CB ACO INOX 1.10MM TOYOTA ETIOS 04/16 ...;0,;640,35;
15105012ML3;JTA MTR CB ACO INOX 1.20MM TOYOTA HILUX SW4 MTR-1G;0,;1.315,18;
181125MLR;JTA MTR CB ACO INOX 1.40MM C RT MTR MWM SERIE X10;0,;899,62;
181125ML3R;JTA MTR CB ACO INOX 1.40MM C RT MTR MWM SERIE X10;0,;1.406,73;
181111ML3;JTA MTR CB ACO INOX 1.40MM MTR MWM D229 4CIL COMPL;0,;399,51;
181113ML3;JTA MTR CB ACO INOX 1.40MM MTR MWM D229 4CIL FORD;0,;395,10;
181109ML3;JTA MTR CB ACO INOX 1.40MM MTR MWM D229 4CIL FORD;0,;468,64;
181117ML3;JTA MTR CB ACO INOX 1.40MM MTR MWM D229 6CIL FORD;0,;676,46;
181119ML3;JTA MTR CB ACO INOX 1.40MM MTR MWM D229 6CIL VALME;0,;552,95;
181123ML3;JTA MTR CB ACO INOX 1.40MM MTR MWM X10 X10T X10TCA;0,;948,43;
151011ML3;JTA MTR CB ACO INOX 1.50 HYUNDAI H100 H1 D4BH MITS;0,;308,28;
151071ML3R;JTA MTR CB ACO INOX 1.50MM C RT KIA BONGO KIA K 25;0,;804,05;
151071ML3;JTA MTR CB ACO INOX 1.60MM MITSUBISHI L200 TD L300;0,;724,63;
1210118MLR;JTA MTR CB ACO INOX 1.6MM C RT GM COBALT MERIVA MO;1,;378,09;JOG-2_C
151042ML3R;JTA MTR CB ACO INOX 1.80MM C RT FIAT IVECO TURBO D;0,;889,06;
1110121ML;JTA MTR CB ACO INOX AUDI A1 A3 A5 A6 TT Q3 VW GOLF;0,;561,11;
141097MLR;JTA MTR CB ACO INOX C RET FIAT TORO 2016/... MTR T;0,;980,76;JOG-7_C
15103411MLR;JTA MTR CB ACO INOX C RET JEEP COMPASS 17/...MTR T;0,;905,59;
15103410MLR;JTA MTR CB ACO INOX C RET JEEP COMPASS 2011/2015 M;0,;935,54;
15105411MLR;JTA MTR CB ACO INOX C RET MITSUBISHI ASX 10/18 OUT;1,;1.274,47;JOG-8_E
15105412MLR;JTA MTR CB ACO INOX C RET MITSUBISHI OUTLANDER 200;0,;996,26;
1510109MLR;JTA MTR CB ACO INOX C RET RENAULT CAPTUR DUSTER DU;2,;672,73;JOG-7_A
1110121MLR;JTA MTR CB ACO INOX C RT AUDI A1 A3 A5 A6 TT Q3 VW;0,;687,76;
15103301MLR;JTA MTR CB ACO INOX C RT BMW 118I 120I E81/E87 318;2,;1.022,94;JOG-7_C
15103302MLR;JTA MTR CB ACO INOX C RT BMW 120I 118I 320I 318I X;0,;1.451,93;
15103304MLR;JTA MTR CB ACO INOX C RT BMW 323I 325I 523I Z3 523;0,;2.034,94;
15103309MLR;JTA MTR CB ACO INOX C RT BMW 323I 523I 325I X3I Z4;0,;4.604,00;
15103308MLR;JTA MTR CB ACO INOX C RT BMW 323I 523I Z3I Z4I 525;0,;1.887,52;
15105405MLR;JTA MTR CB ACO INOX C RT C RT CRYSLER SEBRING STRA;0,;1.507,78;
1210162MLR;JTA MTR CB ACO INOX C RT CHEVROLET CAPTIVA 2.4 16V;0,;2.270,96;
141091MLR;JTA MTR CB ACO INOX C RT CHRYSLER DODGE FIAT JEEP;2,;1.092,25;JOG-4_D
15109604MLR;JTA MTR CB ACO INOX C RT CITROEN AIRCROSS C3 C4 09;2,;880,79;JOG-8_C
15109606MLR;JTA MTR CB ACO INOX C RT CITROEN C4 C5 PICASSO PEU;0,;1.182,05;
15105603MLR;JTA MTR CB ACO INOX C RT CRYSLER CIRRUS NEON STRAT;0,;2.131,23;
15105403MLR;JTA MTR CB ACO INOX C RT CRYSLER STEALT MITSUBISHI;0,;1.227,72;
1210166ML3R;JTA MTR CB ACO INOX C RT CTDI LTZ 2.8 4 CILS 16V D;0,;1.741,52;
19101019MLR;JTA MTR CB ACO INOX C RT CUMMINS FORD F350 MTR ISF;0,;1.094,22;
19101020MLR;JTA MTR CB ACO INOX C RT CUMMINS ISF 3.8L;0,;1.284,28;
15105002MLR;JTA MTR CB ACO INOX C RT DAIHATSU DELT TOYOTA COAS;0,;722,08;
131077MLRF;JTA MTR CB ACO INOX C RT FLANGE (TP ALUMINIO) FORD;0,;764,00;
131073MLRF;JTA MTR CB ACO INOX C RT FLANGE (TP PLASTICO) FORD;0,;720,75;
131079MLRF;JTA MTR CB ACO INOX C RT FLANGE (TP PLASTICO) FORD;0,;720,75;
111087MLRF;JTA MTR CB ACO INOX C RT FLANGE 1 60MM VW GOLF PAS;0,;1.359,58;
141073MLRF;JTA MTR CB ACO INOX C RT FLANGE FIAT DOBLO BRAVA M;0,;570,32;
141085MLRF;JTA MTR CB ACO INOX C RT FLANGE FIAT EVO GRAND IDE;0,;367,96;
141057MLRF;JTA MTR CB ACO INOX C RT FLANGE FIAT MAREA 2.0 20;0,;966,40;
141069MLRF;JTA MTR CB ACO INOX C RT FLANGE FIAT MAREA STILO A;0,;966,40;
141081MLRF;JTA MTR CB ACO INOX C RT FLANGE FIAT PALIO SIENA M;0,;672,64;
141086MLRF;JTA MTR CB ACO INOX C RT FLANGE FIATDUBLO EVO GRAN;0,;411,69;
131085ML3RF;JTA MTR CB ACO INOX C RT FLANGE FORD DURATORQ 2.4;0,;1.225,75;
131083ML3RF;JTA MTR CB ACO INOX C RT FLANGE FORD DURATORQ PUMA;0,;1.651,60;
131047MLRF;JTA MTR CB ACO INOX C RT FLANGE FORD ECOSPORT FIES;0,;673,12;
131084MLRF;JTA MTR CB ACO INOX C RT FLANGE FORD KA KA+ NEW FI;0,;597,52;
131069MLRF;JTA MTR CB ACO INOX C RT FLANGE FORD NOVO FIESTA E;0,;934,43;
131086ML3RF;JTA MTR CB ACO INOX C RT FLANGE FORD RANGER 13/...;0,;2.082,24;
131086ML2RF;JTA MTR CB ACO INOX C RT FLANGE FORD RANGER 13/...;0,;0,00;
131089ML3RF;JTA MTR CB ACO INOX C RT FLANGE FORD RANGER FULL B;0,;1.348,65;
131082MLRF;JTA MTR CB ACO INOX C RT FLANGE FORD RANGER FUSION;0,;844,67;
131090MLRF;JTA MTR CB ACO INOX C RT FLANGE FORDKA KA+ NEW FIE;0,;773,00;
1210164MLRF;JTA MTR CB ACO INOX C RT FLANGE GM CRUZE TRACKER 1;0,;816,16;
15103705MLRF;JTA MTR CB ACO INOX C RT FLANGE LAND ROVER FREELAN;0,;1.239,28;
161128MLRF;JTA MTR CB ACO INOX C RT FLANGE M BENS SPRINTER CD;0,;1.029,00;
1510180MLRF;JTA MTR CB ACO INOX C RT FLANGE RENAULT MASTER III;0,;1.305,32;
111089MLRF;JTA MTR CB ACO INOX C RT FLANGE VW BORA NEW BEETLE;0,;1.286,67;
111057MLRF;JTA MTR CB ACO INOX C RT FLANGE VW GOL SAVEIRO PAR;0,;431,99;
111057TMLRF;JTA MTR CB ACO INOX C RT FLANGE VW GOL TURBO 1.0 1;0,;644,24;
1110115MLRF;JTA MTR CB ACO INOX C RT FLANGE VW GOLF NEW BEETLE;0,;926,33;
111081MLRF;JTA MTR CB ACO INOX C RT FLANGE VW GOLF SR BORA AU;0,;1.289,53;
131080MLR;JTA MTR CB ACO INOX C RT FORD ENDEAVOUR EVEREST RA;0,;1.115,76;
131093MLR;JTA MTR CB ACO INOX C RT FORD F250 256 4 2 24V V6;0,;1.988,03;
131084MLR;JTA MTR CB ACO INOX C RT FORD KA KA+ NEW FIESTA EC;0,;480,26;
131091MLR;JTA MTR CB ACO INOX C RT FORD MONDEO 2.5 24V;0,;1.640,07;
15106702MLR;JTA MTR CB ACO INOX C RT FORD PROBE MAZDA 626 MX 6;0,;1.004,08;
131086ML3R;JTA MTR CB ACO INOX C RT FORD RANGER 13/... TROLLE;0,;1.914,47;
131090MLR;JTA MTR CB ACO INOX C RT FORDKA KA+ NEW FIESTA ECO;2,;552,12;JOG-3_B
1210161MLR;JTA MTR CB ACO INOX C RT GM CAPTIVA OMEGA TRAILBLA;0,;1.125,08;
121033MLR;JTA MTR CB ACO INOX C RT GM MONZA KADETT IPANEMA A;0,;296,03;
1210160MLR;JTA MTR CB ACO INOX C RT GM MTR DOHC 3.2 24V 6V;0,;614,66;
1210163MLR;JTA MTR CB ACO INOX C RT GM TRACKER SUZUKI GRAND V;0,;692,84;
15106205MLR;JTA MTR CB ACO INOX C RT HONDA ACCORD MTR F18 1.8;0,;1.084,40;
15106204MLR;JTA MTR CB ACO INOX C RT HONDA ACCORD MTR F20B3 F2;0,;1.537,63;
15106201MLR;JTA MTR CB ACO INOX C RT HONDA CR V EDIX FR V STEP;0,;1.246,37;
15106202MLR;JTA MTR CB ACO INOX C RT HONDA CR-V MTR B20B2 B20B;0,;1.094,54;
15108001MLR;JTA MTR CB ACO INOX C RT HYUNDAI COUPE SANTA FE SO;0,;1.162,94;
15108002MLR;JTA MTR CB ACO INOX C RT HYUNDAI ELANTRA MTR G4EK;0,;837,66;
15108003MLR;JTA MTR CB ACO INOX C RT HYUNDAI SANTA FE SONATA T;0,;1.511,92;
15108006MLR;JTA MTR CB ACO INOX C RT HYUNDAI TUCSON SONATA KIA;2,;728,56;JOG-5_C
15103407MLR;JTA MTR CB ACO INOX C RT JEEP LIBERTY CHEROKEE EKG;1,;3.057,14;JOG-6_E
15103705MLR;JTA MTR CB ACO INOX C RT LAND ROVER FREELANDER 2 B;0,;1.035,82;
15103704MLRF;JTA MTR CB ACO INOX C RT LAND ROVER FREELANDER V6;0,;2.893,95;
161128MLR;JTA MTR CB ACO INOX C RT M BENS SPRINTER CDI 2.2 1;0,;713,51;
15106701MLR;JTA MTR CB ACO INOX C RT MAZDA 929 MPV MTR JE 3 0;0,;1.001,10;
161132MLR;JTA MTR CB ACO INOX C RT MERCEDES ATEGO OM 906 OM;0,;2.121,39;
161138MLR;JTA MTR CB ACO INOX C RT MERCEDES C280 C240 C320 C;0,;1.115,76;
161129MLR;JTA MTR CB ACO INOX C RT MERCEDES JEEP SPRINTER E;0,;1.533,88;
15106005MLR;JTA MTR CB ACO INOX C RT NISSAN BLUEBIRD SYLPHY LI;2,;567,76;JOG-8_A
151060MLR;JTA MTR CB ACO INOX C RT NISSAN CUBE LIVINA QASHQA;2,;567,44;JOG-8_D
15106011MLR;JTA MTR CB ACO INOX C RT NISSAN X-TRAIL MTR QR20DE;0,;1.226,60;
15109602MLR;JTA MTR CB ACO INOX C RT PEU 207 208 308 408 508 2;2,;1.007,27;JOG-6_A
15103803MLR;JTA MTR CB ACO INOX C RT SSANGYONG REXTON KYRON D2;0,;1.821,15;
15106803MLR;JTA MTR CB ACO INOX C RT SUZUKI GRAN VITARA 2009/.;3,;770,93;JOG-8_B
15105001MLR;JTA MTR CB ACO INOX C RT TOYOTA AVENSIS AVENSIS VE;0,;1.110,44;
15105005MLR;JTA MTR CB ACO INOX C RT TOYOTA CAMRY CELICA SOLAR;0,;1.093,42;
1110124MLR;JTA MTR CB ACO INOX C RT VW GOL VOYAGE SAVEIRO FOX;0,;391,08;JOG-2_A
111097MLR;JTA MTR CB ACO INOX C RT VW GOLF AUDI 2.0 20 VAL;0,;963,87;
1110125MLR;JTA MTR CB ACO INOX C RT VW GOLF GOLF VARIANT JETT;1,;379,24;JOG-2_A
1110114MLR;JTA MTR CB ACO INOX C RT VW JETTA PASSAT GOLF NEW;2,;676,83;JOG-1_B
1110118MLR;JTA MTR CB ACO INOX C RT VW UP FOX BLUEMOTION MTR;2,;400,30;JOG-1_A
131047MLBI;JTA MTR CB ACO INOX CARTE ALU FORD ECOSPORT FIESTA;0,;327,10;
131045MLBI;JTA MTR CB ACO INOX CARTE ALU FORD FIESTA ECOSPORT;0,;324,85;
15109604ML;JTA MTR CB ACO INOX CITROEN AIRCROSS C3 C4 09/ PEU;0,;458,02;
15109606ML;JTA MTR CB ACO INOX CITROEN C4 C5 PICASSO PEUGEOT;0,;818,70;
1210166ML3;JTA MTR CB ACO INOX CTDI LTZ 2.8 4 CILS 16V DIESEL;0,;1.402,22;
181119ML;JTA MTR CB ACO INOX D 229 6 D 229 6 5 9 VALMET 118;0,;760,18;
181113ML;JTA MTR CB ACO INOX FD F1000 VW 7 110 MTR 229 4CIL;0,;703,50;
181117ML;JTA MTR CB ACO INOX FD F1400 F4000 94 96 VW 11 130;0,;760,18;
141096ML;JTA MTR CB ACO INOX FIAT ARGO CRONOS DOBLO GRAND S;0,;428,34;
141095ML;JTA MTR CB ACO INOX FIAT GRAND SIENA PALIO E-TORQ;0,;452,34;
181109ML;JTA MTR CB ACO INOX FORD F1000 F2000 F350 VW 6 90;0,;292,94;
131090ML;JTA MTR CB ACO INOX FORD KA KA+ NEW FIESTA ECOBOOS;2,;361,66;JOG-3_D
131084ML;JTA MTR CB ACO INOX FORD KA KA+ NEW FIESTA ECOSPOR;0,;308,26;
131081ML;JTA MTR CB ACO INOX FORD NEW FIESTA ECOSPORT 10/..;0,;294,12;
131086ML3;JTA MTR CB ACO INOX FORD RANGER 13/... TROLLER - T;0,;1.479,94;
131089ML3;JTA MTR CB ACO INOX FORD RANGER FULL BR INTERCOOLE;0,;1.067,53;
131089PK3RF;JTA MTR CB ACO INOX FORD RANGER FULL BR INTERCOOLE;0,;1.303,97;
131085ML3;JTA MTR CB ACO INOX FORD RANGER TRANSIT 2.2 16V 13;0,;660,57;
1210161ML;JTA MTR CB ACO INOX GM CAPTIVA OMEGA TRAILBLAZER M;0,;1.005,47;
1210160ML;JTA MTR CB ACO INOX GM MTR DOHC 3.2 24V 6V;0,;502,97;
15108001ML;JTA MTR CB ACO INOX HYUNDAI COUPE SANTA FE SONATA;1,;777,58;JOG-5_D
15108001PKR;JTA MTR CB ACO INOX HYUNDAI IX35 2010/... TUCSON S;1,;1.093,97;JOG-8_C
15108006ML;JTA MTR CB ACO INOX HYUNDAI TUCSON SONATA KIA SORE;0,;602,06;
161128ML;JTA MTR CB ACO INOX M BENS SPRINTER CDI 2.2 16 VAL;0,;824,07;
151013990;JTA MTR CB ACO INOX MITSUBISHI PAJERO MONTERO SHOG;0,;2.150,10;
181111ML;JTA MTR CB ACO INOX MWM D229 4 CIL COMPLETO;0,;724,51;
181115ML;JTA MTR CB ACO INOX MWM T D299 -4 4 CIL TURDO DIES;0,;703,50;
181115ML3;JTA MTR CB ACO INOX MWM T D299 -4 4 CIL TURDO DIES;0,;395,10;
181123ML;JTA MTR CB ACO INOX MWM X10 X10T X10TCA EURO I II;0,;733,07;
15106005ML;JTA MTR CB ACO INOX NISSAN KICKS LIVINA MARCH VERS;0,;453,97;
151060ML;JTA MTR CB ACO INOX NISSAN SENTRA TIIDA VERSA LIVI;0,;453,72;
15109602ML;JTA MTR CB ACO INOX PEU 207 208 308 408 508 2008 3;0,;759,97;
1510109ML;JTA MTR CB ACO INOX RENAULT CAPTUR DUSTER DUSTER O;0,;498,32;
131081MLRF;JTA MTR CB ACO INOX RET FLANGE FORD NEW FIESTA ECO;0,;480,63;
131081MLR;JTA MTR CB ACO INOX RET FORD NEW FIESTA ECOSPORT 1;1,;361,13;JOG-3_D
15105607MLR;JTA MTR CB ACO INOX RET TOYOTA ETIOS MTR 2NR-FE DU;0,;708,05;
15105013MLR;JTA MTR CB ACO INOX RET TOYOTA ETIOS YARIS MTR 2NR;2,;823,89;JOG-8_B
15103301ML;JTA MTR CB ACO INOX S RET BMW 116I 316I 1.6 16V 20;0,;920,13;
141097ML;JTA MTR CB ACO INOX S RET FIAT TORO 2016/... MTR T;0,;796,27;
15103411ML;JTA MTR CB ACO INOX S RET JEEP COMPASS 17/...MTR T;0,;592,16;
15103410ML;JTA MTR CB ACO INOX S RET JEEP COMPASS 2011/2015 M;0,;722,31;
15105411ML;JTA MTR CB ACO INOX S RET MITSUBISHI ASX 10/18 OUT;0,;833,38;
15105412ML;JTA MTR CB ACO INOX S RET MITSUBISHI OUTLANDER 200;0,;828,72;
1210163ML;JTA MTR CB ACO INOX S RT GM TRACKER SUZUKI GRAND V;0,;502,97;
1510180ML;JTA MTR CB ACO INOX S RT RENAULT MASTER III DCI M9;0,;1.050,80;
15106803ML;JTA MTR CB ACO INOX SUZUKI GRAN VITARA 2009/... SX;0,;581,06;
151011760;JTA MTR CB ACO INOX TOYOTA CAMRY CELICA 5SFE DOHC;0,;2.048,79;
15105013ML;JTA MTR CB ACO INOX TOYOTA ETIOS MTR 2NR-FE DUAL V;2,;547,50;JOG-8_C
15105607ML;JTA MTR CB ACO INOX TOYOTA ETIOS MTR 2NR-FE DUAL V;0,;421,17;
141098MLR;JTA MTR CB ACO INOX TP PLASTICA C RT FIAT MOBI 17/;1,;372,00;JOG-4_B
141098ML;JTA MTR CB ACO INOX TP PLASTICA FIAT MOBI 17/ UNO;0,;283,76;
1110124ML;JTA MTR CB ACO INOX VW GOL VOYAGE SAVEIRO FOX CROS;0,;320,05;
111097ML;JTA MTR CB ACO INOX VW GOLF AUDI 2.0 20 VAL;0,;820,68;
1110125ML;JTA MTR CB ACO INOX VW GOLF GOLF VARIANT JETTA TIG;0,;331,89;
1110114ML;JTA MTR CB ACO INOX VW JETTA PASSAT GOLF NEW BEETL;0,;614,29;
1110118ML;JTA MTR CB ACO INOX VW UP FOX BLUEMOTION MTR 1.0 C;0,;409,90;
1510109PKR;JTA MTR CB BASPACK  C RET RENAULT CAPTUR DUSTER DU;0,;661,56;
1210164PKRF;JTA MTR CB BASPACK  C RT FLANGE GM CRUZE TRACKER 1;0,;778,30;
141098PKR;JTA MTR CB BASPACK  TP PLASTICA C RT FIAT MOBI 17/;0,;336,03;
1510157PK3;JTA MTR CB BASPACK 0.95 TOYOTA HILUX 2005/... LANC;0,;647,72;
151064PK3;JTA MTR CB BASPACK 0.95 TOYOTA HILUX TD 16V 1KZTE;0,;514,04;
1510157PK3R;JTA MTR CB BASPACK 0.95MM C RT TOYOTA HILUX 2005/.;0,;837,01;
151064PK3R;JTA MTR CB BASPACK 0.95MM C RT TOYOTA HILUX TD 16V;0,;746,69;
15105608PKR;JTA MTR CB BASPACK 1,40MM C RET TV PLASTICO KIA PI;1,;976,43;JOG-8_A
15105608PK;JTA MTR CB BASPACK 1,40MM TV PLASTICO KIA PICANTO;2,;726,05;JOG-7_C
1210118PK;JTA MTR CB BASPACK 1,6MM GM COBALT MERIVA MONTANA;1,;332,52;JOG-3_A
15108101PK;JTA MTR CB BASPACK 1.2MM SMART FORTWO COUPE CABRIO;0,;541,94;
1510193PK3;JTA MTR CB BASPACK 1.30 FIAT DUCATO MULTIJET JTD I;0,;516,77;
15104001PK3R;JTA MTR CB BASPACK 1.40MM C RT IVECO 35S14 3.0 16V;0,;1.121,61;
181107PK3R;JTA MTR CB BASPACK 1.40MM C RT MTR MWM D226 4CIL V;0,;348,98;
181127PK3R;JTA MTR CB BASPACK 1.40MM C RT MTR MWM D229 3CIL V;0,;407,53;
181111PK3R;JTA MTR CB BASPACK 1.40MM C RT MTR MWM D229 4CIL C;0,;549,34;
181117PK3R;JTA MTR CB BASPACK 1.40MM C RT MTR MWM D229 6CIL F;0,;542,00;
181125PK3R;JTA MTR CB BASPACK 1.40MM C RT MTR MWM SERIE X10 6;0,;990,19;
181121PK3R;JTA MTR CB BASPACK 1.40MM C RT TURBINA GARRETT TO;0,;704,45;
15104001PK3;JTA MTR CB BASPACK 1.40MM IVECO 35S14 3.0 16V 2008;0,;838,40;
181107PK3;JTA MTR CB BASPACK 1.40MM MTR MWM D226 4CIL VALMET;0,;326,45;
181127PK3;JTA MTR CB BASPACK 1.40MM MTR MWM D229 3CIL VALMET;0,;269,92;
181111PK3;JTA MTR CB BASPACK 1.40MM MTR MWM D229 4CIL COMPLE;0,;427,62;
181116PK3;JTA MTR CB BASPACK 1.40MM MTR MWM D229 4CIL COMPLE;0,;317,09;
181113PK3;JTA MTR CB BASPACK 1.40MM MTR MWM D229 4CIL FORD F;0,;317,09;
181109PK3;JTA MTR CB BASPACK 1.40MM MTR MWM D229 4CIL FORD F;0,;306,39;
181117PK3;JTA MTR CB BASPACK 1.40MM MTR MWM D229 6CIL FORD F;0,;542,46;
181119PK3;JTA MTR CB BASPACK 1.40MM MTR MWM D229 6CIL VALMET;0,;478,32;
181123PK3;JTA MTR CB BASPACK 1.40MM MTR MWM X10 4.10;0,;757,59;
181121PK3;JTA MTR CB BASPACK 1.40MM TURBINA GARRETT TO 4 B81;0,;580,11;
151071PK3;JTA MTR CB BASPACK 1.50MM KIA BONGO KIA K 2500 D4B;0,;385,11;
1210118PKR;JTA MTR CB BASPACK 1.60MM C RT GM COBALT MERIVA MO;2,;339,70;JOG-2_C
121071PKR;JTA MTR CB BASPACK 1.60MM C RT GM MONZA KADETT IPA;0,;421,61;
121071PK;JTA MTR CB BASPACK 1.60MM GM MONZA KADETT IPANEMA;0,;268,72;
161106PKR;JTA MTR CB BASPACK 100.00MM C RT GAX M BENS OM352;0,;345,23;
141057PKTVR;JTA MTR CB BASPACK 2 TV C RT FIAT MAREA VAL 5 CIL;0,;684,68;
141057PKTV;JTA MTR CB BASPACK 2 TV FIAT MAREA 2.0 20 VAL 5 CI;0,;417,26;
161104PKR;JTA MTR CB BASPACK 98.50MM C RT GAX M BENS OM311 1;0,;334,86;
1110121PK;JTA MTR CB BASPACK AUDI A1 A3 A5 A6 TT Q3 VW GOLF;0,;506,67;
8498;JTA MTR CB BASPACK AUDI A1 VW JETTA PASSAT GOLF NE;0,;599,17;
1110114PK;JTA MTR CB BASPACK AUDI A1 VW JETTA PASSAT GOLF NE;1,;608,71;JOG-7_C
1510155PK3R;JTA MTR CB BASPACK C RET 1.00MM TOYOTA HILUX 16V 2;0,;1.204,78;
1110121PKR;JTA MTR CB BASPACK C RET AUDI A1 A3 A5 A6 TT Q3 VW;0,;633,32;
1210165PKR;JTA MTR CB BASPACK C RET GM EMPILHADEIRA  VORTEC V;0,;1.067,37;
15106803PKR;JTA MTR CB BASPACK C RET SUZUKI GRAN VITARA 2009/.;0,;872,72;
1510193PK3R;JTA MTR CB BASPACK C RT 1.30 FIAT DUCATO MULTIJET;0,;777,79;
15103303PKR;JTA MTR CB BASPACK C RT BMW 325I 525I 525IX TOURIN;0,;1.864,06;
1210162PKR;JTA MTR CB BASPACK C RT CHEVROLET CAPTIVA 2.4 16V;1,;1.588,59;JOG-5_D
1210168PKR;JTA MTR CB BASPACK C RT CHEVROLET CAPTIVA 2.4 16V;1,;1.685,71;JOG-5_D
15106802PKR;JTA MTR CB BASPACK C RT CHEVROLET SPRINT GEO METRO;0,;501,30;
15105401PKR;JTA MTR CB BASPACK C RT CHRYSLER CARAVAN DAYTONA D;1,;1.722,11;JOG-5_C
141091PK;JTA MTR CB BASPACK C RT CHRYSLER DODGE FIAT JEEP;2,;637,72;JOG-4_B
15105406PKR;JTA MTR CB BASPACK C RT CHRYSLER EAGLE MIT EXPO GA;0,;838,14;
15109604PKR;JTA MTR CB BASPACK C RT CITROEN AIRCROSS C3 C4 09/;2,;804,84;JOG-8_B
15103406PKR;JTA MTR CB BASPACK C RT CRYSLER DAKOTA DURANGO POW;0,;1.943,78;
15103403PKR;JTA MTR CB BASPACK C RT CRYSLER RAM VAN DODGE RAM;0,;1.867,75;
1210166PK3R;JTA MTR CB BASPACK C RT CTDI LTZ 2.8 4 CILS 16V DI;0,;1.849,52;
121033PKRDF;JTA MTR CB BASPACK C RT DEFLETOR GM MONZA KADETT I;0,;403,24;
121045PKRDF;JTA MTR CB BASPACK C RT DEFLETOR GM MONZA KADETT I;0,;355,13;
131077PKRF;JTA MTR CB BASPACK C RT FLANGE (TP ALUMINIO) FORD;0,;681,13;
131073PKRF;JTA MTR CB BASPACK C RT FLANGE (TP PLASTICO) FORD;0,;642,57;
131079PKRF;JTA MTR CB BASPACK C RT FLANGE (TP PLASTICO) FORD;0,;681,13;
1510103PKRF;JTA MTR CB BASPACK C RT FLANGE ALFA ROMEU TWIN SPA;0,;846,22;
1510102PKRF;JTA MTR CB BASPACK C RT FLANGE ALFA ROMEU TWIN SPA;0,;888,67;
141073PKRF;JTA MTR CB BASPACK C RT FLANGE FIAT DOBLO BRAVA MA;0,;818,29;
141085PKRF;JTA MTR CB BASPACK C RT FLANGE FIAT EVO GRAND IDEA;0,;376,54;
141077PKRF;JTA MTR CB BASPACK C RT FLANGE FIAT LINEA 2007/...;0,;524,68;
141057PKRF;JTA MTR CB BASPACK C RT FLANGE FIAT MAREA 2.0 20 V;0,;753,34;
141065PKRF;JTA MTR CB BASPACK C RT FLANGE FIAT MAREA BRAVA 1.;0,;694,83;
141069PKRF;JTA MTR CB BASPACK C RT FLANGE FIAT MAREA STILO AB;0,;654,86;
141033PKRF;JTA MTR CB BASPACK C RT FLANGE FIAT PALIO SIENA BR;1,;452,96;JOG-4_B
141053PKRF;JTA MTR CB BASPACK C RT FLANGE FIAT PALIO SIENA DO;2,;381,29;JOG-4_C
141079PKRF;JTA MTR CB BASPACK C RT FLANGE FIAT PALIO SIENA PU;0,;312,47;
141083PKRF;JTA MTR CB BASPACK C RT FLANGE FIAT PUNTO IDEA BRA;0,;467,55;
141049PKRF;JTA MTR CB BASPACK C RT FLANGE FIAT UNO SMART PALI;0,;337,80;
141086PKRF;JTA MTR CB BASPACK C RT FLANGE FIATDUBLO EVO GRAND;0,;374,95;
131043PKRF;JTA MTR CB BASPACK C RT FLANGE FORD FIESTA COURIER;0,;602,73;
131045PKRF;JTA MTR CB BASPACK C RT FLANGE FORD FIESTA ECOSPOR;1,;588,86;JOG-3_C
131081PKRF;JTA MTR CB BASPACK C RT FLANGE FORD NEW FIESTA ECO;0,;559,97;
131084PKRF;JTA MTR CB BASPACK C RT FLANGE FORD NEW FIESTA ECO;0,;597,52;
131082PKRF;JTA MTR CB BASPACK C RT FLANGE FORD RANGER FUSION;0,;791,31;
131090PKRF;JTA MTR CB BASPACK C RT FLANGE FORDKA KA+ NEW FIES;0,;687,31;
151009PKRF;JTA MTR CB BASPACK C RT FLANGE GM S10 BLAZER M BEN;0,;634,01;
111061PKRF;JTA MTR CB BASPACK C RT FLANGE GOL PAR SAV SANT 95;0,;484,74;
131047PKRF;JTA MTR CB BASPACK C RT FLANGE KA 97 FIESTA 99 ESC;0,;652,84;
161128PKRF;JTA MTR CB BASPACK C RT FLANGE M BENS SPRINTER CDI;0,;1.028,50;
1510219PKRF;JTA MTR CB BASPACK C RT FLANGE MERCEDES CLASSE A 1;0,;824,51;
111057PKRF;JTA MTR CB BASPACK C RT FLANGE VW GOL SAVEIRO PARA;0,;407,30;
1110115PKRF;JTA MTR CB BASPACK C RT FLANGE VW GOLF NEW BEETLE;1,;877,61;JOG-1_B
171106PKR;JTA MTR CB BASPACK C RT FORD 700 750 PERKINS 4203;0,;326,87;
171130PKR;JTA MTR CB BASPACK C RT FORD F600 CHEVROLET D60 65;0,;596,40;
171132PKR;JTA MTR CB BASPACK C RT FORD F700 F750 6358 6 CIL;0,;366,09;
131090PKR;JTA MTR CB BASPACK C RT FORD KA KA+NEW FIESTA ECOB;3,;486,64;JOG-3_D
1510191PKR;JTA MTR CB BASPACK C RT FORD MAX FALCON F100 FAIRL;0,;1.097,11;
131084PKR;JTA MTR CB BASPACK C RT FORD NEW FIESTA ECOSPORT 1;2,;480,26;JOG-3_B
131089PK3R;JTA MTR CB BASPACK C RT FORD RANGER FULL BR INTERC;0,;1.080,60;
131075PK3R;JTA MTR CB BASPACK C RT FORD RANGER TD MOTOR 2.8 P;0,;747,95;
131061PKR;JTA MTR CB BASPACK C RT FORD WINDSTAR MTR 0 3 0 V6;0,;843,24;
161108PKR;JTA MTR CB BASPACK C RT GAX M BENS OM352A 1316 151;0,;483,06;
1210161PKR;JTA MTR CB BASPACK C RT GM CAPTIVA OMEGA TRAILBLAZ;3,;1.006,70;JOG-2_A
171115PKR;JTA MTR CB BASPACK C RT GM CHEVROLET D10 PERKINS D;0,;389,00;
121093MPR;JTA MTR CB BASPACK C RT GM CORSA 1.0 16V;0,;315,54;
1210160PKR;JTA MTR CB BASPACK C RT GM MTR DOHC 3.0 24V 6V;1,;502,97;JOG-2_D
1210167PKR;JTA MTR CB BASPACK C RT GM S10 LCV ECOTEC SIDI DOH;2,;1.125,43;JOG-2_A
151068PKR;JTA MTR CB BASPACK C RT GRAND VITARA H25A 2.5 24V;0,;925,89;
151073PKR;JTA MTR CB BASPACK C RT HYUNDAI KIA PICANTO ATOS G;2,;849,79;JOG-7_A
15106502PKR;JTA MTR CB BASPACK C RT JEEP CHEROKEE COMANCHE GRA;0,;1.340,24;
15100702PKR;JTA MTR CB BASPACK C RT JIMBEI TOPIC 2.0 16V;2,;253,35;JOG-5_D
15103102PKR;JTA MTR CB BASPACK C RT LADA ALEKO FORMAN SAGONA S;0,;478,21;
151031PKR;JTA MTR CB BASPACK C RT LADA ALEKO NIVA VAZ MTR BA;0,;590,58;
15103101PKR;JTA MTR CB BASPACK C RT LADA FORMAN SAMARA VAZ MTR;0,;526,51;
15103705PKR;JTA MTR CB BASPACK C RT LAND ROVER FREELANDER 2 B6;0,;986,45;
161120PKR;JTA MTR CB BASPACK C RT M BENS OM366 366A 6 CIL TU;0,;365,28;
161128PKR;JTA MTR CB BASPACK C RT M BENS SPRINTER CDI 2.2 16;0,;925,29;
161110PKR;JTA MTR CB BASPACK C RT M.B L608D TY BANDEIRANTES;0,;228,31;
15106703PKR;JTA MTR CB BASPACK C RT MAZDA MX 3 MX 5 XEDOS 6 MT;0,;580,78;
161135PKR;JTA MTR CB BASPACK C RT MERCEDES E200 C200 SLK200;0,;1.190,63;
181101PKR;JTA MTR CB BASPACK C RT MWM D225 227 TRATOR 3 CIL;0,;421,33;
181103PKR;JTA MTR CB BASPACK C RT MWM D225 227 TRATOR 62 A 6;0,;421,33;
181105PKR;JTA MTR CB BASPACK C RT MWM D225 D700 900 950 110;0,;437,02;
181107PKR;JTA MTR CB BASPACK C RT MWM D226 VALMET TRATOR F40;0,;341,50;
181111PKR;JTA MTR CB BASPACK C RT MWM D229 4 CIL COMPLETO;0,;671,66;
181117PKR;JTA MTR CB BASPACK C RT MWM D229 FORD F600 900 950;0,;909,86;
181127PKR;JTA MTR CB BASPACK C RT MWM VALMET E300 D229 3 CIL;0,;215,98;
15106001PKR;JTA MTR CB BASPACK C RT NISSAN 200 SX 200SX 300 ZX;0,;1.361,71;
15106004PK3R;JTA MTR CB BASPACK C RT NISSAN CABSTAR MTR YO25DDT;0,;1.270,73;
15106003PK3R;JTA MTR CB BASPACK C RT NISSAN FRONTIER NAVARA PAT;0,;773,34;
15106002PKR;JTA MTR CB BASPACK C RT NISSAN FRONTIER QX4 PATHFI;0,;1.115,76;
15106009PKR;JTA MTR CB BASPACK C RT NISSAN MARCH GA16DE 1 6 16;0,;965,02;
15106005PKR;JTA MTR CB BASPACK C RT NISSAN MARCH LIVINA TIIDA;1,;509,18;JOG-8_A
15106008PKR;JTA MTR CB BASPACK C RT NISSAN MARCH MICRA CG10DE;0,;830,84;
15106006PKR;JTA MTR CB BASPACK C RT NISSAN MARCH VERSA HR12DE;0,;443,69;
171118PKR;JTA MTR CB BASPACK C RT PERKINS S4 S4T D20 D40 3 9;0,;533,15;
171101PKR;JTA MTR CB BASPACK C RT PERKINS TRATOR 4203 8BR;0,;490,17;
171104PKR;JTA MTR CB BASPACK C RT PERKINS TRATOR MF 65 CBT10;0,;313,43;
151048PK4R;JTA MTR CB BASPACK C RT PEUGEOT 504 505 XD2 XD3 AP;0,;602,46;
1510175PKR;JTA MTR CB BASPACK C RT RENAULT MASTER 2.5 16 VAL;0,;1.115,76;
1510180PKR;JTA MTR CB BASPACK C RT RENAULT MASTER III DCI M9T;0,;1.098,42;
161130PKR;JTA MTR CB BASPACK C RT SPRINTER CDI LA DIESEL BI;3,;743,71;JOG-8_B
15103802PKR;JTA MTR CB BASPACK C RT SSANGYONG KORANDO OM 662 2;0,;1.063,94;
15105003PKR;JTA MTR CB BASPACK C RT TOYOTA CAMRY CARINA CELICA;0,;1.011,75;
15105004PKR;JTA MTR CB BASPACK C RT TOYOTA CAMRY CELICA MR2 MT;0,;1.115,76;
15100701PKR;JTA MTR CB BASPACK C RT TOYOTA EMPILHADEIRA JIMBEI;0,;253,35;
15105007PKR;JTA MTR CB BASPACK C RT TOYOTA HILUX CORONA CELICA;0,;922,81;
171108PKR;JTA MTR CB BASPACK C RT TRATOR MASSEY FERGUSON MF2;0,;312,43;
181121PKR;JTA MTR CB BASPACK C RT TURBINA GARRETT TO 4 B81 5;0,;785,88;
181125PKR;JTA MTR CB BASPACK C RT VW 13170 13180 15170 15180;0,;845,10;
1110107PKR;JTA MTR CB BASPACK C RT VW GOL GOLF PARATI PASSAT;0,;822,84;
1110124PKR;JTA MTR CB BASPACK C RT VW GOL VOYAGE SAVEIRO FOX;2,;355,57;JOG-1_C
1110115PKR;JTA MTR CB BASPACK C RT VW GOLF NEW BEETLE POLO MT;0,;797,66;
1110114PKR;JTA MTR CB BASPACK C RT VW JETTA PASSAT GOLF NEW B;1,;671,24;JOG-1_B
1110118PKR;JTA MTR CB BASPACK C RT VW UP FOX BLUEMOTION MTR 1;3,;320,97;JOG-2_A
1110118PKRF;JTA MTR CB BASPACK C RT VW UP FOX VOYAGE GOL 2014/;0,;638,84;JOG-1_C
171112PK;JTA MTR CB BASPACK CAR SOBRE CAR TV FUROS DENTRO P;0,;297,76;
131047PKBI;JTA MTR CB BASPACK CARTE ALU FORD ECOSPORT FIESTA;0,;240,31;
131045PKBI;JTA MTR CB BASPACK CARTE ALU FORD FIESTA ECOSPORT;0,;240,31;
1210168PK;JTA MTR CB BASPACK CHEVROLET CAPTIVA 2.4 16V 2006;0,;1.402,00;
1210162PK;JTA MTR CB BASPACK CHEVROLET CAPTIVA 2.4 16V ECOTE;0,;1.351,29;
15109604PK;JTA MTR CB BASPACK CITROEN AIRCROSS C3 C4 09/ PEUG;0,;414,55;
15109606PK;JTA MTR CB BASPACK CITROEN C4 C5 PICASSO PEUGEOT 3;0,;750,89;
151009640;JTA MTR CB BASPACK CITROEN XSARA ZX PEUGEOT 206 30;0,;3.578,27;
1210166PK3;JTA MTR CB BASPACK CTDI LTZ 2.8 4 CILS 16V DIESEL;0,;1.324,74;
181119PK;JTA MTR CB BASPACK D 229 6 D 229 6 5 9 VALMET 118;0,;550,32;
171111TPK;JTA MTR CB BASPACK D10 D20 VW- 6.8 MTR Q20B 4.236;0,;506,34;
121045PKDF;JTA MTR CB BASPACK DEFLETOR GM MONZA KADETT IPANEM;0,;331,02;
121033PKDF;JTA MTR CB BASPACK DEFLETOR GM MONZA KADETT IPANEM;0,;297,91;
181113PK;JTA MTR CB BASPACK FD F1000 VW 7 110 MTR 229 4CIL;0,;586,17;
141096PK;JTA MTR CB BASPACK FIAT ARGO CRONOS DOBLO GRAND SI;2,;384,28;JOG-4_C
141095PK;JTA MTR CB BASPACK FIAT GRAND SIENA PALIO E-TORQ E;0,;388,68;
171128PK;JTA MTR CB BASPACK FORD CARGO FASE I 6 CIL;0,;485,76;
171126PK;JTA MTR CB BASPACK FORD CARGO FASE II FTO 6.6 7.8;0,;490,75;
171130PK;JTA MTR CB BASPACK FORD F600 CHEVROLET D60 65 DODG;0,;669,36;
171132PK;JTA MTR CB BASPACK FORD F700 F750 6358 6 CIL;0,;452,08;
131090PK;JTA MTR CB BASPACK FORD KA KA+ NEW FIESTA ECOBOOST;4,;296,18;JOG-3_B
171122PK;JTA MTR CB BASPACK FORD MICRO ONIBUS FB400 F2000 F;0,;464,62;
131084PK;JTA MTR CB BASPACK FORD NEW FIESTA ECOSPORT 13/. F;0,;317,50;
131089PK3;JTA MTR CB BASPACK FORD RANGER FULL BR INTERCOOLER;0,;1.120,59;
171124PK;JTA MTR CB BASPACK FORD TRATOR 6600 FTO 4600;0,;423,07;
161106PK;JTA MTR CB BASPACK GAX 100.00MM M BENS OM352 352A;0,;291,64;
161104PK;JTA MTR CB BASPACK GAX 98.50MM M BENS OM311 1111 3;0,;279,24;
1210105PKG;JTA MTR CB BASPACK GAX ESCAP GM S10 BLAZER VORTEC;0,;591,85;
161122PK;JTA MTR CB BASPACK GAX M BENS OM364 4 CIL;0,;299,20;
1210161PK;JTA MTR CB BASPACK GM CAPTIVA OMEGA TRAILBLAZER MT;0,;893,87;
171115PK;JTA MTR CB BASPACK GM CHEVROLET D10 PERKINS D10 F3;0,;447,89;JOG-5_A
1210165PK;JTA MTR CB BASPACK GM EMPILHADEIRA  VORTEC V6 6 CI;0,;960,38;
1210160PK;JTA MTR CB BASPACK GM MTR DOHC 3.0 24V 6V;0,;447,12;
1210167PK;JTA MTR CB BASPACK GM S10 LCV ECOTEC SIDI DOHC VVT;1,;858,99;JOG-2_C
151016440;JTA MTR CB BASPACK HONDA ACCORD 2.7 V6 24 VAL 95 A;0,;5.927,71;
15108008PK;JTA MTR CB BASPACK HYUNDAI I30 ELANTRA CRETA 13/..;0,;689,34;JOG-8_B
15108001PK;JTA MTR CB BASPACK HYUNDAI IX35 2010/... TUCSON SO;0,;708,62;
151073PK;JTA MTR CB BASPACK HYUNDAI KIA PICANTO ATOS G4HE G;0,;568,51;
151017370;JTA MTR CB BASPACK HYUNDAI SONATA 3.0 V6 92 A 98;0,;5.907,96;
15108501PK;JTA MTR CB BASPACK JAC MOTORS J2 J3 J5 MTR 4A90 VV;2,;531,17;JOG-8_E
15100702PK;JTA MTR CB BASPACK JIMBEI TOPIC 2.0 16V;0,;190,00;
161124PK;JTA MTR CB BASPACK M BENS BR 400 449 89/...;0,;667,86;
161110PK;JTA MTR CB BASPACK M BENS OM314 L608D INJECAO DIRE;0,;251,90;
161108PK;JTA MTR CB BASPACK M BENS OM352A 1316 1516 2216 TU;0,;342,41;
161120PK;JTA MTR CB BASPACK M BENS OM366 366A 6 CIL TURBO A;0,;692,64;
161128PK;JTA MTR CB BASPACK M BENS SPRINTER CDI 2.2 16 VAL;4,;609,48;JOG-5_D
161126PK;JTA MTR CB BASPACK M.BENS BR 400 449 89;0,;734,66;
151016220;JTA MTR CB BASPACK MAZDA 626 2.0 TURBO 86/87;0,;2.371,20;
151012850;JTA MTR CB BASPACK MAZDA 626 SOHC 1.8 2.0 2.2 8 VA;0,;1.615,63;
151013940;JTA MTR CB BASPACK MITSUBISHI ECLIPSE 4G63T 2.0 16;0,;2.694,42;
151013960;JTA MTR CB BASPACK MITSUBISHI ECLIPSE GALANT CHRYS;0,;1.630,54;
151012220;JTA MTR CB BASPACK MITSUBISHI GALANT 2.4 8 VAL 85;0,;588,08;
151014010;JTA MTR CB BASPACK MITSUBISHI PAJERO DOHC 6G74DN 3;0,;4.364,89;
151016800;JTA MTR CB BASPACK MITSUBISHI PAJERO L200 L300 2.5;0,;1.696,47;
151012250;JTA MTR CB BASPACK MITSUBISHI PAJERO MONTERO GALAN;0,;3.645,02;
181101PK;JTA MTR CB BASPACK MWM D225 227 TRATOR 3 CIL 62 A;0,;386,62;
181103PK;JTA MTR CB BASPACK MWM D225 227 TRATOR 62 A 65 ID;0,;392,18;
181105PK;JTA MTR CB BASPACK MWM D225 D700 900 950 110 6 CIL;0,;262,04;
181107PK;JTA MTR CB BASPACK MWM D226 VALMET TRATOR F4000 86;0,;265,01;
181109PK;JTA MTR CB BASPACK MWM D229 4 CIL;0,;238,73;
181111PK;JTA MTR CB BASPACK MWM D229 4 CIL COMPLETO;0,;447,22;
181117PK;JTA MTR CB BASPACK MWM D229 FORD F600 900 950 VALM;0,;703,69;
181116PK;JTA MTR CB BASPACK MWM D2294 CIL COMPLETO;0,;480,24;
181127PK;JTA MTR CB BASPACK MWM VALMET E300 D229 3 CIL;0,;176,42;
181123PK;JTA MTR CB BASPACK MWM X10 4.10;0,;597,98;
15106004PK3;JTA MTR CB BASPACK NISSAN CABSTAR MTR YO25DDTI 2.5;0,;918,15;
15106003PK3;JTA MTR CB BASPACK NISSAN FRONTIER NAVARA PATHFIND;0,;660,73;
15106005PK;JTA MTR CB BASPACK NISSAN MARCH LIVINA TIIDA VERSA;0,;406,01;
15106006PK;JTA MTR CB BASPACK NISSAN MARCH VERSA HR12DE CVVTC;0,;396,65;
171111PK;JTA MTR CB BASPACK PERKINS 4536 TRATOR AGRICOLA 29;0,;272,02;
171118PK;JTA MTR CB BASPACK PERKINS S4 S4T Q20B D20 D40 DIE;0,;441,72;
171101PK;JTA MTR CB BASPACK PERKINS TRATOR 4203 8BR;0,;488,10;
171106PK;JTA MTR CB BASPACK PERKINS TRATOR MASSEY FERGUSON;0,;380,31;
171104PK;JTA MTR CB BASPACK PERKINS TRATOR MF 65 CBT1000 42;0,;256,86;
151048PK4;JTA MTR CB BASPACK PEUGEOT 504 505 XD2 XD3;0,;537,20;
1510109PK;JTA MTR CB BASPACK RENAULT CAPTUR DUSTER DUSTER OR;0,;487,16;
1510175PK;JTA MTR CB BASPACK RENAULT MASTER 2.5 16 VAL G9U 7;0,;941,23;
1510180PK;JTA MTR CB BASPACK RENAULT MASTER III DCI M9T 2.3;0,;985,13;
15105013PKR;JTA MTR CB BASPACK RET TOYOTA ETIOS MTR 2NR-FE DUA;2,;823,89;JOG-8_B
131019PKSG;JTA MTR CB BASPACK S GAX FORD MAVERICK WILLYS JEEP;0,;154,68;
121061PKSG;JTA MTR CB BASPACK S GAXETA CHEVOLET BRASIL 261 C1;0,;177,98;
121009PKSG;JTA MTR CB BASPACK S GAXETA GM OPALA 90 CARAVAN 15;0,;185,39;
121017PKSG;JTA MTR CB BASPACK S GAXETA GM OPALA CARAVAN CAMIN;0,;218,43;
161130PK;JTA MTR CB BASPACK SPRINTER CDI LA DIESEL BI TURBO;0,;1.278,87;
151016520;JTA MTR CB BASPACK SUBARU LEGACY DOHC 2.5 16 VAL 9;0,;3.916,62;
15108701PK;JTA MTR CB BASPACK SUBARU LEGACY DOHC EJ25 2.5 16;0,;4.849,82;
15106803PK;JTA MTR CB BASPACK SUZUKI GRAN VITARA 2009/... SX4;0,;547,55;
151009030;JTA MTR CB BASPACK SUZUKI SIDECICK ESCUDO GEO TRAC;0,;1.171,50;
151011170;JTA MTR CB BASPACK SUZUKI SWIFT 1.0 G10A;0,;793,56;
151012620;JTA MTR CB BASPACK TOYOTA CAMRY DOHC 2.2 16 VAL 91;0,;1.893,89;
15100701PK;JTA MTR CB BASPACK TOYOTA EMPILHADEIRA JIMBEI TOPI;0,;190,65;
15105013PK;JTA MTR CB BASPACK TOYOTA ETIOS YARIS MTR 2NR-FE D;0,;547,50;
1510155PK3;JTA MTR CB BASPACK TOYOTA HILUX 16V 2KD FTV TURBO;0,;679,27;
141099PKR;JTA MTR CB BASPACK TP PLASTICA C RT FIAT EVO  GRAN;1,;364,14;JOG-4_B
141099PK;JTA MTR CB BASPACK TP PLASTICA FIAT EVO  GRAND SIE;0,;245,19;
141098PK;JTA MTR CB BASPACK TP PLASTICA FIAT MOBI 17/ UNO 1;2,;239,81;JOG-4_D
171108PK;JTA MTR CB BASPACK TRATOR MASSEY FERGUSON MF220 28;0,;260,18;
181121PK;JTA MTR CB BASPACK TURBINA GARRETT TO 4 B81 52 B00;0,;577,46;
1110107PK;JTA MTR CB BASPACK VW GOL GOLF PARATI PASSAT CORRA;0,;990,67;
111057TPK;JTA MTR CB BASPACK VW GOL TURBO AT MI 1.0 16V 97/0;0,;268,78;
1110124PK;JTA MTR CB BASPACK VW GOL VOYAGE SAVEIRO FOX CROSS;0,;287,98;
1110115PK;JTA MTR CB BASPACK VW GOLF NEW BEETLE POLO MTR AEG;0,;629,97;
1110118PK;JTA MTR CB BASPACK VW UP FOX BLUEMOTION MTR 1.0 CH;0,;376,40;
15108010PKR;JTA MTR CB C RET BASPACK HYUNDAI COURE MIRA DOMINA;0,;633,67;
141099MLR;JTA MTR CB INOX TP PLASTICA C RT FIAT EVO  GRAND S;0,;521,68;
141099ML;JTA MTR CB INOX TP PLASTICA FIAT EVO  GRAND SIENA;0,;388,40;
131077MP;JTA MTR CB MET PACK (TP ALUMINIO) FORD ECOSPOST MO;0,;223,38;
131079MP;JTA MTR CB MET PACK (TP PLASTICO) FORD RANGER FUSI;0,;463,28;
181111MP3;JTA MTR CB MET PACK 1.40MM MTR MWM D229 4CIL COMPL;0,;325,80;
181117MP3;JTA MTR CB MET PACK 1.40MM MTR MWM D229 6CIL FORD;0,;400,00;
181123MP3;JTA MTR CB MET PACK 1.40MM MTR MWM X10 4.10;0,;872,64;
151011MP3;JTA MTR CB MET PACK 1.50 HYUNDAI H100 H1 D4BH MITS;0,;344,26;
151070MP1;JTA MTR CB MET PACK 1.50MM MIT L200 TD L300 PAJERO;0,;393,98;
161106MP;JTA MTR CB MET PACK 100.00MM M BENS OM352 352A 111;0,;458,62;
161104MP;JTA MTR CB MET PACK 98.50MM M BENS OM311 1111 352;0,;455,65;
151008MP;JTA MTR CB MET PACK ASIA TOWNER 3CIL GAS;0,;141,74;
131077MPR;JTA MTR CB MET PACK C RT (TP ALUMINIO) FORD ECOSPO;0,;338,67;
131073MPR;JTA MTR CB MET PACK C RT (TP PLASTICO) FORD ECOSPO;0,;532,59;
131079MPR;JTA MTR CB MET PACK C RT (TP PLASTICO) FORD RANGER;0,;557,24;
151011MP3R;JTA MTR CB MET PACK C RT 1.50 HYUNDAI H100 H1 D4BH;0,;670,39;
151071MP1R;JTA MTR CB MET PACK C RT 1.50 KIA K2500 PREGIO HYU;0,;560,45;
151070MP1R;JTA MTR CB MET PACK C RT 1.50MM MIT L200 TD L300 P;0,;560,45;
141057MPTVR;JTA MTR CB MET PACK C RT 2 TV FIAT MAREA 20 VAL 5;0,;459,51;
151007MPR;JTA MTR CB MET PACK C RT ASIA TOPIC;0,;369,16;
1510140MPR;JTA MTR CB MET PACK C RT CITROEN AZ10 ZX SAXO C15;0,;385,06;
1510165MPR;JTA MTR CB MET PACK C RT CITROEN C2 C3 2002/ PEUGE;0,;392,43;
1510144MPR;JTA MTR CB MET PACK C RT CITROEN XM XANTIA XSARA E;0,;894,17;
141077MPR;JTA MTR CB MET PACK C RT FIAT LINEA 1.9 16V FLEX 2;0,;390,20;
141057MPR;JTA MTR CB MET PACK C RT FIAT MAREA 2.0 20 VAL 5 C;0,;423,70;
141065MPR;JTA MTR CB MET PACK C RT FIAT MAREA BRAVA 1.8 16 V;0,;430,53;
141069MPR;JTA MTR CB MET PACK C RT FIAT MAREA STILO ABARTH 2;0,;569,64;
131079MPRF;JTA MTR CB MET PACK C RT FLANGE (TP PLASTICO) FORD;0,;677,03;
131073MPRF;JTA MTR CB MET PACK C RT FLANGE (TP PLASTICO) FORD;0,;657,82;
141053MPRF;JTA MTR CB MET PACK C RT FLANGE FIAT PALIO SIENA D;0,;322,22;
111089MPRF;JTA MTR CB MET PACK C RT FLANGE VW BORA NEW BEETLE;0,;604,32;
111087MPRF;JTA MTR CB MET PACK C RT FLANGE VW GOLF PASSAT VAR;0,;916,76;
131049MPR;JTA MTR CB MET PACK C RT FORD ESCORT ZETEC 1.8 16V;0,;448,61;
131043MPR;JTA MTR CB MET PACK C RT FORD FIESTA COURIER ZETEC;0,;435,54;
131033MPR;JTA MTR CB MET PACK C RT FORD FIESTA KA ENDURA NAC;0,;318,35;
131065MPR;JTA MTR CB MET PACK C RT FORD FOCUS MONDEO ZETEC 2;0,;941,44;
131051MPR;JTA MTR CB MET PACK C RT FORD MONDEO ZETEC 2.0 16V;0,;555,21;
131055MPR;JTA MTR CB MET PACK C RT FORD RANGER EXPLORE V6 4.;0,;608,56;
131053MPR;JTA MTR CB MET PACK C RT FORD RANGER EXPLORER V6 4;0,;597,69;
131059MPR2;JTA MTR CB MET PACK C RT FORD RANGER SOHC 2.3 8V G;0,;665,05;
131059MPR;JTA MTR CB MET PACK C RT FORD RANGER SOHC GAS 2.3;0,;757,02;
121063MPR;JTA MTR CB MET PACK C RT GM CORSA CELTA MPFI 1.0 0;0,;254,54;
121057MPR;JTA MTR CB MET PACK C RT GM CORSA EFI MPFI 1 4 1 6;0,;251,85;
1210117MPR;JTA MTR CB MET PACK C RT GM CORSA MERIVA MONTANA F;0,;301,84;
1210119MPR;JTA MTR CB MET PACK C RT GM MERIVA FIAT STILO DOHC;0,;391,03;
121075MPR;JTA MTR CB MET PACK C RT GM VECTRA ASTRA BLAZER S1;0,;327,54;
121087MPR;JTA MTR CB MET PACK C RT GM VECTRA S10 ASTRA ZAFIR;0,;318,93;
111057MPR;JTA MTR CB MET PACK C RT GOL PAR 98 2001 IBIZA COR;0,;417,99;
111099MPR;JTA MTR CB MET PACK C RT GOLF 01 IBIZA 03 MTR BAH;0,;398,38;
151098MPR2;JTA MTR CB MET PACK C RT HASTE 6MM GUIA 9MM PEUGEO;0,;817,96;
1510136MPR;JTA MTR CB MET PACK C RT HONDA CIVIC 1.5 16 VAL D1;0,;500,83;
151025MPR;JTA MTR CB MET PACK C RT KIA BESTA 2.7 DIESEL ANO;0,;409,55;
151023MPR;JTA MTR CB MET PACK C RT KIA BESTA GS 2.7 BONGO K2;0,;464,68;
151094MPR;JTA MTR CB MET PACK C RT KIA BONGO CERES 2.4 DIESE;0,;377,83;
151035MPR;JTA MTR CB MET PACK C RT M BENS 120D 130D 140D 150;0,;699,57;
1510132MPR;JTA MTR CB MET PACK C RT PEUGEOT 106 206 306 TU5JP;0,;371,90;
151096MPR;JTA MTR CB MET PACK C RT PEUGEOT 205 306 309 405 P;0,;548,12;
1510134MPR;JTA MTR CB MET PACK C RT PEUGEOT 206 307 PARTNER C;0,;542,62;
1510120MPR;JTA MTR CB MET PACK C RT PEUGEOT 306 405 406 2.0 8;0,;465,53;
1510100MPR;JTA MTR CB MET PACK C RT PEUGEOT 306 405 GRI SRI S;0,;582,16;
1510141MPR;JTA MTR CB MET PACK C RT PEUGEOT 307 406 407 607 8;0,;719,32;
1510116MPR;JTA MTR CB MET PACK C RT RENAULT CLIO II KANGOO K7;0,;498,14;
1510173MPR;JTA MTR CB MET PACK C RT RENAULT CLIO KANGOO LOGAN;0,;521,76;
151084MPR;JTA MTR CB MET PACK C RT RENAULT CLIO LAGUNA R19 R;0,;499,40;
1510114MPR;JTA MTR CB MET PACK C RT RENAULT CLIO MEGANE SCENI;0,;394,52;
151076MPR;JTA MTR CB MET PACK C RT RENAULT CLIO SCENIC R11 R;0,;375,32;
1510108MPR;JTA MTR CB MET PACK C RT RENAULT LAGUNA MEGANE SCE;0,;586,12;
1510118MPR;JTA MTR CB MET PACK C RT RENAULT MEGANE SCENIC LAG;0,;671,38;
1510110MPR;JTA MTR CB MET PACK C RT RENAULT TRAFIC CLIO MEGAN;0,;486,41;
151005MPR;JTA MTR CB MET PACK C RT RENAULT TRAFIC DIESEL;0,;453,65;
151002MPR;JTA MTR CB MET PACK C RT RENAULT TRAFIC R21 2.0 2.;0,;454,51;
1210105MPR;JTA MTR CB MET PACK C RT S GAX CB MET PACK C RT GM;0,;495,56;
1510163MPR;JTA MTR CB MET PACK C RT SUZUKI GRAND VITARA SZ BA;0,;678,23;
1510104MPR;JTA MTR CB MET PACK C RT SUZUKI VITARA SIDEKICK G1;0,;451,41;
1510106MPR;JTA MTR CB MET PACK C RT TOYOTA COROLLA 1.6 4AFE 1;0,;866,72;
1510153MPR;JTA MTR CB MET PACK C RT TOYOTA COROLLA DOHC 7AFE;0,;613,47;
111089MPR;JTA MTR CB MET PACK C RT VW BORA NEW BEETLE GOLF S;0,;383,09;
1110101MPR;JTA MTR CB MET PACK C RT VW FOX POLO CROSSFOX BAH;0,;399,43;
111065MPR;JTA MTR CB MET PACK C RT VW GOL SAVEIRO PARATI SAN;0,;242,95;
111095MPR;JTA MTR CB MET PACK C RT VW GOLF BORA AZD 1.6 16V;0,;370,99;
111091MPR;JTA MTR CB MET PACK C RT VW GOLF BORA AZJ AZM 2.0;0,;499,96;
111073MPR;JTA MTR CB MET PACK C RT VW GOLF GTI MEXICANO 2.0;0,;302,71;
111087MPR;JTA MTR CB MET PACK C RT VW GOLF PASSAT VARIANT NE;0,;881,39;
111081MPR;JTA MTR CB MET PACK C RT VW GOLF SR BORA AUDI A3 A;0,;380,96;
111069MPR;JTA MTR CB MET PACK C RT VW GOLF VENTO PASSAT CORR;0,;381,82;
111083MPR;JTA MTR CB MET PACK C RT VW PASSAT ADR AFY AEB 1.8;0,;880,58;
111047MPR;JTA MTR CB MET PACK C RT VW PASSAT GOL SANTANA SAV;0,;356,51;
1510140MP;JTA MTR CB MET PACK CITROEN AZ10 ZX SAXO C15 PEUGE;0,;419,85;
1510165MP;JTA MTR CB MET PACK CITROEN C2 C3 2002/ PEUGEOT206;0,;227,54;
1510183MP;JTA MTR CB MET PACK CITROEN C4 C5 PICASSO PEUGEOT;0,;400,04;
1510144MP;JTA MTR CB MET PACK CITROEN XM XANTIA XSARA EVASIO;0,;419,55;
141001MP;JTA MTR CB MET PACK FIAT 147 OGGI UNO PREMIO ELBA;0,;157,62;
141077MP;JTA MTR CB MET PACK FIAT LINEA 1.9 16V FLEX 2007/.;0,;242,21;
141057MP;JTA MTR CB MET PACK FIAT MAREA 2 0 20 VAL 5 CIL;0,;333,76;
141057MPTV;JTA MTR CB MET PACK FIAT MAREA 2 0 VAL 5 CIL;0,;333,61;
141069MP;JTA MTR CB MET PACK FIAT MAREA STILO ABARTH 2.0 2.;0,;528,02;
141029MP;JTA MTR CB MET PACK FIAT PALIO MILLE SMART MPI 1.0;0,;155,51;
141033MP;JTA MTR CB MET PACK FIAT PALIO SIENA BRAVA 1.6 16;0,;222,28;
141021MP;JTA MTR CB MET PACK FIAT TEMPRA 2.0 16 VAL;0,;232,30;
141025MP;JTA MTR CB MET PACK FIAT TEMPRA 2.0 8 VAL;0,;232,30;
141045MP;JTA MTR CB MET PACK FIAT TIPO 2.0 16 VAL;0,;256,10;
141041MP;JTA MTR CB MET PACK FIAT TIPO 2.0 8 VAL;0,;313,31;
141037MP;JTA MTR CB MET PACK FIAT TIPO PALIO 1.6 8 VAL ARGE;0,;150,60;
141005MP;JTA MTR CB MET PACK FIAT UNO MILLE 1.0 PREMIO FIOR;0,;152,52;
141013MP;JTA MTR CB MET PACK FIAT UNO PREMIO ELBA 1500 ARGE;0,;150,60;
141017MP;JTA MTR CB MET PACK FIAT UNO PREMIO ELBA 1600 ARGE;0,;150,60;
131069MP;JTA MTR CB MET PACK FIESTA ESCORT 02 05 MT 1.0 ZET;0,;238,28;
131037MP;JTA MTR CB MET PACK FORD CORCEL BELINA II ALC GAS;0,;122,64;
131013MP;JTA MTR CB MET PACK FORD ESCORT CORCEL DEL REY CHT;0,;175,12;
131049MP;JTA MTR CB MET PACK FORD ESCORT ZETEC 1.8 16V;0,;322,71;
171130MP;JTA MTR CB MET PACK FORD F600 CHEVROLET D60 65 DOD;0,;475,35;
171132MP;JTA MTR CB MET PACK FORD F700 F750 6358 6 CIL;0,;557,87;
131043MP;JTA MTR CB MET PACK FORD FIESTA COURIER ZETEC 1.4;0,;256,10;
131029MP;JTA MTR CB MET PACK FORD FIESTA KA COURIER ENDURA;0,;175,12;
131033MP;JTA MTR CB MET PACK FORD FIESTA KA ENDURA NACIONAL;0,;175,12;
131071MP;JTA MTR CB MET PACK FORD FOCUS MONDEO ZETEC 1.8 16;0,;416,92;
131065MP;JTA MTR CB MET PACK FORD FOCUS MONDEO ZETEC 2.0 16;0,;409,81;
131051MP;JTA MTR CB MET PACK FORD MONDEO ZETEC 2.0 16V 94/9;0,;284,22;
131053MP;JTA MTR CB MET PACK FORD RANGER EXPLORE OHV GAS V6;0,;593,93;
131055MP;JTA MTR CB MET PACK FORD RANGER EXPLORE V6 4.0 12V;0,;593,93;
131059MP;JTA MTR CB MET PACK FORD RANGER SOHC GAS 2.3 2.5 8;0,;494,31;
171112MP;JTA MTR CB MET PACK GAX PERKINS 4236 4248 CASE 580;0,;547,87;
121001MP;JTA MTR CB MET PACK GM CHEVETTE MARAJO ALC GAS 1.4;0,;138,90;
171115MP;JTA MTR CB MET PACK GM CHEVROLET D10 PERKINS D10 F;0,;654,58;
121093MP;JTA MTR CB MET PACK GM CORSA 1.0 16V;0,;205,49;
121099MP;JTA MTR CB MET PACK GM CORSA CELTA 1.6 16V;0,;167,56;
121063MP;JTA MTR CB MET PACK GM CORSA CELTA MPFI 1 0 04 98;0,;110,41;
121069MP;JTA MTR CB MET PACK GM CORSA CELTA MPFI 1.6 04-98/;0,;157,62;
1210123MP;JTA MTR CB MET PACK GM CORSA CELTA VHC 1.0 8V;0,;110,41;
121049MP;JTA MTR CB MET PACK GM CORSA EFI MPFI 1.0 8V 94/03;0,;196,73;
121057MP;JTA MTR CB MET PACK GM CORSA EFI MPFI 1.6 8V 94/03;0,;201,31;
1210117MP;JTA MTR CB MET PACK GM CORSA MERIVA MONTANA FIAT P;0,;150,00;
121037MP;JTA MTR CB MET PACK GM MONZA KADETT ALC GAS 1.8 82;0,;175,12;
121045MP;JTA MTR CB MET PACK GM MONZA KADETT IPANEMA 91/96;0,;221,55;
121033MP;JTA MTR CB MET PACK GM MONZA KADETT IPANEMA ALC GA;0,;175,12;
121041MP;JTA MTR CB MET PACK GM MONZA KADETT IPANEMA GSI EF;0,;175,12;
1210115MP;JTA MTR CB MET PACK GM OMEGA SILVERADO 4.1 6CIL 89;0,;409,50;
121009MP;JTA MTR CB MET PACK GM OPALA 90 CARAVAN 151 ALC GA;0,;202,71;
121017MP;JTA MTR CB MET PACK GM OPALA CARAVAN CAMINHAO C10;0,;272,59;
121075MP;JTA MTR CB MET PACK GM VECTRA ASTRA BLAZER S10 MPF;0,;220,40;
121087MP;JTA MTR CB MET PACK GM VECTRA S10 ASTRA ZAFIRA MPF;0,;232,38;
1510171MP;JTA MTR CB MET PACK HONDA CIVIC NEW CIVIC 1.7;0,;239,68;
151021MP;JTA MTR CB MET PACK KIA BESTA 2.2 DIESEL 92 A 97;0,;253,35;
151025MP;JTA MTR CB MET PACK KIA BESTA 2.7 DIESEL ANO ATE 9;0,;408,03;
151056MP;JTA MTR CB MET PACK KIA BESTA GS 3.0 GRANDE;0,;310,00;
151094MP;JTA MTR CB MET PACK KIA BONGO CERES 2.4 DIESEL 94;0,;443,81;
151092MP;JTA MTR CB MET PACK KIA SPORTAGE 2.0 DIESEL;0,;336,97;
161110MP;JTA MTR CB MET PACK M BENS OM314 L608D INJECAO DIR;0,;467,96;
161108MP;JTA MTR CB MET PACK M BENS OM352A 1316 1516 2216 T;0,;288,89;
161122MP;JTA MTR CB MET PACK M BENS OM364;0,;431,05;
161120MP;JTA MTR CB MET PACK M BENS OM366 6 CIL;0,;649,25;
181111MP;JTA MTR CB MET PACK MWM D229 4 CIL COMPLETO;0,;680,52;
181117MP;JTA MTR CB MET PACK MWM D229 FORD F600 900 950 VAL;0,;760,55;
181127MP;JTA MTR CB MET PACK MWM VALMET E300 D229 3 CIL;0,;249,00;
181123MP;JTA MTR CB MET PACK MWM X10 4.10;0,;697,74;
171118MP;JTA MTR CB MET PACK PERKINS S4 S4T Q20B D20 D40 DI;0,;685,16;
171101MP;JTA MTR CB MET PACK PERKINS TRATOR 4203 8BR;0,;301,03;
171106MP;JTA MTR CB MET PACK PERKINS TRATOR MASSEY FERGUSON;0,;538,35;
1510132MP;JTA MTR CB MET PACK PEUGEOT 106 206 306 TU5JP TU5J;0,;332,32;
151096MP;JTA MTR CB MET PACK PEUGEOT 205 306 309 405 PARTNE;0,;562,82;
1510120MP;JTA MTR CB MET PACK PEUGEOT 306 405 406 2.0 8 VAL;0,;396,93;
1510100MP;JTA MTR CB MET PACK PEUGEOT 306 405 GRI SRI STI CI;0,;398,97;
1510141MP;JTA MTR CB MET PACK PEUGEOT 307 406 407 607 806 80;0,;400,04;
1510116MP;JTA MTR CB MET PACK RENAULT CLIO II KANGOO K7M 746;0,;360,23;
1510173MP;JTA MTR CB MET PACK RENAULT CLIO KANGOO LOGAN MOD;0,;321,84;
1510114MP;JTA MTR CB MET PACK RENAULT CLIO MEGANE SCENIC KAN;0,;358,47;
151074MP;JTA MTR CB MET PACK RENAULT CLIO R19 C3L 1.6 8 VAL;0,;200,31;
151076MP;JTA MTR CB MET PACK RENAULT CLIO SCENIC R11 R19 R2;0,;238,92;
1510108MP;JTA MTR CB MET PACK RENAULT LAGUNA MEGANE SCENIC F;0,;344,27;
151005MP;JTA MTR CB MET PACK RENAULT TRAFIC DIESEL;0,;339,91;
151002MP;JTA MTR CB MET PACK RENAULT TRAFIC R21 2.0 2.2 GAS;0,;335,79;
111091MP;JTA MTR CB MET PACK S COL ADM BOR VW GOLF BORA AZJ;0,;689,42;
1210105MP;JTA MTR CB MET PACK S GAX CB MET PACK GM S10 BLAZE;0,;415,52;
1510163MP;JTA MTR CB MET PACK SUZUKI GRAND VITARA SZ BALENO;0,;373,40;
1510104MP;JTA MTR CB MET PACK SUZUKI VITARA SIDEKICK G16A G1;0,;294,74;
1510106MP;JTA MTR CB MET PACK TOYOTA COROLLA 1.6 4AFE 1.8 7A;0,;415,52;
171108MP;JTA MTR CB MET PACK TRATOR MASSEY FERGUSON MF220 2;0,;497,23;
1110101MP;JTA MTR CB MET PACK VW FOX BAH BJA BLH 03/... SPAC;0,;309,69;
111039MP;JTA MTR CB MET PACK VW GOL AE FORD ESCORT HOBBY DE;0,;200,42;
111061MP;JTA MTR CB MET PACK VW GOL SANTANA SAVEIRO PARATI;0,;335,28;
111057TMP;JTA MTR CB MET PACK VW GOL TURBO 1.0 16V 98/02;0,;248,52;
111095MP;JTA MTR CB MET PACK VW GOLF BORA AZD 1.6 16V 01/..;0,;224,08;
111019MP;JTA MTR CB MET PACK VW KOMBI 1.6 DIESEL 3 PICO;0,;185,34;
111047MP;JTA MTR CB MET PACK VW PASSAT GOL SANTANA SAVEIRO;0,;168,70;
111011MP;JTA MTR CB MET PACK VW PASSAT TS VOYAGE MTR MD ALC;0,;141,42;
111023MP;JTA MTR CB MET PACK VW SANTANA GOL PARATI AP ALC G;0,;220,67;
181031ML3R;JTA MTR COM RET CABE ACO INOX MWM X12 6.12;0,;1.141,76;
134289;JTA MTR FORD RANGER MTR POWER STROKE3/;0,;143,65;
19131011R;JTA MTR INF C RT C RT CUMMINS ISLE ISCE 8.3L 8.9L;0,;1.389,86;
19131008R;JTA MTR INF C RT CUMMINS ISDE QSB 4.5L;0,;895,21;
19131014R;JTA MTR INF C RT CUMMINS L10 ISM11;0,;2.512,61;
19131021R;JTA MTR INF RET CUMMINS ISBE4 3.9L 4CIL;0,;3.023,91;
19131026R;JTA MTR INF RET CUMMINS QSB 5.9 6CIL;0,;5.182,36;
19131024R;JTA MTR INF RET CUMMINS QSB 6.7 ISBE 6CIL;0,;2.446,03;
19131013R;JTA MTR INF RET CUMMINS QSL 6CIL;0,;3.886,98;
19131004R;JTA MTR INF RET CUMMINS SERIE B 4B BTA 3.9L 8V DIE;0,;544,12;
161330R;JTA MTR INF RET M BENS SPRINTER CDI LA DIESEL BI T;0,;617,31;
19131009R;JTA MTR INFERIOR CUMMINS 6ISBE5.9;0,;827,74;
19131006R;JTA MTR INFERIOR CUMMINS QSB5.9;0,;750,61;
19131016R;JTA MTR INFERIOR CUMMINS QSX15;0,;4.025,73;
151007MP;JTA MTR METALOPACK ASIA TOPIC 93/... MAZDA E2500 E;1,;310,84;
131045MPRF;JTA MTR METALOPACK C RET E FLANGE FORD FIESTA ECOS;0,;336,43;JOG-3_C
131047MPR;JTA MTR METALOPACK C RET FORD ECOSPORT FIESTA KA C;2,;430,97;JOG-3_B
131045MPR;JTA MTR METALOPACK C RET FORD FIESTA ECOSPORT KA Z;1,;432,55;JOG-3_E
151062MPR;JTA MTR METALOPACK C RET HONDA CIVIC D15Z1 1.5 16V;2,;436,36;JOG-8_D
151056MPR;JTA MTR METALOPACK C RET KIA GRAND BESTA GS 3.0;0,;430,00;JOG-7_B
151098MPR;JTA MTR METALOPACK C RET PEUGEOT 306 406 CITROEN X;2,;649,63;JOG-8_C
151086MPR;JTA MTR METALOPACK C RET RENAULT CLIO KANGOO TWING;0,;458,34;JOG-7_B
151087MPR;JTA MTR METALOPACK C RET RENAULT CLIO KANGOO TWING;0,;535,41;
151074MPR;JTA MTR METALOPACK C RET RENAULT CLIO MARADONA R19;0,;293,66;
141065MP;JTA MTR METALOPACK FIAT MAREA BRAVA BRAVO COUPE 1.;1,;223,48;
141053MP;JTA MTR METALOPACK FIAT PALIO SIENA DOBLO FIRE 1.0;3,;185,19;JOG-4_C
141049MP;JTA MTR METALOPACK FIAT UNO SMART PALIO SIENA FIRE;2,;160,17;JOG-4_C
131047MP;JTA MTR METALOPACK FORD ECOSPORT FIESTA KA COURIER;2,;284,22;JOG-3_D
131073MP;JTA MTR METALOPACK FORD ECOSPORT FOCUS MONDEO DURA;1,;463,28;JOG-3_C
131045MP;JTA MTR METALOPACK FORD FIESTA ECOSPORT KA ZETEC R;0,;206,56;JOG-4_A
1210119MP;JTA MTR METALOPACK GM MERIVA FIAT STILO DOHC 1.8 1;0,;276,14;
1510136MP;JTA MTR METALOPACK HONDA CIVIC CRX .../92 1.5 1.6;1,;298,14;
151062MP;JTA MTR METALOPACK HONDA CIVIC D15Z1 1.5 16V D16Z6;1,;464,70;JOG-8_D
151023MP;JTA MTR METALOPACK KIA BESTA GS K2700 PREGIO J2 2.;0,;449,25;
151092MPR;JTA MTR METALOPACK KIA SPORTAGE 2.0 TURBO DIESEL;0,;498,42;
151035MP;JTA MTR METALOPACK MERCEDES 120D 130D 140D 150D 17;2,;590,98;
151044MP;JTA MTR METALOPACK MSM 151042 CITROEN JUMPER FIAT;1,;235,12;JOG-7_E
1510134MP;JTA MTR METALOPACK PEUGEOT 206 307 PARTNER 97/...;1,;343,80;JOG-8_D
151098MP;JTA MTR METALOPACK PEUGEOT 306 406 CITROEN XANTIA;1,;361,76;JOG-7_B
151087MP;JTA MTR METALOPACK RENAULT CLIO KANGOO TWINGO PEUG;0,;269,09;
151084MP;JTA MTR METALOPACK RENAULT CLIO LAGUNA R19 R21 F3P;9,;317,93;
151090MP;JTA MTR METALOPACK RENAULT CLIO TWINGO KANGOO 1.2;5,;151,51;JOG-7_D
1510110MP;JTA MTR METALOPACK RENAULT LAGUNA MEGANE SCENIC 1.;7,;504,34;
141053MPR;JTA MTR METALOPACK RET FIAT PALIO SIENA DOBLO FIRE;0,;326,23;
141049MPR;JTA MTR METALOPACK RET FIAT UNO SMART PALIO SIENA;2,;182,36;JOG-4_D
141049MPRF;JTA MTR METALOPACK RET FLANGE FIAT UNO SMART PALIO;1,;231,79;
1510153MP;JTA MTR METALOPACK TOYOTA COROLLA 7AFE 1.8 16V DOH;0,;310,99;
151050MP;JTA MTR METALOPACK TOYOTA HILUX DYNA TOYOACE LANDC;3,;145,01;
111089MP;JTA MTR METALOPACK VW BORA NEW BEETLE GOLF SHARAN;3,;443,00;JOG-1_A
111077MP;JTA MTR METALOPACK VW GOL SANTANA SAVEIRO PARATI A;3,;242,96;JOG-1_A
111053MP;JTA MTR METALOPACK VW GOL SAVEIRO PARATI AT MI GAS;0,;230,80;JOG-1_D
111065MP;JTA MTR METALOPACK VW GOL SAVEIRO PARATI SANTANA G;1,;157,98;JOG-1_B
111099MP;JTA MTR METALOPACK VW GOLF BAH 1.6 8V 02/...;1,;238,23;JOG-1_D
111073MP;JTA MTR METALOPACK VW GOLF GTI MEXICANO MOTOR 2.0;2,;291,44;JOG-1_B
111087MP;JTA MTR METALOPACK VW GOLF PASSAT VARIANT NEW BEET;1,;702,64;
111081MP;JTA MTR METALOPACK VW GOLF SR BORA AUDI A3 A4 AEH;4,;417,45;JOG-1_B
111069MP;JTA MTR METALOPACK VW GOLF VENTO PASSAT CORRADO AB;3,;300,19;JOG-1_B
111083MP;JTA MTR METALOPACK VW PASSAT ADR AFY AEB 1.8 20V T;0,;573,26;JOG-1_B
111057MP;JTA MTR METALOPCK VW GOL SAVEIRO PARATI AT MI 1.0;2,;278,77;JOG-1_E
15108601PK;JTA MTR PACK 1.2MM RENAULT LOGAN SANDERO KWID 3CIL;6,;220,52;JOG-6_B
151087MLR;JTA MTR RET CAB ACO INOX 100MM S SELO S ANEL TPA V;3,;507,59;JOG-7_B
1510186PKR;JTA MTR RET CAB BASPACK HYUNDAI HB20 KIA PICANTO 1;2,;407,45;JOG-6_C
131077MLR;JTA MTR RET CABE ACO INOX (TP ALUMINIO) FORD ECOSP;0,;609,07;
131073MLR;JTA MTR RET CABE ACO INOX (TP PLASTICO) FORD ECOSP;0,;609,07;
131079MLR;JTA MTR RET CABE ACO INOX (TP PLASTICO) FORD RANGE;0,;609,07;
1510165MLR;JTA MTR RET CABE ACO INOX CITROEN C2 C3 2002/ PEUG;2,;451,41;JOG-8_A
1510183MLR;JTA MTR RET CABE ACO INOX CITROEN C4 C5 PICASSO PE;1,;949,20;JOG-8_B
141088MLR;JTA MTR RET CABE ACO INOX ETORQ EVO 1.6 16V FIAT D;0,;536,47;
141090MLR;JTA MTR RET CABE ACO INOX ETORQ EVO FLEX 1.8 16V J;2,;536,47;JOG-4_C
141073MLR;JTA MTR RET CABE ACO INOX FIAT DOBLO BRAVA MAREA P;0,;407,81;
141089MLR;JTA MTR RET CABE ACO INOX FIAT DOBLO GRAND SIENA I;2,;617,42;JOG-4_A
141087MLR;JTA MTR RET CABE ACO INOX FIAT DOBLO GRAND SIENA I;0,;543,51;
141289MLR;JTA MTR RET CABE ACO INOX FIAT DOBLO GRAND SIENA I;0,;488,25;
141287MLR;JTA MTR RET CABE ACO INOX FIAT DOBLO GRAND SIENA I;0,;429,34;
141085MLR;JTA MTR RET CABE ACO INOX FIAT EVO GRAND IDEA PALI;0,;283,43;
141057MLR;JTA MTR RET CABE ACO INOX FIAT MAREA 2.0 20 VAL 5;0,;599,59;
141069MLR;JTA MTR RET CABE ACO INOX FIAT MAREA STILO ABARTH;0,;737,24;
141081MLR;JTA MTR RET CABE ACO INOX FIAT PALIO SIENA MOTOR 1;0,;301,56;
141079MLR;JTA MTR RET CABE ACO INOX FIAT PALIO SIENA PUNTO I;2,;210,79;JOG-4_E
141086MLR;JTA MTR RET CABE ACO INOX FIATDUBLO EVO GRAND IDEA;1,;239,25;JOG-4_D
131047MLR;JTA MTR RET CABE ACO INOX FORD ECOSPORT FIESTA KA;2,;421,48;JOG-3_B
131049MLR;JTA MTR RET CABE ACO INOX FORD ESCORT ZETEC 1.8 16;3,;607,83;JOG-3_C
131045MLR;JTA MTR RET CABE ACO INOX FORD FIESTA ECOSPORT KA;4,;530,14;JOG-3_E
131065MLR;JTA MTR RET CABE ACO INOX FORD FOCUS MONDEO ZETEC;0,;834,16;
131071MLR;JTA MTR RET CABE ACO INOX FORD FOCUS MONDEO ZETEC;0,;868,37;
131074MLR;JTA MTR RET CABE ACO INOX FORD FUSION 2012/2016 MO;0,;835,79;
131051MLR;JTA MTR RET CABE ACO INOX FORD MONDEO ZETEC 2.0 16;0,;562,90;
131076MLR;JTA MTR RET CABE ACO INOX FORD MOTOR ECOBOOST 2.0;0,;988,83;
131078MLR;JTA MTR RET CABE ACO INOX FORD MOTOR ECOBOOST MGDA;0,;670,12;
131069MLR;JTA MTR RET CABE ACO INOX FORD NOVO FIESTA ECOSPOR;0,;657,23;
1210157MLR;JTA MTR RET CABE ACO INOX GM ASTRA VECTRA ELITE BL;0,;571,65;
1210159MLR;JTA MTR RET CABE ACO INOX GM ASTRA VECTRA ELITE BL;2,;567,98;JOG-3_A
121063MLR;JTA MTR RET CABE ACO INOX GM CORSA CELTA MPFI 1.0;0,;332,57;
121069MLR;JTA MTR RET CABE ACO INOX GM CORSA CELTA MPFI 1.6;0,;358,29;
1210123MLR;JTA MTR RET CABE ACO INOX GM CORSA CELTA VHC 1.0 8;1,;345,28;JOG-2_A
121057MLR;JTA MTR RET CABE ACO INOX GM CORSA EFI MPFI 1 4 1;0,;321,67;
121049MLR;JTA MTR RET CABE ACO INOX GM CORSA EFI MPFI 1.0 8V;0,;372,27;
1210117MLR;JTA MTR RET CABE ACO INOX GM CORSA MERIVA MONTANA;2,;345,69;JOG-2_B
1210136MLR;JTA MTR RET CABE ACO INOX GM CORSA PRISMA MONTANA;0,;322,04;JOG-2_E
1210119MLR;JTA MTR RET CABE ACO INOX GM MERIVA FIAT STILO DOH;0,;408,38;
121045MLR;JTA MTR RET CABE ACO INOX GM MONZA KADETT IPANEMA;0,;304,90;
1210137MLR;JTA MTR RET CABE ACO INOX GM ONIX PRISMA SPE/4 1.4;1,;373,47;JOG-2_D
121075MLR;JTA MTR RET CABE ACO INOX GM VECTRA ASTRA BLAZER S;0,;420,22;
1210150MLR;JTA MTR RET CABE ACO INOX GM VECTRA GSI CALIBRA 2.;0,;876,88;
121087MLR;JTA MTR RET CABE ACO INOX GM VECTRA S10 ASTRA ZAFI;0,;535,83;
151062MLR;JTA MTR RET CABE ACO INOX HONDA CIVIC 1.5 16 VAL 9;3,;830,37;JOG-8_C
1510136MLR;JTA MTR RET CABE ACO INOX HONDA CIVIC 1.5 16 VAL D;0,;545,71;
1510185MLR;JTA MTR RET CABE ACO INOX HONDA CIVIC ACCORD CR-V;0,;588,92;JOG-8_D
1510161MLR;JTA MTR RET CABE ACO INOX HONDA CIVIC D15Z3 D15Z6;2,;900,81;JOG-7_B
1510171MLR;JTA MTR RET CABE ACO INOX HONDA CIVIC NEW CIVIC FI;2,;535,03;JOG-8_E
1510169MLR;JTA MTR RET CABE ACO INOX HONDA FIT CITY JAZZ TWIN;1,;468,65;JOG-8_E
1510170MLR;JTA MTR RET CABE ACO INOX HONDA FIT JAZZ VTEC L15A;0,;680,82;
1510187MLR;JTA MTR RET CABE ACO INOX HYUNDAI HB20 I30 VELOSTE;2,;754,78;JOG-8_A
1510186MLR;JTA MTR RET CABE ACO INOX HYUNDAI HB20 KIA PICANTO;2,;614,80;JOG-6_C
1510177MLR;JTA MTR RET CABE ACO INOX HYUNDAI TUCSON I30 KIA S;2,;799,28;JOG-7_A
1510194MLR;JTA MTR RET CABE ACO INOX MITSUBISHI PAJERO IO 98/;0,;831,42;
1210124MLR;JTA MTR RET CABE ACO INOX ONIX PRISMA SPE/4 1.0 20;3,;332,73;JOG-3_A
141501PK22;JTA MTR RET CABE ACO INOX PEUGEOT 106 206 306 MTR;0,;49,73;
1510134MLR;JTA MTR RET CABE ACO INOX PEUGEOT 206 307 PARTNER;2,;604,96;JOG-8_D
1510141MLR;JTA MTR RET CABE ACO INOX PEUGEOT 307 406 407 607;2,;462,72;JOG-8_C
1510173MLR;JTA MTR RET CABE ACO INOX RENAULT CLIO KANGOO LOGA;2,;554,98;JOG-8_B
151086MLR;JTA MTR RET CABE ACO INOX RENAULT CLIO KANGOO TWIN;0,;626,26;
1510108MLR;JTA MTR RET CABE ACO INOX RENAULT LAGUNA MEGANE SC;2,;609,26;JOG-7_C
1510179MLR;JTA MTR RET CABE ACO INOX RENAULT LOGAN SANDERO 1.;2,;688,34;JOG-8_C
1510175MLR;JTA MTR RET CABE ACO INOX RENAULT MASTER 2.5 16 VA;2,;826,48;JOG-8_E
1510118MLR;JTA MTR RET CABE ACO INOX RENAULT MEGANE SCENIC LA;2,;661,47;JOG-8_B
151058MLR;JTA MTR RET CABE ACO INOX TERRA FRONTIER GM S10 BL;0,;772,09;
1510153MLR;JTA MTR RET CABE ACO INOX TOYOTA COROLLA DOHC 7AFE;0,;709,74;
1510154MLR;JTA MTR RET CABE ACO INOX TOYOTA COROLLA PRIUS 12/;2,;570,62;JOG-8_A
1510146MLR;JTA MTR RET CABE ACO INOX TOYOTA COROLLA VVTI FILD;7,;649,03;JOG-8_A
1110117ML3R;JTA MTR RET CABE ACO INOX VW AMAROK 2.0 4CIL 16V M;0,;925,01;
111089MLR;JTA MTR RET CABE ACO INOX VW BORA NEW BEETLE GOLF;1,;753,10;JOG-1_E
1110101MLR;JTA MTR RET CABE ACO INOX VW FOX BAH BJA BLH 03/..;2,;268,00;JOG-1_E
1110107MLR;JTA MTR RET CABE ACO INOX VW GOL GOLF PARATI PASSA;0,;614,29;
1110105MLR;JTA MTR RET CABE ACO INOX VW GOL POWER EA111 1.0 1;2,;323,66;JOG-1_D
1110103MLR;JTA MTR RET CABE ACO INOX VW GOL POWER TREND FOX M;0,;202,62;JOG-1_C
111077MLR;JTA MTR RET CABE ACO INOX VW GOL SANTANA SAVEIRO P;0,;537,83;
111061MLR;JTA MTR RET CABE ACO INOX VW GOL SANTANA SAVEIRO P;0,;327,66;
111057MLR;JTA MTR RET CABE ACO INOX VW GOL SAVEIRO PARATI AT;2,;287,92;JOG-1_D
111065MLR;JTA MTR RET CABE ACO INOX VW GOL SAVEIRO PARATI SA;0,;448,08;
111099MLR;JTA MTR RET CABE ACO INOX VW GOLF BAH 1.6 8V 02/..;0,;292,42;JOG-1_D
111095MLR;JTA MTR RET CABE ACO INOX VW GOLF BORA AZD 1.6 16V;0,;501,46;
111091MLR;JTA MTR RET CABE ACO INOX VW GOLF BORA AZJ AZM 2.0;0,;514,16;
111073MLR;JTA MTR RET CABE ACO INOX VW GOLF GTI MEXICANO 2.0;0,;499,07;
1110115MLR;JTA MTR RET CABE ACO INOX VW GOLF NEW BEETLE POLO;2,;822,16;JOG-1_B
111087MLR;JTA MTR RET CABE ACO INOX VW GOLF PASSAT VARIANT N;0,;1.104,11;JOG-1_A
111081MLR;JTA MTR RET CABE ACO INOX VW GOLF SR BORA AUDI A3;1,;758,56;JOG-1_D
111069MLR;JTA MTR RET CABE ACO INOX VW GOLF VENTO PASSAT COR;0,;634,23;
1110111MLR;JTA MTR RET CABE ACO INOX VW KOMBI 1.4 8V TOTAL FL;0,;329,81;JOG-1_A
111083MLR;JTA MTR RET CABE ACO INOX VW PASSAT ADR AFY AEB 1.;0,;910,85;
111047MLR;JTA MTR RET CABE ACO INOX VW PASSAT GOL SANTANA SA;2,;329,48;JOG-1_E
111023MLR;JTA MTR RET CABE ACO INOX VW SANTANA GOL PARATI AP;0,;288,73;
1110116MLR;JTA MTR RET CABE ACO VW JETTA PASSAT TIGUAN 1.8 /2;0,;815,10;
15105605PK5R;JTA MTR RET CABE BASPACK 1.20 HYUNDAI HR 13/... KI;0,;759,29;
151020PKR;JTA MTR RET CABE BASPACK ASIA HAFEI TOWNER JUNIOR;0,;358,36;JOG-8_A
1510184PKR;JTA MTR RET CABE BASPACK CIT XANTIA ZX PGT 306 405;0,;447,87;
15109606PKR;JTA MTR RET CABE BASPACK CITROEN C4 C5 PICASSO PE;0,;1.114,17;
1510183PKR;JTA MTR RET CABE BASPACK CITROEN C4 C5 PICASSO PEU;1,;881,37;JOG-8_A
151019PKR;JTA MTR RET CABE BASPACK EFFA CHANA CHANGAN STAR J;2,;523,65;JOG-8_C
151018PKR;JTA MTR RET CABE BASPACK EFFA TOWNER SUZUKI SJ410;3,;554,94;JOG-8_A
131009PKR;JTA MTR RET CABE BASPACK ESCORT DEL REY 83/... MOT;0,;200,27;
141088PKR;JTA MTR RET CABE BASPACK ETORQ EVO 1.6 16V FIAT DO;0,;463,77;JOG-4_B
141090PKR;JTA MTR RET CABE BASPACK ETORQ EVO FLEX 1.8 16V JE;2,;463,77;JOG-4_C
151082PKR;JTA MTR RET CABE BASPACK F3N R11 R19 R21 R9 1.8 8V;0,;574,69;
141089PKR;JTA MTR RET CABE BASPACK FIAT DOBLO GRAND SIENA ID;2,;599,46;JOG-4_C
141087PKR;JTA MTR RET CABE BASPACK FIAT DOBLO GRAND SIENA ID;3,;521,71;JOG-4_D
141085PKR;JTA MTR RET CABE BASPACK FIAT EVO GRAND IDEA PALIO;2,;255,08;JOG-4_C
141077PKR;JTA MTR RET CABE BASPACK FIAT LINEA 1.9 16V FLEX 2;2,;352,61;JOG-4_E
141083PKR;JTA MTR RET CABE BASPACK FIAT PUNTO IDEA BRAVO LIN;1,;384,86;JOG-4_D
141086PKR;JTA MTR RET CABE BASPACK FIATDUBLO EVO GRAND IDEA;0,;254,85;JOG-4_B
131071PKR;JTA MTR RET CABE BASPACK FORD FOCUS MONDEO ZETEC 1;0,;747,01;
131074PKR;JTA MTR RET CABE BASPACK FORD FUSION 2012/2016 MOT;0,;712,76;
131017PKR;JTA MTR RET CABE BASPACK FORD MAVERICK F100 F75 JE;0,;590,95;
131081PKR;JTA MTR RET CABE BASPACK FORD NEW FIESTA ECOSPORT;2,;442,70;JOG-3_B
131069PKR;JTA MTR RET CABE BASPACK FORD NOVO FIESTA ECOSPORT;0,;578,09;
131082PKR;JTA MTR RET CABE BASPACK FORD RANGER FUSION 2013/.;2,;746,29;JOG-3_E
1210123PKR;JTA MTR RET CABE BASPACK GM CORSA CELTA VHC 1.0 8V;4,;227,96;JOG-2_E
1210136PKR;JTA MTR RET CABE BASPACK GM CORSA PRISMA MONTANA M;0,;323,56;JOG-2_C
1210119PKR;JTA MTR RET CABE BASPACK GM MERIVA FIAT STILO DOHC;0,;442,21;
1210137PKR;JTA MTR RET CABE BASPACK GM ONIX PRISMA SPE/4 1.4;2,;335,06;JOG-2_C
121021PKR;JTA MTR RET CABE BASPACK GM OPALA CARAVAN DIPLOMAT;1,;226,36;JOG-2_E
15106207PKR;JTA MTR RET CABE BASPACK HONDA CIVIC CITY CR-Z EX;2,;511,54;JOG-8_B
1510169PKR;JTA MTR RET CABE BASPACK HONDA FIT CITY JAZZ TWIN;1,;440,72;JOG-8_E
1510170PKR;JTA MTR RET CABE BASPACK HONDA FIT JAZZ VTEC L15A1;2,;631,04;JOG-8_A
1510177PKR;JTA MTR RET CABE BASPACK HYUNDAI TUCSON I30 KIA SP;2,;731,69;JOG-8_A
1510187PKR;JTA MTR RET CABE BASPACK INOX HYUNDAI HB20 I30 VEL;2,;648,87;JOG-7_B
151092PKR;JTA MTR RET CABE BASPACK KIA SPORTAGE 2.0 DIESEL;2,;577,08;JOG-6_B
151095PKR;JTA MTR RET CABE BASPACK KIA SPORTAGE RETONA 2 0 1;0,;721,03;
1510194PKR;JTA MTR RET CABE BASPACK MITSUBISHI PAJERO IO 98/.;2,;885,21;JOG-6_B
151059PKR;JTA MTR RET CABE BASPACK MWM VOLARE FORD F250 GM S;0,;445,00;
151060PKR;JTA MTR RET CABE BASPACK NISSAN SENTRA TIIDA VERSA;2,;550,94;JOG-7_C
1210124PKR;JTA MTR RET CABE BASPACK ONIX PRISMA SPE/4 1.0 201;2,;238,17;JOG-3_A
151076PKR;JTA MTR RET CABE BASPACK RENAULT CLIO SCENIC R11 R;0,;492,55;
1510179PKR;JTA MTR RET CABE BASPACK RENAULT SANDERO LOGAN 1.6;1,;663,38;JOG-6_C
1510163PKR;JTA MTR RET CABE BASPACK SUZUKI BALENO VITARA 95 0;0,;378,17;
1510154PKR;JTA MTR RET CABE BASPACK TOYOTA COROLLA PRIUS 12/.;2,;532,26;JOG-8_A
1510146PKR;JTA MTR RET CABE BASPACK TOYOTA COROLLA VVTI FILDE;2,;452,99;JOG-8_D
111089PKR;JTA MTR RET CABE BASPACK VW BORA NEW BEETLE GOLF S;0,;542,87;
111065PKR;JTA MTR RET CABE BASPACK VW GOL SAVEIRO PARATI SAN;0,;302,89;
1110116PKR;JTA MTR RET CABE BASPACK VW GOLF JETTA PASSAT TIGU;2,;705,21;JOG-1_A
111087PKR;JTA MTR RET CABE BASPACK VW GOLF PASSAT VARIANT NE;0,;1.020,87;
111081PKR;JTA MTR RET CABE BASPACK VW GOLF SR BORA AUDI A3 A;0,;684,65;
111069PKR;JTA MTR RET CABE BASPACK VW GOLF VENTO PASSAT CORR;0,;256,69;
111091PKR;JTA MTR RET CABE BASPACK VW PASSAT 2000/...MOTOR A;0,;458,32;
111083PKR;JTA MTR RET CABE BASPACK VW PASSAT ADR AFY 1.8 20V;0,;744,96;
151032PKR;JTA MTR RET CABE BASPACKGURGEL SUPER MINI;0,;338,85;
151308290;JTA MTR RET CABE MET PACK JEEP CHEROKEE GRAND CHER;0,;498,98;
141053MLR;JTA MTR RET FIAT PALIO SIENA DOBLO FIRE 1.0 1.3 16;1,;283,99;JOG-4_C
141049MLR;JTA MTR RET FIAT UNO SMART PALIO SIENA FIRE 1.0 1.;1,;240,08;JOG-4_D
111053MLRF;JTA MTR RET FLANGE ACO VW GOL SAVEIRO PARATI AT MI;1,;593,34;JOG-1_D
111053MLR;JTA MTR RET VW GOL SAVEIRO PARATI AT MI GASOLINA 1;1,;303,34;JOG-1_D
111057TMLR;JTA MTR RET VW GOL TURBO 1.0 16V 98/02;0,;424,73;
151009RFS;JTA MTR S CAB C RET C FLANGE GM S10 SPRINTER LANDR;1,;639,26;JOG-6_D
131088RFS;JTA MTR S CAB C/ RET C/ FLANGE FORD TROLLER MTR-NG;0,;1.405,12;
15106004S;JTA MTR S CAB NISSAN FRONTIER D 2013/... PATHFILDE;2,;682,90;JOG-6_D
161041RS;JTA MTR S CABE ACO INOX RET M BENZ MTR OM 906 6.4;0,;1.328,55;
1110117S;JTA MTR S CABE ACO INOX VW AMAROK 2.0 4CIL 16V MTR;2,;548,93;JOG-5_D
151007S;JTA MTR S CABE ASIA TOPIC;0,;247,60;
1510193S;JTA MTR S CABE FIAT DUCATO MULTIJET JTD IVECO 2.3;2,;563,22;JOG-7_A
151042S;JTA MTR S CABE FIAT IVECO TURBO DAILY 2.8 RENAULT;0,;484,02;JOG-6_B
151035S;JTA MTR S CABE GAX M BENS 120D 130D 140D 150D 170D;0,;485,76;
151009S;JTA MTR S CABE GM S10 BLAZER M BENS SPRI LAND ROVE;0,;232,70;
151011S;JTA MTR S CABE HYUNDAI H100 HR D4BH MITSUBISHI PAJ;0,;217,50;
15104001S;JTA MTR S CABE IVECO 35S14 3.0 16V 2008/... F30DT;0,;552,50;
151021S;JTA MTR S CABE KIA BESTA 2.2 DIESEL 92 A 97;0,;82,77;
151025S;JTA MTR S CABE KIA BESTA 2.7 DIESEL ANO ATE 97;0,;249,15;
151023S;JTA MTR S CABE KIA BESTA GS 2.7 BONGO K2700 DIESEL;0,;354,38;
151056S;JTA MTR S CABE KIA BESTA GS 3.0 GRANDE;0,;320,13;
151094S;JTA MTR S CABE KIA BONGO CERES 2.4 DIESEL 94 A 96;0,;208,73;
151071S;JTA MTR S CABE KIA K2500 PREGIO HYUNDAI HR TERRACA;0,;223,65;
161128S;JTA MTR S CABE M BENS SPRINTER C200 220 E200 MTR C;0,;322,07;
151070S;JTA MTR S CABE MITSUBISHI L200 TD L300 PAJERO HPE;1,;253,69;JOG-6_D
1510196S;JTA MTR S CABE MITSUBISHI MONTERO III PAJERO TD TR;2,;995,13;JOG-6_D
151054S;JTA MTR S CABE MITSUBISHI PAJERO NATIVA TDI 2.8 4M;0,;371,56;
151058S;JTA MTR S CABE MWM VOLARE A6 GM S10 BLAZER VW VAN;2,;319,76;JOG-6_D
15106003S;JTA MTR S CABE NISSAN FRONTIER NAVARA PATHFINDER M;0,;682,90;
151096S;JTA MTR S CABE PEUGEOT 205 306 309 405 PARTNER BOX;0,;487,43;
151048S;JTA MTR S CABE PEUGEOT 504 505 XD2 XD3 DIESEL;0,;412,49;
151005S;JTA MTR S CABE RENAULT TRAFIC DIESEL;0,;291,88;
151002S;JTA MTR S CABE RENAULT TRAFIC R21 2.0 2.2 GAS;0,;321,34;
15109610RS;JTA MTR S CABE RET CITROEN JUMPER PEUGEOT BOXER FI;0,;1.894,88;
141094RS;JTA MTR S CABE RET FIAT TORO JEEP RENEGADE COMPASS;0,;763,10;
15105609RS;JTA MTR S CABE RET KIA SORENTO 02/... MTR D4CB INJ;0,;845,74;
15105415RS;JTA MTR S CABE RET MITSUBISHI L200 TRITON 2017/...;2,;1.962,80;JOG-7_C
181123RS;JTA MTR S CABE RET MWM4.10X10 X10T X10TCA 4.3 8V D;0,;926,33;
15109608RS;JTA MTR S CABE RET PEUGEOT EXPERT CITROEN JUMPY MT;0,;735,53;
15105605S;JTA MTR S CABE S RET HYUNDAI HR 13/... KIA BONGO 1;2,;441,03;JOG-5_D
1510155S;JTA MTR S CABE S RET TOYOTA HILUX 16V 2KD 1KD TURB;2,;434,94;JOG-6_A
151050S;JTA MTR S CABE S RET TOYOTA HILUX 2.5 2L 2.8 3L 3.;3,;458,62;JOG-7_D
151064S;JTA MTR S CABE TOYOTA HILUX TD LANDCRUISER 90TD 3.;2,;485,18;JOG-7_B
111001;JTA MTR S CABE VW FUSCA BRASILIA KOMBI 1300 1500 1;5,;68,43;JOG-5_A
151008S;JTA MTR S CB ASIA TOWNER 3CIL GAS;0,;128,51;
15105602RS;JTA MTR S CB C RT C RT KIA SORENTO 02/... MTR D4CB;0,;806,66;
1210166RS;JTA MTR S CB C RT CTDI LTZ 2.8 4 CILS 16V DIESEL G;2,;1.447,66;JOG-6_D
15103405RS;JTA MTR S CB C RT DAKOTA VOYAGER CHEROKEE 2.5 8V;0,;1.139,21;
131083RS;JTA MTR S CB C RT FD RANGER TRANSIT 13/.. TRANSIT;2,;1.034,91;JOG-5_C
151042RFS;JTA MTR S CB C RT FLANGE FIAT IVECO TURBO DAILY 2.;0,;777,35;
131086RS;JTA MTR S CB C RT FORD RANGER 13/... TROLLER - T4;2,;1.192,58;JOG-5_C
131089RS;JTA MTR S CB C RT FORD RANGER MTR POWER STROKE 3 0;1,;856,11;JOG-5_D
131085RS;JTA MTR S CB C RT FORD TRANSIT MTR FAA FAB FAC FAD;2,;895,21;JOG-5_D
161104RS;JTA MTR S CB C RT GAX M BENS OM311 1111 352 1113 1;0,;730,40;
161110RS;JTA MTR S CB C RT GAX M BENS OM314 L608D INJECAO D;0,;173,09;
161106RS;JTA MTR S CB C RT GAX M BENS OM352 352A 1113 1313;0,;256,63;
161108RS;JTA MTR S CB C RT GAX M BENS OM352A 1316 1516 2216;0,;773,23;
161122RS;JTA MTR S CB C RT GAX M BENS OM364;0,;207,72;
15103402RS;JTA MTR S CB C RT JEEP GRAND CHEROKEE MTR VMDIESEL;0,;1.192,80;
161128RS;JTA MTR S CB C RT M BENS SPRINTER CDI 2.2 16 VAL M;2,;589,99;JOG-5_D
15106004RS;JTA MTR S CB C RT NISSAN CABSTAR MTR YD25DDTI 2.5;2,;1.146,99;JOG-6_D
161130RS;JTA MTR S CB C RT SPRINTER CDI LA DIESEL BI TURBO;2,;473,43;JOG-6_C
15106801RS;JTA MTR S CB C RT SUZUKI GRAND VITARA 2.0 8V DIESE;0,;947,85;
131088RS;JTA MTR S CB C/ RET FORD TROLLER MTR-NGD MWM POWER;2,;922,62;JOG-5_C
171130S;JTA MTR S CB FORD F600 CHEVROLET D60 65 DODGE D700;0,;1.229,92;
171132S;JTA MTR S CB FORD F700 F750 6358 6 CIL;0,;410,30;
131086S;JTA MTR S CB FORD RANGER 13/... TROLLER - T4 MTR D;0,;645,54;JOG-5_C
131089S;JTA MTR S CB FORD RANGER FULL BR INTERCOOLER TROLL;2,;722,09;JOG-5_D
161104S;JTA MTR S CB GAX M BENS OM311 1111 352 1113 1313 1;0,;644,35;
161110S;JTA MTR S CB GAX M BENS OM314 L608D INJECAO DIRETA;0,;136,94;
161108S;JTA MTR S CB GAX M BENS OM352A 1316 1516 2216 TURB;0,;222,22;
161120S;JTA MTR S CB GAX S BENS OM366 6 CIL;0,;167,99;
181101S;JTA MTR S CB MWM D225 227 TRATOR 3 CIL 62 A 65;0,;235,24;
181103S;JTA MTR S CB MWM D225 227 TRATOR 62 A 65 ID;0,;181,39;
181105S;JTA MTR S CB MWM D225 D700 900 950 110 6 CIL;0,;223,94;
181107S;JTA MTR S CB MWM D226 VALMET TRATOR F4000 86 MF 85;0,;201,54;
181111S;JTA MTR S CB MWM D229 4 CIL FORD VALMET;0,;201,54;
181127S;JTA MTR S CB MWM VALMET E300 D229 3 CIL;0,;150,08;
171101S;JTA MTR S CB PERKINS TRATOR 4203 8BR;0,;209,41;
171106S;JTA MTR S CB PERKINS TRATOR MASSEY FERGUSON 4203 I;0,;338,75;
171104S;JTA MTR S CB PERKINS TRATOR MF 65 CBT1000 4203 INJ;0,;209,41;
131085PK3;JTA MTR S RET C CAB BASPACK FORD DURATORQ 2.4 16V;0,;633,32;
141079MLEL;JTA MTR S RET CAB AÇO ELRING FIAT PALIO SIENA PUNT;0,;130,00;
131083ML3;JTA MTR S RET CAB ACO FORD DURATORQ PUMA TDCI (22D;0,;1.156,24;
131083PK3;JTA MTR S RET CAB BASPACK FORD DURATORQ PUMA TDCI;0,;600,62;
1510214PK;JTA MTR S RET CAB PACK MERCEDES CLASSE A 140 160 9;0,;536,10;
1510219PK;JTA MTR S RET CAB PACK MERCEDES CLASSE A 190;0,;708,33;
131085S;JTA MTR S RET S CAB FORD DURATORQ 2.4 16V DIESEL;0,;399,41;
131083S;JTA MTR S RET S CAB FORD DURATORQ PUMA TDCI (22DDO;2,;509,53;JOG-5_C
161122S;JTA MTR S RT GAX S CAB M BENS OM364;0,;173,86;
1642301;JTA MTR SPRINTER CDI LA DIESEL BI TURBO EURO 5 MB;0,;27,10;
131282MLR;JTA MTR SUP  CABE ACO C RET FORD RANGER FUSION 201;0,;648,44;
1512196ML3;JTA MTR SUP  CABE ACO INOX 0.60 C RET MITSUBISHI M;0,;1.084,79;
1512196ML3R;JTA MTR SUP  CABE ACO INOX 0.60 C RET MITSUBISHI M;0,;1.155,31;
131282PK;JTA MTR SUP  CABE BASPACK FORD RANGER FUSION 2013/;0,;541,41;
17120101MLR;JTA MTR SUP AÇO INOX 1.15MM 108.0MM PERKINS 1104B ;0,;832,69;
141291MLR;JTA MTR SUP ACO INOX C RT FREEMONT TORO JOURNEY CA;0,;905,61;
141291PKR;JTA MTR SUP BASPACK C RT FREEMONT TORO JOURNEY CAL;0,;827,40;
131275PK3R;JTA MTR SUP C CABE PK3 C RET GM S10 BLAZER M BENS;0,;637,63;
151254PK3R;JTA MTR SUP C CABE PK3 C RET MITSUBISHI PAJERO NAT;0,;504,84;
1512196PK3R;JTA MTR SUP C CABE PK3 MITSUBISHI MONTERO III PAJE;0,;1.013,77;
131285ML3R;JTA MTR SUP C RET C CAB ACO INOX FORD DURATORQ 2.4;0,;922,76;
131285PK3R;JTA MTR SUP C RET C CAB BASPACK FORD FORD DURATORQ;0,;405,31;
131283PK3R;JTA MTR SUP C RET CAB BASPACK  FORD DURATORQ PUMA;0,;826,38;
151258PKR;JTA MTR SUP C RET CABE BASPACK S10 00 A5 A8 MWM SP;0,;409,90;
131285RS;JTA MTR SUP C RET S CAB FORD FORD DURATORQ 2.4 16V;0,;468,27;
1512193RS;JTA MTR SUP C RET S CABE FIAT DUCATO MULTIJET JTD;0,;719,27;
151242RS;JTA MTR SUP C RET S CABE FIAT IVECO TURBO DAILY 2.;0,;335,06;
151209RS;JTA MTR SUP C RET S CABE GM S10 BLAZER M BENS SPRI;0,;326,16;
1512196RS;JTA MTR SUP C RET S CABE MITSUBISHI MONTERO III PA;0,;772,72;
1512155RS;JTA MTR SUP C RET S CABE TOYOTA HILUX 16V 2KD FTV;0,;574,47;
151250RS;JTA MTR SUP C RET S CABE TOYOTA HILUX 2.5 2L 2.8 3;0,;476,21;
15126706PKR;JTA MTR SUP C RT MAZDA 626 MX 6 FORD PROBE MT FS F;0,;330,24;
15126705PKR;JTA MTR SUP C RT MAZDA MX 3 MX 5 XEDOS MT B6ZE 1.6;0,;375,17;
131283ML3R;JTA MTR SUP CAB  C RET ACO INOX FORD DURATORQ PUMA;0,;940,67;
131288ML3R;JTA MTR SUP CAB ACO INOX 1.4MM C RET FORD TROLLER;0,;1.011,24;
15128602PKR;JTA MTR SUP CAB BASPACK 1.2MM RENAULT - CAPTUR DUS;0,;483,78;
15125420ML;JTA MTR SUP CABE  ACO INOX MITSUBISHI ASX OUTLANDE;0,;916,11;
131296PKR;JTA MTR SUP CABE  BASPACK C/ RET FORD MOTOR-ECOBOO;0,;503,72;
15128601MLR;JTA MTR SUP CABE ACO 0.3MM INOX RET RENAULT  MTR-;0,;392,65;
15125016MLR;JTA MTR SUP CABE ACO 1.1MM INOXTOYOTA ETIOS 04/16;0,;712,58;
151270ML3R;JTA MTR SUP CABE ACO 1.60MM C RET MITSUBISHI L200;0,;459,67;
15123801MLR;JTA MTR SUP CABE ACO C RET SSANGYONG KYRON ACTION;0,;1.007,68;
131282ML;JTA MTR SUP CABE ACO FORD RANGER FUSION 2013/...MT;0,;536,75;
15128017MLR;JTA MTR SUP CABE AÇO INOX  0,50MM HYUNDAI HB20 CRE;0,;590,86;
131278MLR;JTA MTR SUP CABE ACO INOX  RET FORD MOTOR ECOBOOST;0,;603,11;
131277ML;JTA MTR SUP CABE ACO INOX (TV ALUMINIO) FORDECOSPO;0,;374,37;
131273ML;JTA MTR SUP CABE ACO INOX (TV PLASTICO) FORD ECOSP;0,;396,85;
15128601ML;JTA MTR SUP CABE ACO INOX 0.30MM RENAULT LOGAN 2 S;1,;341,99;JOG-8_D
15125008MLR;JTA MTR SUP CABE ACO INOX 0.65MM RET TOYOTA HILUX;0,;936,53;
1412102ML;JTA MTR SUP CABE AÇO INOX 0.70MM FIAT FASTBACK PUL;0,;610,57;
1412103ML;JTA MTR SUP CABE AÇO INOX 0.70MM FIAT FASTBACK PUL;0,;621,73;
15128602ML;JTA MTR SUP CABE ACO INOX 0.70MM RENAULT CAPTUR DU;0,;536,12;
141292MLR;JTA MTR SUP CABE ACO INOX 0.70MM RET FIAT ARGO CRO;0,;366,33;
141293MLR;JTA MTR SUP CABE ACO INOX 0.70MM RET FIAT ARGO MOB;0,;591,50;
1412102MLR;JTA MTR SUP CABE AÇO INOX 0.70MM RET FIAT FASTBACK;0,;671,50;
1412103MLR;JTA MTR SUP CABE AÇO INOX 0.70MM RET FIAT FASTBACK;0,;681,55;
131292MLR;JTA MTR SUP CABE ACO INOX 0.70MM RET FORD ECOSPORT;0,;554,24;
1212173MLR;JTA MTR SUP CABE AÇO INOX 0.70MM RET GM ONIX 2G 20;0,;391,29;
1212174MLR;JTA MTR SUP CABE AÇO INOX 0.70MM RET GM TRACKER 2G;0,;581,15;
15125605ML3R;JTA MTR SUP CABE ACO INOX 0.90MM C RET HYUNDAI HR;0,;695,30;
15126003ML3R;JTA MTR SUP CABE ACO INOX 0.92 C RET NISSAN FRONTI;0,;1.171,55;
1512157ML3R;JTA MTR SUP CABE ACO INOX 0.95 C RET TOYOTA HILUX;0,;706,98;
1512155ML3R;JTA MTR SUP CABE ACO INOX 1.00 C RET TOYOTA HILUX;0,;869,66;
15125415ML3R;JTA MTR SUP CABE ACO INOX 1.15MM MITSUBISHI L200 T;0,;2.003,41;
141294ML3R;JTA MTR SUP CABE ACO INOX 1.15MM RET FIAT TORO JEE;0,;493,66;
15128009MLR;JTA MTR SUP CABE ACO INOX 1.20MM RET TAMPA PLASTIC;0,;2.023,50;
19121009ML2;JTA MTR SUP CABE ACO INOX 1.25MM 107.0MM CUMMINS V;0,;1.173,78;
19121009ML2R;JTA MTR SUP CABE ACO INOX 1.25MM 107MM RET CUMMINS;0,;1.101,82;
19121012ML3R;JTA MTR SUP CABE ACO INOX 1.25MM RET 107,0MM CUMMI;0,;1.104,84;
1512193ML3R;JTA MTR SUP CABE ACO INOX 1.30 C RET FIAT DUCATO M;0,;885,87;
181423ML3R;JTA MTR SUP CABE ACO INOX 1.40MM 113.0MM RET POR C;0,;123,68;
15124001ML3R;JTA MTR SUP CABE ACO INOX 1.40MM C RET IVECO 35S14;0,;865,01;
15124001ML3;JTA MTR SUP CABE ACO INOX 1.40MM IVECO 35S14 3.0 1;0,;713,37;
181430ML3R;JTA MTR SUP CABE ACO INOX 1.40MM RET POR 2 CIL MTR;0,;235,59;
181409ML3R;JTA MTR SUP CABE ACO INOX 1.40MM RET POR CIL MTR M;0,;104,64;
19121008ML2;JTA MTR SUP CABE ACO INOX 1.45MM 92MM;0,;469,95;
151211ML3R;JTA MTR SUP CABE ACO INOX 1.50 C RET HYUNDAI H100;0,;506,09;
131275ML3R;JTA MTR SUP CABE ACO INOX 1.60 C RET FORD RANGER T;0,;705,09;
151209ML3R;JTA MTR SUP CABE ACO INOX 1.60 C RET GM S10 BLAZER;0,;675,23;
1212118ML;JTA MTR SUP CABE AÇO INOX 1.60MM GM COBALT MERIVA;0,;217,11;
151250ML3R;JTA MTR SUP CABE ACO INOX 1.65 C RET TOYOTA HILUX;0,;691,29;
161231MLR;JTA MTR SUP CABE ACO INOX 103.5MM RET M BENS ATEGO;0,;1.058,98;
161242MLR;JTA MTR SUP CABE ACO INOX 106.5MM RET M BENS ATEGO;0,;1.639,98;
131277MLR;JTA MTR SUP CABE ACO INOX C RET (TV ALUMINIO) FORD;0,;419,05;
131273MLR;JTA MTR SUP CABE ACO INOX C RET (TV PLASTICO) FORD;0,;444,20;
1512165MLR;JTA MTR SUP CABE ACO INOX C RET CITROEN C2 C3 2002;0,;267,59;
1512183MLR;JTA MTR SUP CABE ACO INOX C RET CITROEN C4 C5 PICA;0,;702,64;
141288MLR;JTA MTR SUP CABE ACO INOX C RET FIAT  ETORQ EVO 1.;0,;536,47;
141290MLR;JTA MTR SUP CABE ACO INOX C RET FIAT ETORQ EVO FLE;0,;536,47;
141285MLR;JTA MTR SUP CABE ACO INOX C RET FIAT EVO GRAND IDE;0,;373,82;
141257MLR;JTA MTR SUP CABE ACO INOX C RET FIAT MAREA 2.0 20;0,;357,41;
141269MLR;JTA MTR SUP CABE ACO INOX C RET FIAT MAREA STILO A;0,;615,80;
141253MLR;JTA MTR SUP CABE ACO INOX C RET FIAT PALIO SIENA D;0,;326,12;
141281MLR;JTA MTR SUP CABE ACO INOX C RET FIAT PALIO SIENA M;0,;486,07;
141279MLR;JTA MTR SUP CABE ACO INOX C RET FIAT PALIO SIENA P;0,;131,21;
141249MLR;JTA MTR SUP CABE ACO INOX C RET FIAT UNO SMART PAL;0,;131,75;
131247MLR;JTA MTR SUP CABE ACO INOX C RET FORD ECOSPORT FIES;0,;343,83;
131249MLR;JTA MTR SUP CABE ACO INOX C RET FORD ESCORT ZETEC;0,;504,01;
131245MLR;JTA MTR SUP CABE ACO INOX C RET FORD FIESTA ECOSPO;0,;264,98;
131265MLR;JTA MTR SUP CABE ACO INOX C RET FORD FOCUS MONDEO;0,;508,86;
131271MLR;JTA MTR SUP CABE ACO INOX C RET FORD FOCUS MONDEO;0,;816,51;
131251MLR;JTA MTR SUP CABE ACO INOX C RET FORD MONDEO ZETEC;0,;450,10;
131269MLR;JTA MTR SUP CABE ACO INOX C RET FORD NOVO FIESTA E;0,;478,90;
131279MLR;JTA MTR SUP CABE ACO INOX C RET FORD RANGER FUSION;0,;419,05;
1212157MLR;JTA MTR SUP CABE ACO INOX C RET GM ASTRA VECTRA EL;0,;357,61;
1212159MLR;JTA MTR SUP CABE ACO INOX C RET GM ASTRA VECTRA EL;0,;351,07;
121269MLR;JTA MTR SUP CABE ACO INOX C RET GM CORSA CELTA MPF;0,;243,67;
121263MLR;JTA MTR SUP CABE ACO INOX C RET GM CORSA CELTA MPF;0,;313,20;
1212123MLR;JTA MTR SUP CABE ACO INOX C RET GM CORSA CELTA VHC;0,;253,05;
121257MLR;JTA MTR SUP CABE ACO INOX C RET GM CORSA EFI MPFI;0,;224,78;
121249MLR;JTA MTR SUP CABE ACO INOX C RET GM CORSA EFI MPFI;0,;251,78;
1212117MLR;JTA MTR SUP CABE ACO INOX C RET GM CORSA MERIVA MO;0,;243,36;
1212136MLR;JTA MTR SUP CABE ACO INOX C RET GM CORSA PRISMA MO;0,;259,13;
1212164MLR;JTA MTR SUP CABE ACO INOX C RET GM CRUZE TRACKER 1;0,;566,37;
1212119MLR;JTA MTR SUP CABE ACO INOX C RET GM MERIVA FIAT STI;0,;300,58;
121237MLR;JTA MTR SUP CABE ACO INOX C RET GM MONZA KADETT AL;0,;332,10;
121245MLR;JTA MTR SUP CABE ACO INOX C RET GM MONZA KADETT IP;0,;371,79;
1212137MLR;JTA MTR SUP CABE ACO INOX C RET GM ONIX PRISMA SPE;0,;284,95;
1212124MLR;JTA MTR SUP CABE ACO INOX C RET GM ONIX PRISMA SPE;0,;244,50;
121275MLR;JTA MTR SUP CABE ACO INOX C RET GM VECTRA ASTRA S1;0,;316,35;
1212150MLR;JTA MTR SUP CABE ACO INOX C RET GM VECTRA GSI CALI;0,;875,85;
121287MLR;JTA MTR SUP CABE ACO INOX C RET GM VECTRA S10 ASTR;0,;351,07;
1112115MLR;JTA MTR SUP CABE ACO INOX C RET GOLF NEW BEETLE PO;0,;765,18;
151212860;JTA MTR SUP CABE ACO INOX C RET HONDA ACCORD COUPE;0,;1.136,80;
15126207MLR;JTA MTR SUP CABE ACO INOX C RET HONDA CITY VTEC L1;0,;464,37;
151262MLR;JTA MTR SUP CABE ACO INOX C RET HONDA CIVIC 1.5 16;0,;600,68;
1512136MLR;JTA MTR SUP CABE ACO INOX C RET HONDA CIVIC 1.5 16;0,;467,53;
1512161MLR;JTA MTR SUP CABE ACO INOX C RET HONDA CIVIC D15Z3;0,;604,67;
1512171MLR;JTA MTR SUP CABE ACO INOX C RET HONDA CIVIC NEW CI;0,;461,27;
1512169MLR;JTA MTR SUP CABE ACO INOX C RET HONDA FIT CITY JAZ;0,;403,86;
1512170MLR;JTA MTR SUP CABE ACO INOX C RET HONDA FIT JAZZ VTE;0,;460,80;
1512185MLR;JTA MTR SUP CABE ACO INOX C RET HONDA NEW CIVIC AC;0,;525,43;
1512187ML;JTA MTR SUP CABE ACO INOX C RET HYUNDAI HB20 I30 V;0,;474,71;
1512187MLR;JTA MTR SUP CABE ACO INOX C RET HYUNDAI HB20 I30 V;0,;508,21;
1512186ML;JTA MTR SUP CABE ACO INOX C RET HYUNDAI HB20 KIA P;0,;311,47;
1512186MLR;JTA MTR SUP CABE ACO INOX C RET HYUNDAI HB20 KIA P;0,;487,75;
1512177MLR;JTA MTR SUP CABE ACO INOX C RET HYUNDAI TUCSON I30;0,;646,59;
1512194MLR;JTA MTR SUP CABE ACO INOX C RET MITSUBISHI PAJERO;0,;699,65;
1512134MLR;JTA MTR SUP CABE ACO INOX C RET PEUGEOT 206 307 PA;0,;396,09;
15129603MLR;JTA MTR SUP CABE ACO INOX C RET PEUGEOT 208 2013/.;0,;320,80;
1512141MLR;JTA MTR SUP CABE ACO INOX C RET PEUGEOT 307 406 40;0,;382,35;
1512118MLR;JTA MTR SUP CABE ACO INOX C RET RENAULT CLIO K4M 1;0,;467,61;
151286MLR;JTA MTR SUP CABE ACO INOX C RET RENAULT CLIO KANGO;0,;462,52;
151287MLR;JTA MTR SUP CABE ACO INOX C RET RENAULT CLIO KANGO;0,;358,81;
1512173MLR;JTA MTR SUP CABE ACO INOX C RET RENAULT CLIO KANGO;0,;404,08;
1512108MLR;JTA MTR SUP CABE ACO INOX C RET RENAULT LAGUNA MEG;0,;441,54;
1512179MLR;JTA MTR SUP CABE ACO INOX C RET RENAULT LOGAN 1.6;0,;423,70;
1512175MLR;JTA MTR SUP CABE ACO INOX C RET RENAULT MASTER 2.5;0,;674,30;
1512153MLR;JTA MTR SUP CABE ACO INOX C RET TOYOTA COROLLA 92;0,;728,01;
1512154ML;JTA MTR SUP CABE ACO INOX C RET TOYOTA COROLLA RAV;0,;405,31;
1512154MLR;JTA MTR SUP CABE ACO INOX C RET TOYOTA COROLLA RAV;0,;455,98;
1512146MLR;JTA MTR SUP CABE ACO INOX C RET TOYOTA COROLLA VVT;0,;523,41;
1112117ML3R;JTA MTR SUP CABE ACO INOX C RET VW AMAROK 2.0 4CIL;0,;769,38;
111289MLR;JTA MTR SUP CABE ACO INOX C RET VW BORA NEW BEETLE;0,;507,19;
1112101MLR;JTA MTR SUP CABE ACO INOX C RET VW FOX BAH BJA BLH;0,;226,69;
1112107MLR;JTA MTR SUP CABE ACO INOX C RET VW GOL GOLF PARATI;0,;958,93;
111257TMLR;JTA MTR SUP CABE ACO INOX C RET VW GOL PARATY 1.0;0,;328,73;
1112105MLR;JTA MTR SUP CABE ACO INOX C RET VW GOL POWER EA111;0,;242,02;
1112103MLR;JTA MTR SUP CABE ACO INOX C RET VW GOL POWER TREND;0,;151,58;
111261MLR;JTA MTR SUP CABE ACO INOX C RET VW GOL SANTANA SAV;0,;288,93;
111277MLR;JTA MTR SUP CABE ACO INOX C RET VW GOL SANTANA SAV;0,;417,22;
111265MLR;JTA MTR SUP CABE ACO INOX C RET VW GOL SAVEIRO PAR;0,;319,00;
111253MLR;JTA MTR SUP CABE ACO INOX C RET VW GOL SAVEIRO PAR;0,;204,83;
111257MLR;JTA MTR SUP CABE ACO INOX C RET VW GOL SAVEIRO PAR;0,;245,79;
111299MLR;JTA MTR SUP CABE ACO INOX C RET VW GOLF BAH 1.6 8V;0,;428,17;
111295MLR;JTA MTR SUP CABE ACO INOX C RET VW GOLF BORA AZD 1;0,;341,87;
111273MLR;JTA MTR SUP CABE ACO INOX C RET VW GOLF GTI MEXICA;0,;549,88;
1112116MLR;JTA MTR SUP CABE ACO INOX C RET VW GOLF JETTA PASS;0,;610,52;
111287MLR;JTA MTR SUP CABE ACO INOX C RET VW GOLF PASSAT VAR;0,;826,62;
111281MLR;JTA MTR SUP CABE ACO INOX C RET VW GOLF SR BORA AU;0,;544,20;
111269MLR;JTA MTR SUP CABE ACO INOX C RET VW GOLF VENTO PASS;0,;535,91;
1112111MLR;JTA MTR SUP CABE ACO INOX C RET VW KOMBI 1.4 8V TO;0,;226,69;
111283MLR;JTA MTR SUP CABE ACO INOX C RET VW PASSAT ADR AFY;0,;756,03;
111247MLR;JTA MTR SUP CABE ACO INOX C RET VW PASSAT GOL SANT;0,;215,87;
111223MLR;JTA MTR SUP CABE ACO INOX C RET VW SANTANA GOL PAR;0,;265,69;
131291MLR;JTA MTR SUP CABE ACO INOX C RETFORD MONDEO 2.5 24V;0,;1.506,58;
19141204MLR;JTA MTR SUP CABE ACO INOX C RT POR CIL;0,;367,49;
19141205MLR;JTA MTR SUP CABE ACO INOX C RT POR CIL SCANIA SERI;0,;266,85;
19141206MLR;JTA MTR SUP CABE ACO INOX C RT POR CIL SCANIA SERI;0,;374,81;
131296MLR;JTA MTR SUP CABE ACO INOX C/ RET FORD MOTOR-ECOBOO;0,;540,91;
15126006MLR;JTA MTR SUP CABE ACO INOX C/ RET NISSAN MARCH VERS;0,;335,65;
1512165ML;JTA MTR SUP CABE ACO INOX CITROEN C2 C3 2002/ PEUG;0,;232,44;
1512183ML;JTA MTR SUP CABE ACO INOX CITROEN C4 C5 PICASSO PE;0,;496,76;
19121019MLR;JTA MTR SUP CABE ACO INOX CUMMINS ISF 2.8 16V;0,;926,99;
19121020MLR;JTA MTR SUP CABE ACO INOX CUMMINS ISF 3.8 16V;0,;1.527,50;
141288ML;JTA MTR SUP CABE ACO INOX FIAT  ETORQ EVO 1.6 16V;0,;424,41;
141273ML;JTA MTR SUP CABE ACO INOX FIAT DOBLO BRAVA MAREA P;0,;263,60;
141287ML;JTA MTR SUP CABE ACO INOX FIAT DOBLO GRAND SIENA I;0,;323,75;
141289ML;JTA MTR SUP CABE ACO INOX FIAT DOBLO GRAND SIENA I;0,;375,58;
141290ML;JTA MTR SUP CABE ACO INOX FIAT ETORQ EVO FLEX 1.8;0,;424,41;
141285ML;JTA MTR SUP CABE ACO INOX FIAT EVO GRAND IDEA PALI;0,;231,38;
141257ML;JTA MTR SUP CABE ACO INOX FIAT MAREA 2.0 20 VAL 5;0,;390,91;
141269ML;JTA MTR SUP CABE ACO INOX FIAT MAREA STILO ABARTH;0,;504,11;
141253ML;JTA MTR SUP CABE ACO INOX FIAT PALIO SIENA DOBLO F;1,;209,58;JOG-6_C
141281ML;JTA MTR SUP CABE ACO INOX FIAT PALIO SIENA MOTOR 1;0,;474,98;
141279ML;JTA MTR SUP CABE ACO INOX FIAT PALIO SIENA PUNTO I;1,;211,50;JOG-6_C
141283ML;JTA MTR SUP CABE AÇO INOX FIAT PUNTO BRAVO LINEA 0;0,;245,47;
141249ML;JTA MTR SUP CABE ACO INOX FIAT UNO SMART PALIO SIE;0,;142,37;
131247ML;JTA MTR SUP CABE ACO INOX FORD ECOSPORT FIESTA COU;0,;171,89;
131249ML;JTA MTR SUP CABE ACO INOX FORD ESCORT ZETEC 1.8 16;0,;392,32;
131245ML;JTA MTR SUP CABE ACO INOX FORD FIESTA ECOSPORT KA;0,;146,82;
131265ML;JTA MTR SUP CABE ACO INOX FORD FOCUS MONDEO 2000/2;0,;363,67;
131271ML;JTA MTR SUP CABE ACO INOX FORD FOCUS MONDEO ZETEC;0,;462,24;
131251ML;JTA MTR SUP CABE ACO INOX FORD MONDEO ZETEC 2.0 16;0,;361,86;
131269ML;JTA MTR SUP CABE ACO INOX FORD NOVO FIESTA ECOSPOR;0,;411,39;
131289ML3;JTA MTR SUP CABE ACO INOX FORD RANGER FULL BR INTE;0,;972,62;
131279ML;JTA MTR SUP CABE ACO INOX FORD RANGER FUSION FOCUS;0,;374,37;JOG-5_C
1212157ML;JTA MTR SUP CABE ACO INOX GM ASTRA VECTRA ELITE BL;0,;327,18;
1212159ML;JTA MTR SUP CABE ACO INOX GM ASTRA VECTRA ELITE BL;0,;239,81;
121263ML;JTA MTR SUP CABE ACO INOX GM CORSA CELTA MPFI 1.0;0,;251,28;
121269ML;JTA MTR SUP CABE ACO INOX GM CORSA CELTA MPFI 1.6;0,;200,11;
1212123ML;JTA MTR SUP CABE ACO INOX GM CORSA CELTA VHC 1.0 8;0,;207,54;
121249ML;JTA MTR SUP CABE ACO INOX GM CORSA EFI MPFI 1.0 8V;0,;197,06;
121257ML;JTA MTR SUP CABE ACO INOX GM CORSA EFI MPFI 1.6 8V;0,;176,43;
1212117ML;JTA MTR SUP CABE ACO INOX GM CORSA MERIVA MONTANA;2,;198,70;JOG-6_B
1212136ML;JTA MTR SUP CABE ACO INOX GM CORSA PRISMA MONTANA;0,;200,51;
1212170ML;JTA MTR SUP CABE ACO INOX GM CRUZE 16/...TRACKER 1;2,;589,95;JOG-2_E
1212164ML;JTA MTR SUP CABE ACO INOX GM CRUZE TRACKER 1.8 4CI;0,;391,80;
1212119ML;JTA MTR SUP CABE ACO INOX GM MERIVA FIAT STILO DOH;0,;214,91;
121237ML;JTA MTR SUP CABE ACO INOX GM MONZA KADETT ALC GAS;0,;276,99;
121245ML;JTA MTR SUP CABE ACO INOX GM MONZA KADETT IPANEMA;0,;191,95;
1212173ML;JTA MTR SUP CABE AÇO INOX GM ONIX 2G 20/... MTR EC;0,;342,33;
1212124ML;JTA MTR SUP CABE ACO INOX GM ONIX PRISMA SPE/4 1.0;0,;198,99;
1212137ML;JTA MTR SUP CABE ACO INOX GM ONIX PRISMA SPE/4 1.4;0,;239,45;
1212174ML;JTA MTR SUP CABE AÇO INOX GM TRACKER 2G 2020/... M;0,;469,34;
121275ML;JTA MTR SUP CABE ACO INOX GM VECTRA ASTRA S10 MPFI;0,;264,98;
1212150ML;JTA MTR SUP CABE ACO INOX GM VECTRA GSI CALIBRA 2.;0,;508,18;
121287ML;JTA MTR SUP CABE ACO INOX GM VECTRA S10 ASTRA ZAFI;0,;280,71;
1112115ML;JTA MTR SUP CABE ACO INOX GOLF NEW BEETLE POLO MTR;0,;731,33;
151262ML;JTA MTR SUP CABE ACO INOX HONDA CIVIC 1.5 16 VAL 9;0,;429,67;
1512136ML;JTA MTR SUP CABE ACO INOX HONDA CIVIC 1.5 16 VAL D;0,;327,76;
1512161ML;JTA MTR SUP CABE ACO INOX HONDA CIVIC D15Z3 D15Z6;0,;433,64;
1512171ML;JTA MTR SUP CABE ACO INOX HONDA CIVIC NEW CIVIC FI;0,;364,10;
1512169ML;JTA MTR SUP CABE ACO INOX HONDA FIT CITY JAZZ I-DS;0,;400,51;
1512170ML;JTA MTR SUP CABE ACO INOX HONDA FIT JAZZ VTEC L15A;0,;334,79;
1512185ML;JTA MTR SUP CABE ACO INOX HONDA NEW CIVIC ACCORD C;0,;461,77;
1512177ML;JTA MTR SUP CABE ACO INOX HYUNDAI TUCSON I30 KIA S;0,;483,40;
1512194ML;JTA MTR SUP CABE ACO INOX MITSUBISHI PAJERO IO 98/;0,;557,03;
15126005ML;JTA MTR SUP CABE ACO INOX NISSAN KICKS LIVINA MARC;0,;408,11;
15126012MLR;JTA MTR SUP CABE ACO INOX NISSAN MOTOR YS23 2.3 16;0,;1.311,73;
161424ML;JTA MTR SUP CABE AÇO INOX Ø143.5MM MERCEDES OM 449;0,;103,66;
161444MLR;JTA MTR SUP CABE AÇO INOX OM 457 O400 OM457LA 12.0;0,;401,20;
161445MLR;JTA MTR SUP CABE ACO INOX OM 457 OM 457 LA 24V;0,;401,20;
111291ML;JTA MTR SUP CABE ACO INOX PASSAT 2000 MTR AZM 2.0;0,;390,19;
1512134ML;JTA MTR SUP CABE ACO INOX PEUGEOT 206 307 PARTNER;0,;310,09;
1512141ML;JTA MTR SUP CABE ACO INOX PEUGEOT 307 406 407 607;0,;304,17;
1512109ML;JTA MTR SUP CABE ACO INOX RENAULT CAPTUR DUSTER DU;0,;372,57;
1512118ML;JTA MTR SUP CABE ACO INOX RENAULT CLIO K4M 1.6 16;0,;406,47;
1512173ML;JTA MTR SUP CABE ACO INOX RENAULT CLIO KANGOO LOGA;0,;219,58;
151286ML;JTA MTR SUP CABE ACO INOX RENAULT CLIO KANGOO TWIN;0,;367,10;
151287ML;JTA MTR SUP CABE ACO INOX RENAULT CLIO KANGOO TWIN;3,;251,28;JOG-6_C
1512108ML;JTA MTR SUP CABE ACO INOX RENAULT LAGUNA MEGANE SC;0,;327,08;
1512179ML;JTA MTR SUP CABE ACO INOX RENAULT LOGAN 1.6 8 VAL;0,;357,34;
1512175ML;JTA MTR SUP CABE ACO INOX RENAULT MASTER 2.5 16 VA;0,;567,97;
1512180ML;JTA MTR SUP CABE ACO INOX RENAULT MASTER III DCI M;0,;618,74;
1212171MLR;JTA MTR SUP CABE ACO INOX RET CAMARO SS 6.2L SOHC;0,;2.253,01;
15123409MLR;JTA MTR SUP CABE ACO INOX RET CHRYSLER DODGE MOTOR;0,;1.984,31;
19121013ML2R;JTA MTR SUP CABE ACO INOX RET CUMMINS ISDE QSB 6.7;0,;3.112,31;
141283MLR;JTA MTR SUP CABE AÇO INOX RET FIAT PUNTO BRAVO LIN;0,;319,80;
131274MLR;JTA MTR SUP CABE ACO INOX RET FORD FUSION 2012/201;0,;816,21;
131297MLR;JTA MTR SUP CABE ACO INOX RET FORD NEW FIESTAS 201;0,;516,96;
1212167MLR;JTA MTR SUP CABE ACO INOX RET GM S10 LCV ECOTEC SI;0,;1.054,61;
15128015MLR;JTA MTR SUP CABE ACO INOX RET HYUNDAI HB20 MTR G3L;0,;484,36;
15128008MLR;JTA MTR SUP CABE AÇO INOX RET HYUNDAI I30 IX35 ELA;0,;715,28;
15128004MLR;JTA MTR SUP CABE ACO INOX RET HYUNDAI KIA AZERA SO;0,;1.849,80;
15128013MLR;JTA MTR SUP CABE ACO INOX RET HYUNDAI SANTA FÉ 05/;0,;1.520,68;
15128012MLR;JTA MTR SUP CABE ACO INOX RET HYUNDAI VERACRUZ GEN;0,;1.084,00;
15125611MLR;JTA MTR SUP CABE AÇO INOX RET KIA CERATO MTR 1.6 G;0,;521,85;
161240MLR;JTA MTR SUP CABE ACO INOX RET M BENS ATEGO ATRON W;0,;1.250,69;
15123501MLR;JTA MTR SUP CABE AÇO INOX RET M BENZ A200 A250 B20;0,;733,79;
15123502MLR;JTA MTR SUP CABE AÇO INOX RET M BENZ C250 E200 GLC;0,;987,59;
19121102MLR;JTA MTR SUP CABE ACO INOX RET MAN VW MOTOR MAN D08;0,;1.453,46;
161234MLR;JTA MTR SUP CABE ACO INOX RET MERCEDES SLK200 CLK2;0,;1.131,62;
15125420MLR;JTA MTR SUP CABE AÇO INOX RET MITSUBISHI ASX OUTLA;0,;951,58;
15125425MLR;JTA MTR SUP CABE AÇO INOX RET MITSUBISHI LANCER  G;0,;1.491,00;
15129605MLR;JTA MTR SUP CABE ACO INOX RET PEUGEOT CITROEN 208;0,;807,79;
1512109MLR;JTA MTR SUP CABE ACO INOX RET RENAULT CAPTUR DUSTE;0,;502,97;
1412104MLR;JTA MTR SUP CABE AÇO INOX RET TORO 2016 MTR TIGERS;0,;882,02;
15125002MLR;JTA MTR SUP CABE ACO INOX RET TOYOTA BANDEIRANTE (;0,;459,26;
15125012ML3R;JTA MTR SUP CABE ACO INOX RET TOYOTA MOTOR-1GD-FTV;0,;1.419,81;
19121101MLR;JTA MTR SUP CABE ACO INOX RET VW MAN MOTOR MAN D08;0,;1.135,98;
15129603ML;JTA MTR SUP CABE ACO INOX S RET PEUGEOT 208 2013/.;0,;259,38;
151258ML;JTA MTR SUP CABE ACO INOX S10 00/... A5 A8 MWM SPR;0,;567,17;
151258MLR;JTA MTR SUP CABE ACO INOX S10 00/... A5 A8 MWM SPR;0,;619,65;
1512153ML;JTA MTR SUP CABE ACO INOX TOYOTA COROLLA 92 99 1.8;0,;422,80;
1512146ML;JTA MTR SUP CABE ACO INOX TOYOTA COROLLA VVTI FILD;0,;389,16;
15125016ML;JTA MTR SUP CABE AÇO INOX TOYOTA ETIOS 04/16 ... Y;0,;634,39;
141299ML;JTA MTR SUP CABE AÇO INOX TP PLASTICA FIAT EVO GRA;0,;357,67;
141298ML;JTA MTR SUP CABE AÇO INOX TP PLASTICA FIAT MOBI 17;0,;264,85;
15126207ML;JTA MTR SUP CABE ACO INOX VTEC L15A7 LEA1 1.5 16V;0,;400,71;
1112117ML3;JTA MTR SUP CABE ACO INOX VW AMAROK 2.0 4CIL 16V M;0,;683,85;
111289ML;JTA MTR SUP CABE ACO INOX VW BORA NEW BEETLE GOLF;0,;499,86;
1112101ML;JTA MTR SUP CABE ACO INOX VW FOX BAH BJA BLH 03/..;0,;177,79;
1112107ML;JTA MTR SUP CABE ACO INOX VW GOL GOLF PARATI PASSA;0,;952,08;
111257TML;JTA MTR SUP CABE ACO INOX VW GOL PARATY 1.0 16V 98;0,;234,72;
1112105ML;JTA MTR SUP CABE ACO INOX VW GOL POWER EA111 1.0 1;0,;99,55;
1112103ML;JTA MTR SUP CABE ACO INOX VW GOL POWER TREND FOX M;0,;125,89;
111261ML;JTA MTR SUP CABE ACO INOX VW GOL SANTANA SAVEIRO P;0,;242,03;
111277ML;JTA MTR SUP CABE ACO INOX VW GOL SANTANA SAVEIRO P;0,;359,77;
111253ML;JTA MTR SUP CABE ACO INOX VW GOL SAVEIRO PARATI AT;6,;158,87;JOG-6_C
111257ML;JTA MTR SUP CABE ACO INOX VW GOL SAVEIRO PARATI AT;0,;158,87;
111265ML;JTA MTR SUP CABE ACO INOX VW GOL SAVEIRO PARATI SA;0,;305,57;
111299ML;JTA MTR SUP CABE ACO INOX VW GOLF BAH 1.6 8V 02/..;0,;348,71;
111295ML;JTA MTR SUP CABE ACO INOX VW GOLF BORA AZD 1.6 16V;0,;313,35;
111273ML;JTA MTR SUP CABE ACO INOX VW GOLF GTI MEXICANO 2.0;0,;321,98;
1112116ML;JTA MTR SUP CABE ACO INOX VW GOLF JETTA PASSAT TIG;0,;500,82;
111287ML;JTA MTR SUP CABE ACO INOX VW GOLF PASSAT VARIANT A;0,;694,02;
111281ML;JTA MTR SUP CABE ACO INOX VW GOLF SR BORA AUDI A3;4,;494,38;JOG-6_B
111269ML;JTA MTR SUP CABE ACO INOX VW GOLF VENTO PASSAT COR;0,;475,71;
1112111ML;JTA MTR SUP CABE ACO INOX VW KOMBI 1.4 8V TOTAL FL;0,;163,49;
111283ML;JTA MTR SUP CABE ACO INOX VW PASSAT ADR AFY AEB 1.;0,;635,80;
111247ML;JTA MTR SUP CABE ACO INOX VW PASSAT GOL SANTANA SA;0,;190,18;
111223ML;JTA MTR SUP CABE ACO INOX VW SANTANA GOL PARATI AP;0,;247,82;
15125008PKR;JTA MTR SUP CABE BASPACK  0.65MM RET TOYOTA HILUX;0,;1.032,93;
131278PKR;JTA MTR SUP CABE BASPACK  RET FORD MOTOR ECOBOOST;0,;517,12;
131277PK;JTA MTR SUP CABE BASPACK (TV ALUMINIO) FORDECOSPOS;0,;340,87;
131273PK;JTA MTR SUP CABE BASPACK (TV PLASTICO) FORD ECOSPO;0,;381,78;
15125402PKR;JTA MTR SUP CABE BASPACK 1.00MM RET MITSUBISHI MOT;0,;759,32;
141292PK;JTA MTR SUP CABE BASPACK 1.20MM FIAT ARGO CRONOS M;0,;298,17;
141293PK;JTA MTR SUP CABE BASPACK 1.20MM FIAT ARGO MOBI UNO;0,;335,69;
15129605PK;JTA MTR SUP CABE BASPACK 1.20MM PEUGEOT CITROEN 20;0,;619,04;
141292PKR;JTA MTR SUP CABE BASPACK 1.20MM RET FIAT ARGO CRON;0,;357,81;
141293PKR;JTA MTR SUP CABE BASPACK 1.20MM RET FIAT ARGO MOBI;0,;395,33;
141294PK3R;JTA MTR SUP CABE BASPACK 1.20MM RET FIAT TORO JEEP;0,;393,51;
131292PKR;JTA MTR SUP CABE BASPACK 1.20MM RET FORD ECOSPORT;0,;529,15;
1212173PKR;JTA MTR SUP CABE BASPACK 1.20MM RET GM ONIX 2G 20/;0,;391,08;
1212174PKR;JTA MTR SUP CABE BASPACK 1.20MM RET GM TRACKER 2G ;0,;446,74;
15129605PKR;JTA MTR SUP CABE BASPACK 1.20MM RET PEUGEOT CITROE;0,;744,75;
15129608PK3R;JTA MTR SUP CABE BASPACK 1.20MM RET PEUGEOT EXPERT;0,;692,47;
15128101PKR;JTA MTR SUP CABE BASPACK 1.20MM RET SMART FORTWO C;0,;668,08;
15125016PKR;JTA MTR SUP CABE BASPACK 1.20MM RET TOYOTA ETIOS 0;0,;614,29;
15128602PK;JTA MTR SUP CABE BASPACK 1.2MM RENAULT CAPTUR DUST;0,;325,30;
181423PK3R;JTA MTR SUP CABE BASPACK 1.40MM 113.0MM RET POR CI;0,;74,74;
15125605PK6R;JTA MTR SUP CABE BASPACK 1.40MM C RET HYUNDAI HR 1;0,;709,44;
151254PK3;JTA MTR SUP CABE BASPACK 1.40MM MITSUBISHI PAJERO;0,;457,92;
181409PK3R;JTA MTR SUP CABE BASPACK 1.40MM RET POR CIL MTR MW;0,;79,10;
15125608PKR;JTA MTR SUP CABE BASPACK 1.40MM RET TV PLASTICO KI;0,;614,88;
151211PK3R;JTA MTR SUP CABE BASPACK 1.50 C RET HYUNDAI H100 H;0,;412,16;
151209PK3R;JTA MTR SUP CABE BASPACK 1.60MM 92.0MM RET GM S10;0,;563,57;
19121007PKR;JTA MTR SUP CABE BASPACK 1.80MM 123.5MM RET CUMMIN;0,;1.917,22;
1512102PK;JTA MTR SUP CABE BASPACK ALFA ROMEU TWIN SPARK 145;0,;368,31;
151208PK;JTA MTR SUP CABE BASPACK ASIA TOWNER;0,;172,31;
1512239PK;JTA MTR SUP CABE BASPACK BMW 525I/626IX/325I MTR M;0,;1.365,24;
15129603PKR;JTA MTR SUP CABE BASPACK C RET PEUGEOT 208 2013/..;0,;320,80;
15123406PK;JTA MTR SUP CABE BASPACK CHRYSLER CHEROKEE DAKOTA;0,;1.186,79;
1512184PK;JTA MTR SUP CABE BASPACK CIT XANTIA ZX PGT 306 405;0,;677,81;
1512140PK;JTA MTR SUP CABE BASPACK CITROEN AZ10 ZX SAXO C15;0,;344,11;
1512165PK;JTA MTR SUP CABE BASPACK CITROEN C2 C3 2002/ PEUGE;0,;170,67;JOG-6_C
1512183PK;JTA MTR SUP CABE BASPACK CITROEN C4 C5 PICASSO PEU;0,;466,37;
1512144PK;JTA MTR SUP CABE BASPACK CITROEN XM XANTIA XSARA E;0,;397,39;
1512181PK;JTA MTR SUP CABE BASPACK CITROEN XSARA SAXO ZX PEU;0,;409,49;
19121004PK;JTA MTR SUP CABE BASPACK CUMMINS SERIE B 4B/4BTA;0,;680,14;
19121006PK;JTA MTR SUP CABE BASPACK CUMMINS SERIE B 6BT 6BTAA;0,;716,17;
15123405PK;JTA MTR SUP CABE BASPACK DODGE DAKOTA CHEROKEE 2 5;0,;1.041,56;
151220PK;JTA MTR SUP CABE BASPACK EFFA TOWNER HAFEI TOWNER;0,;272,27;
151276PK;JTA MTR SUP CABE BASPACK F1N F2N CLIO R11 R19 R21;0,;244,43;
141288PK;JTA MTR SUP CABE BASPACK FIAT  ETORQ EVO 1.6 16V F;0,;252,97;
141201PK;JTA MTR SUP CABE BASPACK FIAT 147 OGGI UNO PREMIO;0,;95,58;
141273PK;JTA MTR SUP CABE BASPACK FIAT BRAVA MAREA PALIO SI;0,;195,81;
141287PK;JTA MTR SUP CABE BASPACK FIAT DOBLO GRAND SIENA ID;1,;319,68;JOG-6_C
141289PK;JTA MTR SUP CABE BASPACK FIAT DOBLO GRAND SIENA ID;0,;347,61;
141290PK;JTA MTR SUP CABE BASPACK FIAT ETORQ EVO FLEX 1.8 1;0,;361,33;
141285PK;JTA MTR SUP CABE BASPACK FIAT EVO GRAND IDEA PALIO;0,;184,29;
141277PK;JTA MTR SUP CABE BASPACK FIAT LINEA 2007/... 1.9 1;0,;195,81;
141257PK;JTA MTR SUP CABE BASPACK FIAT MAREA 2.0 20 VAL 5 C;0,;226,97;JOG-5_C
141265PK;JTA MTR SUP CABE BASPACK FIAT MAREA BRAVA 1.8 16 V;0,;213,14;
141229PK;JTA MTR SUP CABE BASPACK FIAT PALIO MILLE SMART MP;0,;90,89;
141233PK;JTA MTR SUP CABE BASPACK FIAT PALIO SIENA BRAVA 1.;0,;153,52;
141253PK;JTA MTR SUP CABE BASPACK FIAT PALIO SIENA DOBLO FI;2,;152,02;JOG-6_C
141279PK;JTA MTR SUP CABE BASPACK FIAT PALIO SIENA PUNTO ID;0,;124,35;
141283PK;JTA MTR SUP CABE BASPACK FIAT PUNTO IDEA BRAVO LIN;0,;220,36;
141221PK;JTA MTR SUP CABE BASPACK FIAT TEMPRA 2.0 16 VAL;0,;135,53;
141225PK;JTA MTR SUP CABE BASPACK FIAT TEMPRA 2.0 8 VAL;0,;117,45;
141245PK;JTA MTR SUP CABE BASPACK FIAT TIPO 2.0 16 VAL;0,;141,99;
141241PK;JTA MTR SUP CABE BASPACK FIAT TIPO 2.0 8 VAL;0,;126,92;
141237PK;JTA MTR SUP CABE BASPACK FIAT TIPO PALIO 1.6 8 VAL;0,;104,50;
141209PK;JTA MTR SUP CABE BASPACK FIAT UNO MILLE FIORINO PI;0,;163,68;
141205PK;JTA MTR SUP CABE BASPACK FIAT UNO MILLE PREMIO FIO;0,;114,03;
141213PK;JTA MTR SUP CABE BASPACK FIAT UNO PREMIO ELBA 1500;0,;95,51;
141217PK;JTA MTR SUP CABE BASPACK FIAT UNO PREMIO ELBA 1600;0,;114,03;
141249PK;JTA MTR SUP CABE BASPACK FIAT UNO SMART PALIO SIEN;0,;134,29;JOG-6_C
131205PK;JTA MTR SUP CABE BASPACK FORD CORCEL BELINA I 1.3;0,;104,64;
131237PK;JTA MTR SUP CABE BASPACK FORD CORCEL BELINA II ALC;0,;100,49;
131292PK;JTA MTR SUP CABE BASPACK FORD ECOSPORT 17/... KA K;0,;504,18;
131247PK;JTA MTR SUP CABE BASPACK FORD ECOSPORT FIESTA COUR;1,;234,46;JOG-6_C
131213PK;JTA MTR SUP CABE BASPACK FORD ESCORT CORCEL DEL RE;0,;114,03;
131209PK;JTA MTR SUP CABE BASPACK FORD ESCORT DEL REY 83 1.;0,;81,56;
131249PK;JTA MTR SUP CABE BASPACK FORD ESCORT ZETEC 1.8 16V;0,;256,93;
131243PK;JTA MTR SUP CABE BASPACK FORD FIESTA COURIER ZETEC;0,;243,24;
131245PK;JTA MTR SUP CABE BASPACK FORD FIESTA ECOSPORT KA Z;0,;199,97;
131229PK;JTA MTR SUP CABE BASPACK FORD FIESTA KA COURIER EN;0,;135,08;
131233PK;JTA MTR SUP CABE BASPACK FORD FIESTA KA ENDURA NAC;0,;117,45;
131265PK;JTA MTR SUP CABE BASPACK FORD FOCUS MONDEO 2000/20;0,;276,51;
131271PK;JTA MTR SUP CABE BASPACK FORD FOCUS MONDEO ZETEC 1;0,;351,09;
1512191PK;JTA MTR SUP CABE BASPACK FORD MAX FALCON F100 FAIR;0,;675,34;
131251PK;JTA MTR SUP CABE BASPACK FORD MONDEO ZETEC 2.0 16V;0,;241,89;
131281PK;JTA MTR SUP CABE BASPACK FORD NEW FIESTA ECOSPORT;0,;236,47;
131269PK;JTA MTR SUP CABE BASPACK FORD NOVO FIESTA ECOSPORT;0,;212,22;
131261PK;JTA MTR SUP CABE BASPACK FORD RANGER AEROSTAR 3.0;0,;911,16;
131264PK;JTA MTR SUP CABE BASPACK FORD RANGER AEROSTAR 3.8;0,;1.379,73;
131253PK;JTA MTR SUP CABE BASPACK FORD RANGER EXPLORE V6 4.;0,;499,86;
131279PK;JTA MTR SUP CABE BASPACK FORD RANGER FUSION FOCUS;0,;389,00;
131259PK;JTA MTR SUP CABE BASPACK FORD RANGER SOHC 2.3 2.5;0,;530,33;
121205PK;JTA MTR SUP CABE BASPACK GM CHEVETTE JUNIOR GAS 1.;0,;104,88;
121201PK;JTA MTR SUP CABE BASPACK GM CHEVETTE MARAJO ALC GA;0,;114,05;
121293PK;JTA MTR SUP CABE BASPACK GM CORSA 1.0 16V;0,;136,79;
121299PK;JTA MTR SUP CABE BASPACK GM CORSA 1.6 16V;0,;157,78;
121263PK;JTA MTR SUP CABE BASPACK GM CORSA CELTA MPFI 1.0 0;0,;84,82;
121269PK;JTA MTR SUP CABE BASPACK GM CORSA CELTA MPFI 1.6 0;0,;97,21;
1212123PK;JTA MTR SUP CABE BASPACK GM CORSA CELTA VHC 1.0 8V;0,;125,78;
121249PK;JTA MTR SUP CABE BASPACK GM CORSA EFI MPFI 1.0 8V;0,;102,43;
121253PK;JTA MTR SUP CABE BASPACK GM CORSA EFI MPFI 1.4 8V;0,;121,17;
121257PK;JTA MTR SUP CABE BASPACK GM CORSA EFI MPFI 1.6 8V;0,;97,22;
1212117PK;JTA MTR SUP CABE BASPACK GM CORSA MERIVA MONTANA F;0,;150,53;
1212136PK;JTA MTR SUP CABE BASPACK GM CORSA PRISMA MONTANA O;0,;172,67;
1212164PK;JTA MTR SUP CABE BASPACK GM CRUZE TRACKER 1.8 4CIL;1,;394,27;JOG-6_C
1212119PK;JTA MTR SUP CABE BASPACK GM MERIVA FIAT STILO DOHC;0,;268,24;
121229PK;JTA MTR SUP CABE BASPACK GM MONZA ALC GAS 1.6 82/8;0,;104,88;
121237PK;JTA MTR SUP CABE BASPACK GM MONZA KADETT ALC GAS 1;0,;104,88;
121245PK;JTA MTR SUP CABE BASPACK GM MONZA KADETT IPANEMA 9;0,;154,70;
121233PK;JTA MTR SUP CABE BASPACK GM MONZA KADETT IPANEMA A;0,;114,03;
121241PK;JTA MTR SUP CABE BASPACK GM MONZA KADETT IPANEMA E;0,;152,72;
1212121PK;JTA MTR SUP CABE BASPACK GM OMEGA A CIH 6CIL 3.0 1;0,;748,31;
1212115PK;JTA MTR SUP CABE BASPACK GM OMEGA SILVERADO 6CIL 4;0,;357,02;
1212173PK;JTA MTR SUP CABE BASPACK GM ONIX 2G 20/... MTR ECO;0,;317,30;
1212124PK;JTA MTR SUP CABE BASPACK GM ONIX PRISMA SPE/4 1.0;0,;104,15;
1212137PK;JTA MTR SUP CABE BASPACK GM ONIX PRISMA SPE/4 1.4;0,;223,38;
121213PK;JTA MTR SUP CABE BASPACK GM OPALA 2.5 68 73 MOTOR;0,;144,16;
121209PK;JTA MTR SUP CABE BASPACK GM OPALA 90 CARAVAN 151 A;0,;144,67;
121217PK;JTA MTR SUP CABE BASPACK GM OPALA CARAVAN CAMINHAO;0,;167,50;
1212105PK;JTA MTR SUP CABE BASPACK GM S10 BLAZER VORTEC GAS;0,;390,39;
1212155PK;JTA MTR SUP CABE BASPACK GM SS10 VORTEC 6CIL 4.3 A;0,;854,80;
1212174PK;JTA MTR SUP CABE BASPACK GM TRACKER 2G 2020/... MT;0,;380,11;
121275PK;JTA MTR SUP CABE BASPACK GM VECTRA ASTRA S10 MPFI;0,;181,46;
1212150PK;JTA MTR SUP CABE BASPACK GM VECTRA GSI CALIBRA 2.0;0,;424,42;
121287PK;JTA MTR SUP CABE BASPACK GM VECTRA S10 ASTRA ZAFIR;0,;147,54;
111299PK;JTA MTR SUP CABE BASPACK GOLF 2001/... SEAT IBIZA;0,;198,61;
1512136PK;JTA MTR SUP CABE BASPACK HONDA CIVIC 1.5 16 VAL D1;0,;269,01;
1512161PK;JTA MTR SUP CABE BASPACK HONDA CIVIC D15Z3 D15Z6 D;0,;395,57;
1512171PK;JTA MTR SUP CABE BASPACK HONDA CIVIC NEW CIVIC FIT;0,;357,75;
151262PK;JTA MTR SUP CABE BASPACK HONDA CIVIC VTEC FERIO 16;0,;391,18;
1512169PK;JTA MTR SUP CABE BASPACK HONDA FIT (BRASIL) CITY J;0,;381,69;
1512170PK;JTA MTR SUP CABE BASPACK HONDA FIT JAZZ VTEC L15A1;0,;333,38;
1512185PK;JTA MTR SUP CABE BASPACK HONDA NEW CIVIC ACCORD CR;0,;335,75;
1512187PK;JTA MTR SUP CABE BASPACK HYUNDAI HB20 I30 VELOSTER;0,;368,80;
1512186PK;JTA MTR SUP CABE BASPACK HYUNDAI HB20 KIA PICANTO;0,;292,90;
15128008PK;JTA MTR SUP CABE BASPACK HYUNDAI I30 ELANTRA CRETA;0,;574,64;
15128004PKR;JTA MTR SUP CABE BASPACK HYUNDAI KIA MOTOR-G6DB MP;0,;805,27;
1512177PK;JTA MTR SUP CABE BASPACK HYUNDAI TUCSON I30 KIA SP;0,;415,84;
15128006PK;JTA MTR SUP CABE BASPACK HYUNDAI TUCSON SONATA KIA;0,;280,21;
15128306PK;JTA MTR SUP CABE BASPACK LIFAN 530 MTR LF479Q2B 1.;0,;321,66;
15128308PK;JTA MTR SUP CABE BASPACK LIFAN 620 MTR LF481Q3 1.6;0,;295,98;
1512214PK;JTA MTR SUP CABE BASPACK MERCEDES CLASSE A 140 160;0,;446,75;
1512219PK;JTA MTR SUP CABE BASPACK MERCEDES CLASSE A 190;0,;581,36;
1512194PK;JTA MTR SUP CABE BASPACK MITSUBISHI PAJERO IO 98/.;0,;487,53;
151254PK;JTA MTR SUP CABE BASPACK MITSUBISHI PAJERO NATIVA;0,;431,56;
151260PK;JTA MTR SUP CABE BASPACK NISSAN SENTRA TIIDA VERSA;0,;255,25;
111291PK;JTA MTR SUP CABE BASPACK PASSAT 2000 MTR AZM 2.0 8;0,;334,34;
1512138PK;JTA MTR SUP CABE BASPACK PEUG 106 309 105 93/ CITR;0,;334,81;
1512128PK;JTA MTR SUP CABE BASPACK PEUGEOT 106 205 306 309 C;0,;326,76;
1512134PK;JTA MTR SUP CABE BASPACK PEUGEOT 206 307 PARTNER C;0,;263,11;
1512120PK;JTA MTR SUP CABE BASPACK PEUGEOT 306 405 406 2.0 8;0,;308,88;
1512100PK;JTA MTR SUP CABE BASPACK PEUGEOT 306 405 GRI SRI S;0,;451,75;
151298PK;JTA MTR SUP CABE BASPACK PEUGEOT 306 406 CITROEN X;0,;353,93;
1512141PK;JTA MTR SUP CABE BASPACK PEUGEOT 307 406 407 607 8;1,;293,00;JOG-6_C
141269PK;JTA MTR SUP CABE BASPACK PLASTICO FIAT MAREA STILO;0,;279,12;
1512109PK;JTA MTR SUP CABE BASPACK RENAULT CAPTUR DUSTER DUS;0,;361,40;
1512116PK;JTA MTR SUP CABE BASPACK RENAULT CLIO II KANGOO K7;0,;280,79;
1512118PK;JTA MTR SUP CABE BASPACK RENAULT CLIO K4M 1.6 16 V;0,;322,79;
1512173PK;JTA MTR SUP CABE BASPACK RENAULT CLIO KANGOO LOGAN;0,;170,07;
151287PK;JTA MTR SUP CABE BASPACK RENAULT CLIO KANGOO TWING;0,;223,75;
151286PK;JTA MTR SUP CABE BASPACK RENAULT CLIO KANGOO TWING;0,;211,96;
151284PK;JTA MTR SUP CABE BASPACK RENAULT CLIO LAGUNA R19 R;0,;318,41;
1512114PK;JTA MTR SUP CABE BASPACK RENAULT CLIO MEGANE SCENI;0,;280,79;
1512110PK;JTA MTR SUP CABE BASPACK RENAULT CLIO MEGANE SCENI;0,;213,60;
151274PK;JTA MTR SUP CABE BASPACK RENAULT CLIO R19 C3L 1.6;0,;254,98;
151282PK;JTA MTR SUP CABE BASPACK RENAULT CLIO R19 R21 SUPE;0,;315,13;
151272PK;JTA MTR SUP CABE BASPACK RENAULT CLIO R9 R11 R19 R;0,;243,13;
151279PK;JTA MTR SUP CABE BASPACK RENAULT CLIO SUPERCINCO E;0,;248,08;
151278PK;JTA MTR SUP CABE BASPACK RENAULT CLIO TWINGO 1300;0,;277,09;
1512108PK;JTA MTR SUP CABE BASPACK RENAULT LAGUNA MEGANE SCE;0,;315,91;
1512180PK;JTA MTR SUP CABE BASPACK RENAULT MASTER III DCI MT;0,;580,00;
1512179PK;JTA MTR SUP CABE BASPACK RENAULT SANDERO LOGAN 1.6;0,;305,32;
15128303PKR;JTA MTR SUP CABE BASPACK RET CHERY CIELO TIGGO MTR;0,;697,71;
15128302PKR;JTA MTR SUP CABE BASPACK RET CHERY MOTOR-SQR473 1.;0,;695,83;
15128301PKR;JTA MTR SUP CABE BASPACK RET CHERY QQ MTR SQ472F 1;0,;687,66;
15128304PKR;JTA MTR SUP CABE BASPACK RET CHERY QQ MTR SQR371F;0,;547,30;
15123409PKR;JTA MTR SUP CABE BASPACK RET CHRYSLER DODGE MOTOR;0,;1.895,89;
15123412PKR;JTA MTR SUP CABE BASPACK RET CHRYSLER GRAN CARAVAN;0,;758,31;
19121004PKR;JTA MTR SUP CABE BASPACK RET CUMMINS SERIE B 4B/4B;0,;674,80;
141297PKR;JTA MTR SUP CABE BASPACK RET FIAT TORO 2016/... JE;0,;813,69;
131297PKR;JTA MTR SUP CABE BASPACK RET FORD NEW FIESTAS 2016;0,;516,96;
15126227PKR;JTA MTR SUP CABE BASPACK RET HONDA ACCORD LEGEND M;0,;1.203,94;
1512185PKR;JTA MTR SUP CABE BASPACK RET HONDA NEW CIVIC 2006/;0,;428,26;
15128013PKR;JTA MTR SUP CABE BASPACK RET HYUNDAI SANTA FÉ 05/1;0,;1.562,27;
15128009PKR;JTA MTR SUP CABE BASPACK RET HYUNDAI SANTA FE KIA;0,;1.669,61;
15128003PKR;JTA MTR SUP CABE BASPACK RET HYUNDAI SONATA 02/04;0,;880,77;
15128016PKR;JTA MTR SUP CABE BASPACK RET HYUNDAI TUCSON 04/11;0,;615,63;
15128006PKR;JTA MTR SUP CABE BASPACK RET HYUNDAI TUCSON SONATA;0,;360,27;
15128012PKR;JTA MTR SUP CABE BASPACK RET HYUNDAI VERACRUZ GENE;0,;1.048,74;
15128008PKR;JTA MTR SUP CABE BASPACK RET I30 ELANTRA CRETA MTR;1,;658,86;JOG-6_C
15128306PKR;JTA MTR SUP CABE BASPACK RET LIFAN 530 MTR LF479Q2;0,;361,03;
161246PKR;JTA MTR SUP CABE BASPACK RET MBENS 300SE C280 CLK3;0,;1.620,81;
15125407PKR;JTA MTR SUP CABE BASPACK RET MITISUBISH ECLIPSE MO;0,;759,32;
15125413PKR;JTA MTR SUP CABE BASPACK RET MITSUBISHI AIRTREK EC;0,;693,09;
15125420PKR;JTA MTR SUP CABE BASPACK RET MITSUBISHI ASX OUTLAN;0,;833,20;
15125408PKR;JTA MTR SUP CABE BASPACK RET MITSUBISHI L200 TRITO;0,;563,21;
15125403PKR;JTA MTR SUP CABE BASPACK RET MITSUBISHI PAJERO 300;0,;843,00;
1512109PKR;JTA MTR SUP CABE BASPACK RET RENAULT CAPTUR DUSTER;0,;491,80;
1512180PKR;JTA MTR SUP CABE BASPACK RET RENAULT MASTER III DC;0,;670,24;
15126806PKR;JTA MTR SUP CABE BASPACK RET SUZUKI VITARA CANVAS ;0,;1.396,58;
1412104PKR;JTA MTR SUP CABE BASPACK RET TORO 2016 MTR TIGERSH;0,;789,99;
15125019PKR;JTA MTR SUP CABE BASPACK RET TOYOTA HILUX MTR 2TZF;0,;1.568,75;
19121014PK;JTA MTR SUP CABE BASPACK RET TV NA CUMMINS L10 ISM;0,;5.192,97;
1112122PKR;JTA MTR SUP CABE BASPACK RET VW BORA JETTA NEW BEE;0,;522,42;
15128007PKR;JTA MTR SUP CABE BASPACK RETHYUNDAI SANTA FÉ 00/06;0,;1.048,74;
151258PK;JTA MTR SUP CABE BASPACK S10 00 A5 A8 MWM SPRINT4;0,;357,41;
151218PK;JTA MTR SUP CABE BASPACK SUZUKI DONGAM SJ410 JIMNY;0,;271,13;
1512104PK;JTA MTR SUP CABE BASPACK SUZUKI VITARA SIDEKICK 95;0,;234,55;
1512106PK;JTA MTR SUP CABE BASPACK TOYOTA COROLLA 1.6 16 VAL;0,;270,91;
1512153PK;JTA MTR SUP CABE BASPACK TOYOTA COROLLA 92 99 1.8;0,;351,92;
1512154PK;JTA MTR SUP CABE BASPACK TOYOTA COROLLA PRIUS 07/.;0,;395,19;
1512146PK;JTA MTR SUP CABE BASPACK TOYOTA COROLLA VVTI FILDE;0,;328,76;
15125016PK;JTA MTR SUP CABE BASPACK TOYOTA ETIOS 04/16 ... YA;0,;536,10;
141299PK;JTA MTR SUP CABE BASPACK TP PLASTICA FIAT EVO GRAN;0,;303,20;
141298PK;JTA MTR SUP CABE BASPACK TP PLASTICA FIAT MOBI 17/;0,;220,33;
15126207PK;JTA MTR SUP CABE BASPACK VTEC L15A7 LEA1 1.5 16V H;0,;346,24;
1112122PK;JTA MTR SUP CABE BASPACK VW BORA JETTA NEW BEETLE;0,;356,66;
111289PK;JTA MTR SUP CABE BASPACK VW BORA NEW BEETLE GOLF S;0,;389,23;
1112101PK;JTA MTR SUP CABE BASPACK VW FOX BAH BJA BLH 03/...;0,;130,68;
111239PK;JTA MTR SUP CABE BASPACK VW GOL FORD ESCORT HOBBY;0,;111,25;
1112105PK;JTA MTR SUP CABE BASPACK VW GOL POWER EA111 1.0 16;0,;85,93;
1112103PK;JTA MTR SUP CABE BASPACK VW GOL POWER TREND FOX MO;0,;113,38;
111277PK;JTA MTR SUP CABE BASPACK VW GOL SANTANA SAVEIRO PA;0,;209,72;
111261PK;JTA MTR SUP CABE BASPACK VW GOL SANTANA SAVEIRO PA;0,;123,61;
111257PK;JTA MTR SUP CABE BASPACK VW GOL SAVEIRO PARATI AT;0,;145,08;
111253PK;JTA MTR SUP CABE BASPACK VW GOL SAVEIRO PARATI AT;1,;110,43;JOG-6_C
111265PK;JTA MTR SUP CABE BASPACK VW GOL SAVEIRO PARATI SAN;0,;159,08;
111295PK;JTA MTR SUP CABE BASPACK VW GOLF BORA AZD 1.6 16V;0,;208,38;
111273PK;JTA MTR SUP CABE BASPACK VW GOLF GTI MEXICANO 2.0;0,;255,27;
1112116PK;JTA MTR SUP CABE BASPACK VW GOLF JETTA PASSAT TIGU;0,;398,71;
111287PK;JTA MTR SUP CABE BASPACK VW GOLF PASSAT VARIANT A3;0,;528,30;
111281PK;JTA MTR SUP CABE BASPACK VW GOLF SR BORA AUDI A3 A;0,;457,20;
111269PK;JTA MTR SUP CABE BASPACK VW GOLF VENTO PASSAT CORR;0,;165,20;
1112111PK;JTA MTR SUP CABE BASPACK VW KOMBI 1.4 8V TOTAL FLE;0,;91,73;
111219PK;JTA MTR SUP CABE BASPACK VW KOMBI 1.6 DIESEL 3 PIC;0,;216,32;
111283PK;JTA MTR SUP CABE BASPACK VW PASSAT ADR AFY AEB 1.8;0,;469,90;
111247PK;JTA MTR SUP CABE BASPACK VW PASSAT GOL SANTANA SAV;4,;118,16;JOG-6_C
111207PK;JTA MTR SUP CABE BASPACK VW PASSAT GOL VOYAGE ALC;0,;104,88;
111211PK;JTA MTR SUP CABE BASPACK VW PASSAT TS VOYAGE MTR M;0,;104,62;
111223PK;JTA MTR SUP CABE BASPACK VW SANTANA GOL PARATI AP;0,;117,45;
15129603PK;JTA MTR SUP CABE PACK S RET PGT 208 2013/...CITROE;0,;259,38;
131292ML;JTA MTR SUP CB ACO 0.70MM FORD ECOSPORT 17/... KA;0,;541,39;
141293ML;JTA MTR SUP CB ACO 0.7MM FIAT ARGO MOBI UNO CRONOS;0,;490,12;
181409ML3;JTA MTR SUP CB ACO 1.40MM POR CIL MTR MWM D229;0,;92,93;
1112126PKR;JTA MTR SUP CB ACO BASPACK C RT AUDI A1 A3 A5 A6 T;0,;516,00;
1512157ML3;JTA MTR SUP CB ACO INOX  0.95 TOYOTA HILUX 16V 2KD;0,;561,79;
15129605ML;JTA MTR SUP CB ACO INOX 0.7MM S RET PEUGEOT CITROE;0,;636,91;
15126003ML3;JTA MTR SUP CB ACO INOX 0.92 NISSAN FRONTIER PARTH;0,;652,23;
151264ML3;JTA MTR SUP CB ACO INOX 0.95MM ? 97MM TOYOTA HILUX;0,;457,85;
131289ML2R;JTA MTR SUP CB ACO INOX 1,30MM C RT FORD RANGER FU;0,;802,96;
181430ML3;JTA MTR SUP CB ACO INOX 1,40MM POR 2 CIL MTR MWM X;0,;232,48;
1512155ML3;JTA MTR SUP CB ACO INOX 1.00 TOY HILUX 16V 2KD FTV;0,;605,04;
1512193ML3;JTA MTR SUP CB ACO INOX 1.30 FIAT DUCATO MULTIJET;0,;658,23;
151209ML1;JTA MTR SUP CB ACO INOX 1.35MM GM S10 BLAZER M BEN;0,;511,30;
181423ML3;JTA MTR SUP CB ACO INOX 1.40MM Ø 113,0MM POR CIL M;0,;114,77;
151209ML3;JTA MTR SUP CB ACO INOX 1.60MM GM S10 BLAZER M BEN;0,;517,08;
161230ML;JTA MTR SUP CB ACO INOX 2.2MM S RT SPRINTER CDI LA;0,;1.224,45;
141297MLR;JTA MTR SUP CB ACO INOX C RET FIAT TORO 2016/... M;0,;857,06;
15123411MLR;JTA MTR SUP CB ACO INOX C RET JEEP COMPASS 17/...M;0,;736,48;
15123410MLR;JTA MTR SUP CB ACO INOX C RET JEEP COMPASS 2011/20;0,;671,26;
161228MLR;JTA MTR SUP CB ACO INOX C RET M BENS SPRINTER C200;0,;523,24;
15125411MLR;JTA MTR SUP CB ACO INOX C RET MITSUBISHI ASX 10/18;0,;1.004,60;
15125412MLR;JTA MTR SUP CB ACO INOX C RET MITSUBISHI OUTLANDER;0,;804,77;
151264ML3R;JTA MTR SUP CB ACO INOX C RT 0.95MM ? 97MM TOYOTA;0,;695,30;
1212118MLR;JTA MTR SUP CB ACO INOX C RT 1,6MM GM COBALT MERIV;0,;262,61;
161230MLR;JTA MTR SUP CB ACO INOX C RT 2.2MM SPRINTER CDI LA;0,;726,35;
191206MLR;JTA MTR SUP CB ACO INOX C RT 6B/BT 5.9L;0,;490,74;
15126205MLR;JTA MTR SUP CB ACO INOX C RT ACURA CL HONDA ACCORD;0,;880,55;
1112121MLR;JTA MTR SUP CB ACO INOX C RT AUDI A1 A3 A5 A6 TT Q;0,;481,31;
1112126MLR;JTA MTR SUP CB ACO INOX C RT AUDI A1 A3 A5 A6 TT Q;0,;536,10;
1112119MLR;JTA MTR SUP CB ACO INOX C RT AUDI A4 A6 AVANT 2.4;0,;3.442,48;
15123301MLR;JTA MTR SUP CB ACO INOX C RT BMW 116I 316I 1.6 16V;0,;962,61;
15123302MLR;JTA MTR SUP CB ACO INOX C RT BMW 120I 118I 320I 31;0,;2.091,21;
15123304MLR;JTA MTR SUP CB ACO INOX C RT BMW 323I 325I 523I Z3;0,;2.728,91;
15123309MLR;JTA MTR SUP CB ACO INOX C RT BMW 323I 523I 325I X3;0,;3.471,64;
15123308MLR;JTA MTR SUP CB ACO INOX C RT BMW 323I 523I Z3I Z4I;0,;1.648,72;
1212161MLR;JTA MTR SUP CB ACO INOX C RT CHEVROLET CAPTIVA OME;0,;781,81;
15129604MLR;JTA MTR SUP CB ACO INOX C RT CITROEN AIRCROSS C3 C;0,;639,67;
15125603MLR;JTA MTR SUP CB ACO INOX C RT CRYSLER CIRRUS I NEON;0,;2.058,97;
15123401MLR;JTA MTR SUP CB ACO INOX C RT CRYSLER PT CRUISER MT;0,;961,90;
15125405MLR;JTA MTR SUP CB ACO INOX C RT CRYSLER SEBRING STRAT;0,;1.304,90;
15125403MLR;JTA MTR SUP CB ACO INOX C RT CRYSLER STEALT MITSUB;0,;2.356,92;
1212166ML3R;JTA MTR SUP CB ACO INOX C RT CTDI LTZ 2.8 4 CILS 1;0,;1.410,22;
19121008ML2R;JTA MTR SUP CB ACO INOX C RT CUMMINS 4ISBE3.9L;0,;1.014,22;
19121012ML2R;JTA MTR SUP CB ACO INOX C RT CUMMINS ISDE QSB 4.5L;0,;933,38;
19121013ML3R;JTA MTR SUP CB ACO INOX C RT CUMMINS ISDE QSB 6.7L;0,;2.005,84;
141296MLR;JTA MTR SUP CB ACO INOX C RT FIAT ARGO CRONOS DOBL;0,;806,57;
141295MLR;JTA MTR SUP CB ACO INOX C RT FIAT GRAND SIENA PALI;0,;507,42;
131280MLR;JTA MTR SUP CB ACO INOX C RT FORD ENDEAVOUR EVERES;0,;882,34;
131293MLR;JTA MTR SUP CB ACO INOX C RT FORD F250 256 4 2 24V;0,;2.068,71;
131290MLR;JTA MTR SUP CB ACO INOX C RT FORD KA KA+ NEW FIEST;0,;385,17;
15126702MLR;JTA MTR SUP CB ACO INOX C RT FORD PROBE MAZDA 626;0,;901,66;
131286ML3R;JTA MTR SUP CB ACO INOX C RT FORD RANGER 13/... TR;0,;1.671,17;
131289ML3R;JTA MTR SUP CB ACO INOX C RT FORD RANGER FULL BR I;0,;1.228,78;
1212162MLR;JTA MTR SUP CB ACO INOX C RT GM CAPTIVA 2.4 16V EC;0,;1.771,90;
1212160MLR;JTA MTR SUP CB ACO INOX C RT GM DOHC 3.2 24V V6;0,;592,34;
1212163MLR;JTA MTR SUP CB ACO INOX C RT GM TRACKER SUZUKI GRA;0,;653,74;
15126204MLR;JTA MTR SUP CB ACO INOX C RT HONDA ACCORD MTR F20B;0,;792,47;
15126206MLR;JTA MTR SUP CB ACO INOX C RT HONDA ACCORD PRELUDE;0,;802,99;
15126202MLR;JTA MTR SUP CB ACO INOX C RT HONDA CR-V MTR B20B2;0,;1.380,75;
15126203MLR;JTA MTR SUP CB ACO INOX C RT HONDA PRELUDE MTR F20;0,;1.152,59;
15128001MLR;JTA MTR SUP CB ACO INOX C RT HYUNDAI COUPE SANTA F;0,;840,57;
15128002MLR;JTA MTR SUP CB ACO INOX C RT HYUNDAI ELANTRA MTR G;0,;801,61;
15128003MLR;JTA MTR SUP CB ACO INOX C RT HYUNDAI SANTA FE SONA;0,;1.061,72;
15128006MLR;JTA MTR SUP CB ACO INOX C RT HYUNDAI TUCSON SONATA;0,;417,41;
15126501MLR;JTA MTR SUP CB ACO INOX C RT JEEP CHEROKEE COMANCH;0,;1.591,78;
15126504MLR;JTA MTR SUP CB ACO INOX C RT JEEP GRAND CHEROKEE L;0,;3.013,80;
15123407MLR;JTA MTR SUP CB ACO INOX C RT JEEP LIBERTY CHEROKEE;0,;1.925,76;
15125606MLR;JTA MTR SUP CB ACO INOX C RT KIA SORENTO 3.5 V6 24;0,;1.752,55;
15123704MLR;JTA MTR SUP CB ACO INOX C RT LAND ROVER FREELANDER;0,;2.253,70;
15123705MLR;JTA MTR SUP CB ACO INOX C RT LAND ROVER FREELANDER;0,;853,39;
161232MLR;JTA MTR SUP CB ACO INOX C RT MERCEDES ATEGO OM 906;0,;2.150,68;
161238MLR;JTA MTR SUP CB ACO INOX C RT MERCEDES C280 C240 C3;0,;1.434,30;
15126005MLR;JTA MTR SUP CB ACO INOX C RT NISSAN BLUEBIRD LIVIN;0,;510,69;
15126004ML3R;JTA MTR SUP CB ACO INOX C RT NISSAN FRONTIER D 201;0,;955,26;
1512190MLR;JTA MTR SUP CB ACO INOX C RT NISSAN FRONTIER TD 2.;0,;1.280,07;
151260MLR;JTA MTR SUP CB ACO INOX C RT NISSAN SENTRA TIIDA M;0,;510,69;
15126011MLR;JTA MTR SUP CB ACO INOX C RT NISSAN X-TRAIL MTR Q;0,;985,11;
15129606MLR;JTA MTR SUP CB ACO INOX C RT PEU 207 208 308 408 5;0,;960,82;
15129602MLR;JTA MTR SUP CB ACO INOX C RT PEU 207 208 308 408 5;0,;665,21;
1512180MLR;JTA MTR SUP CB ACO INOX C RT RENAULT MASTER III DC;0,;693,09;
15123803MLR;JTA MTR SUP CB ACO INOX C RT SSANGYONG REXTON KYRO;0,;1.579,20;
15126803MLR;JTA MTR SUP CB ACO INOX C RT SUZUKI GRAN VITARA 20;0,;731,93;
15125006MLR;JTA MTR SUP CB ACO INOX C RT TOYOTA CAMRY CELICA S;0,;1.041,69;
15125013MLR;JTA MTR SUP CB ACO INOX C RT TOYOTA ETIOS MTR 2NR-;0,;547,50;
15125607MLR;JTA MTR SUP CB ACO INOX C RT TOYOTA ETIOS MTR 2NR-;0,;476,45;
1112125MLR;JTA MTR SUP CB ACO INOX C RT VVW GOLF GOLF VARIANT;0,;379,24;
1112122MLR;JTA MTR SUP CB ACO INOX C RT VW BORA JETTA NEW BEE;0,;963,20;
1112124MLR;JTA MTR SUP CB ACO INOX C RT VW GOL VOYAGE SAVEIRO;0,;343,72;
111297MLR;JTA MTR SUP CB ACO INOX C RT VW GOLF AUDI 2.0 20 V;0,;935,78;
1112114MLR;JTA MTR SUP CB ACO INOX C RT VW JETTA PASSAT GOLF;0,;488,08;
1112118MLR;JTA MTR SUP CB ACO INOX C RT VW UP FOX BLUEMOTION;0,;491,43;
15129604ML;JTA MTR SUP CB ACO INOX CITROEN AIRCROSS C3 C4 09/;0,;392,82;
141286ML;JTA MTR SUP CB ACO INOX FIAT EVO GRAND SIENA IDEA;0,;117,11;
141286MLR;JTA MTR SUP CB ACO INOX FIAT EVO GRAND SIENA IDEA;0,;184,56;
141291ML;JTA MTR SUP CB ACO INOX FIAT FREEMO TORO DODGE JOU;0,;600,88;
141295ML;JTA MTR SUP CB ACO INOX FIAT GRAND SIENA PALIO E-T;0,;432,58;
131283ML3;JTA MTR SUP CB ACO INOX FORD DURATORQ PUMA TDCI (2;0,;606,33;
131284ML;JTA MTR SUP CB ACO INOX FORD FORD KA KA+ NEW FIEST;0,;217,29;
131290ML;JTA MTR SUP CB ACO INOX FORD KA KA+ NEW FIESTA ECO;0,;301,63;
131281ML;JTA MTR SUP CB ACO INOX FORD NEW FIESTA ECOSPORT 1;0,;184,67;
131286ML3;JTA MTR SUP CB ACO INOX FORD RANGER 13/... TROLLER;0,;1.496,87;
151212870;JTA MTR SUP CB ACO INOX HONDA ACCORD 2.3 16 VAL 93;0,;3.354,14;
15128006ML;JTA MTR SUP CB ACO INOX HYUNDAI TUCSON SONATA KIA;0,;345,19;
161228ML;JTA MTR SUP CB ACO INOX M BENS SPRINTER CDI 2 2 16;0,;543,13;
15126004ML3;JTA MTR SUP CB ACO INOX NISSAN CABSTAR MTR YO25DDT;0,;1.065,89;
15126006ML;JTA MTR SUP CB ACO INOX NISSAN MARCH VERSA HR12DE;0,;290,80;
151200450;JTA MTR SUP CB ACO INOX NISSAN PATHFINDER TERRANO;0,;1.134,92;
191222ML1;JTA MTR SUP CB ACO INOX Ø 107 1.15MM C RT CUMMINS;0,;0,00;
19121009ML3R;JTA MTR SUP CB ACO INOX Ø 107 C RT CUMMINS 6ISB 5.;0,;1.308,39;
15129602ML;JTA MTR SUP CB ACO INOX PEU 207 208 308 408 508 20;0,;532,11;
15129606ML;JTA MTR SUP CB ACO INOX PEU 207 208 308 408 508 20;0,;653,39;
15123301ML;JTA MTR SUP CB ACO INOX S RT BMW 116I 316I 1.6 16V;0,;873,94;
1212162ML;JTA MTR SUP CB ACO INOX S RT GM CAPTIVA 2.4 16V EC;0,;1.182,12;
1212163ML;JTA MTR SUP CB ACO INOX S RT GM TRACKER SUZUKI GRA;0,;450,33;
15126803ML;JTA MTR SUP CB ACO INOX SUZUKI GRAN VITARA 2009/..;0,;581,15;
151215480;JTA MTR SUP CB ACO INOX TOYOTA CORONA 2.0 16 VAL 9;0,;1.098,98;
15125013ML;JTA MTR SUP CB ACO INOX TOYOTA ETIOS MTR 2NR-FE DU;0,;330,77;
141298MLR;JTA MTR SUP CB ACO INOX TP PLASTICA C RT FIAT MOBI;0,;327,40;
111297ML;JTA MTR SUP CB ACO INOX VW GOLF AUDI 2.0 20 VAL;0,;820,52;
1112118ML;JTA MTR SUP CB ACO INOX VW UP FOX BLUEMOTION MTR 1;0,;357,41;
151260ML;JTA MTR SUP CB ACO NISSAN SENTRA TIIDA VERSA LIVIN;0,;408,56;
15126004PK3;JTA MTR SUP CB BASPACK  NISSAN CABSTAR MTR YO25DDT;0,;950,06;
15126003PK3;JTA MTR SUP CB BASPACK 0.92 NISSAN FRONTIER PARTHF;0,;624,23;
1512157PK3;JTA MTR SUP CB BASPACK 0.95 TOYOTA HILUX 16V 2KD F;0,;611,20;
151264PK3;JTA MTR SUP CB BASPACK 0.95MM ? 97MM TOYOTA HILUX;0,;434,28;
1512155PK3;JTA MTR SUP CB BASPACK 1.00 TOY HILUX 16V 2KD FTV;0,;529,34;
15128601PK;JTA MTR SUP CB BASPACK 1.2MM LOGAN SANDERO KWID MT;2,;316,51;JOG-8_E
15128601PKR;JTA MTR SUP CB BASPACK 1.2MM LOGAN SANDERO KWID MT;0,;385,64;
1512193PK3;JTA MTR SUP CB BASPACK 1.30 FIAT DUCATO MULTIJET J;0,;479,12;
151254PK1;JTA MTR SUP CB BASPACK 1.30MM MITSUBISHI PAJERO NA;0,;534,38;
181423PK3;JTA MTR SUP CB BASPACK 1.40MM Ø 113,0MM POR CIL MT;0,;73,45;
181409PK3;JTA MTR SUP CB BASPACK 1.40MM POR CIL MTR MWM D229;0,;65,84;
151211PK3;JTA MTR SUP CB BASPACK 1.50 HYUNDAI H100 H1 D4BH M;0,;331,33;
121271PKR;JTA MTR SUP CB BASPACK 1.60MM C RT GM VECTRA ASTRA;0,;247,60;
121271PK;JTA MTR SUP CB BASPACK 1.60MM GM VECTRA ASTRA ALC;0,;184,02;
151270PK3;JTA MTR SUP CB BASPACK 1.60MM MITSUBISHI L200 TD L;0,;276,75;
151295PK;JTA MTR SUP CB BASPACK ASIA MOTORS RETONA SPORTAGE;0,;961,81;
141295PK;JTA MTR SUP CB BASPACK C FIAT GRAND SIENA PALIO E-;0,;343,87;
15126003PK3R;JTA MTR SUP CB BASPACK C RT 0.92 NISSAN FRONTIER P;0,;1.077,40;
1512157PK3R;JTA MTR SUP CB BASPACK C RT 0.95 TOYOTA HILUX 16V;0,;833,56;
1212118PKR;JTA MTR SUP CB BASPACK C RT 1,6MM GM COBALT MERIVA;0,;167,81;
1512155PK3R;JTA MTR SUP CB BASPACK C RT 1.00 TOY HILUX 16V 2KD;0,;766,58;
1512193PK3R;JTA MTR SUP CB BASPACK C RT 1.30 FIAT DUCATO MULTI;0,;707,50;
151270PK3R;JTA MTR SUP CB BASPACK C RT 1.60MM MITSUBISHI L200;0,;367,54;
1112121PKR;JTA MTR SUP CB BASPACK C RT AUDI A1 A3 A5 A6 TT Q3;0,;455,98;
15123303PKR;JTA MTR SUP CB BASPACK C RT BMW 325I 525I 525IX TO;0,;2.559,59;
191212PKR;JTA MTR SUP CB BASPACK C RT CAMMINS ISCE;0,;2.042,46;
191215PKR;JTA MTR SUP CB BASPACK C RT CAMMINS ISM11;0,;4.594,32;
191214PKR;JTA MTR SUP CB BASPACK C RT CAMMINS L10;0,;0,00;
191213PKR;JTA MTR SUP CB BASPACK C RT CAMMINS QSL;0,;4.018,57;
1212162PKR;JTA MTR SUP CB BASPACK C RT CHEVROLET CAPTIVA 2.4;0,;1.451,61;
15126802PKR;JTA MTR SUP CB BASPACK C RT CHEVROLET SPRINT GEO M;0,;429,92;
151268PKR;JTA MTR SUP CB BASPACK C RT CHEVROLET TRACKER SUZU;0,;1.214,01;
1212163PKR;JTA MTR SUP CB BASPACK C RT CHEVROLET TRACKER SUZU;0,;620,24;
15129604PKR;JTA MTR SUP CB BASPACK C RT CITROEN AIRCROSS C3 C4;0,;569,38;
1212166PK3R;JTA MTR SUP CB BASPACK C RT CTDI LTZ 2.8 4 CILS 16;0,;1.387,53;
19121011PKR;JTA MTR SUP CB BASPACK C RT CUMMINS ISLE ISCE 8.3L;0,;1.200,31;
141296PKR;JTA MTR SUP CB BASPACK C RT FIAT ARGO CRONOS DOBLO;0,;518,19;
141295PKR;JTA MTR SUP CB BASPACK C RT FIAT GRAND SIENA PALIO;0,;442,91;
131290PKR;JTA MTR SUP CB BASPACK C RT FORD KA KA+ NEW FIESTA;0,;315,44;
131284PKR;JTA MTR SUP CB BASPACK C RT FORD NEW FIESTA ECOSPO;0,;364,71;
131286PK3R;JTA MTR SUP CB BASPACK C RT FORD RANGER 13/... TRO;0,;870,58;
131289PK3R;JTA MTR SUP CB BASPACK C RT FORD RANGER FULL BR IN;0,;1.052,46;
15125406PKR;JTA MTR SUP CB BASPACK C RT GALANT LANCER 1.8 16V;0,;722,23;
1212161PKR;JTA MTR SUP CB BASPACK C RT GM CAPTIVA OMEGA MTR 1;0,;725,97;
1212160PKR;JTA MTR SUP CB BASPACK C RT GM DOHC 3.2 24V V6;0,;447,12;
1212167PKR;JTA MTR SUP CB BASPACK C RT GM OMEGA CALIBRA 2.5 2;0,;923,56;
151220PKR;JTA MTR SUP CB BASPACK C RT HAFEI TOWNER JR 1.0 8V;0,;345,91;
15128001PKR;JTA MTR SUP CB BASPACK C RT HYUNDAI COUPE SANTA FE;0,;722,17;
151273PKR;JTA MTR SUP CB BASPACK C RT HYUNDAI KIA PICANTO AT;0,;614,58;
15123103PKR;JTA MTR SUP CB BASPACK C RT LADA NIVA 21213 VAZ 21;0,;408,89;
15123705PKR;JTA MTR SUP CB BASPACK C RT LAND ROVER FREELANDER;0,;803,43;
15123704PKR;JTA MTR SUP CB BASPACK C RT LAND ROVER FREELANDER;0,;1.654,69;
161228PKR;JTA MTR SUP CB BASPACK C RT M BENS SPRINTER CDI 2;0,;634,30;
161235PKR;JTA MTR SUP CB BASPACK C RT MERCEDES E200 C200 SLK;0,;1.233,30;
15125401PKR;JTA MTR SUP CB BASPACK C RT MITSUBISHI PAJERO 3.0;0,;1.445,55;
15126005PKR;JTA MTR SUP CB BASPACK C RT NISSAN BLUEBIRD SYLPHY;0,;455,98;
15126004PK3R;JTA MTR SUP CB BASPACK C RT NISSAN CABSTAR MTR YO2;0,;646,24;
15126008PKR;JTA MTR SUP CB BASPACK C RT NISSAN MARCH MICRA CG1;0,;707,07;
15126006PKR;JTA MTR SUP CB BASPACK C RT NISSAN MARCH VERSA HR1;0,;449,71;
15129606PKR;JTA MTR SUP CB BASPACK C RT PEU 207 208 308 408 50;0,;893,78;
1512175PKR;JTA MTR SUP CB BASPACK C RT RENAULT MASTER 2.5 16;0,;584,09;
161230PKR;JTA MTR SUP CB BASPACK C RT SPRINTER CDI LA DIESEL;0,;587,53;
15123802PKR;JTA MTR SUP CB BASPACK C RT SSANGYONG KORANDO OM 6;0,;913,37;
15123801PKR;JTA MTR SUP CB BASPACK C RT SSANGYONG KYRON ACTION;0,;918,97;
15126803PKR;JTA MTR SUP CB BASPACK C RT SUZUKI VITARA SX4 GRAN;0,;698,42;
15125004PKR;JTA MTR SUP CB BASPACK C RT TOYOTA CAMRY CELICA MR;0,;1.027,79;
15125013PKR;JTA MTR SUP CB BASPACK C RT TOYOTA ETIOS MTR 2NR-F;0,;422,49;
19121014PKR;JTA MTR SUP CB BASPACK C RT TV NA CUMMINS L10 ISM1;0,;6.145,07;
1112124PKR;JTA MTR SUP CB BASPACK C RT VW GOL VOYAGE SAVEIRO;0,;331,89;
1112115PKR;JTA MTR SUP CB BASPACK C RT VW GOLF NEW BEETLE POL;0,;692,02;
111287PKR;JTA MTR SUP CB BASPACK C RT VW GOLF PASSAT VARIANT;0,;633,02;
1112114PKR;JTA MTR SUP CB BASPACK C RT VW JETTA PASSAT GOLF N;0,;482,49;
1112118PKR;JTA MTR SUP CB BASPACK C RT VW UP FOX BLUEMOTION M;0,;469,09;
191216PK;JTA MTR SUP CB BASPACK CAMMINS QSX15;0,;6.757,19;
1212168PKR;JTA MTR SUP CB BASPACK CB BASPACK C RT CHEVROLET C;0,;1.580,60;
1212168PK;JTA MTR SUP CB BASPACK CB BASPACK CHEVROLET CAPTIV;0,;1.367,39;
1212162PK;JTA MTR SUP CB BASPACK CHEVROLET CAPTIVA 2.4 16V E;0,;1.328,03;
141291PK;JTA MTR SUP CB BASPACK CHRYSLER DODGE FIAT JEEP  F;0,;531,68;
151214780;JTA MTR SUP CB BASPACK CHRYSLER GRAN CARAVAN 3.3 V;0,;1.894,77;
15129604PK;JTA MTR SUP CB BASPACK CITROEN AIRCROSS C3 C4 09/;0,;334,32;
151264PK3R;JTA MTR SUP CB BASPACK CT 0.95MM ? 97MM TOYOTA HIL;0,;502,61;
19121016PK;JTA MTR SUP CB BASPACK CUMMINS QSX15;0,;9.871,80;
151210690;JTA MTR SUP CB BASPACK DAIHATSU CHARADE TERIOS 1.3;0,;552,28;
151211420;JTA MTR SUP CB BASPACK DAIHATSU COURE MIRA DOMINA;0,;824,40;
151211430;JTA MTR SUP CB BASPACK DAIHATSU CUORE 846 ED 86 A;0,;873,53;
141286PK;JTA MTR SUP CB BASPACK FIAT EVO GRAND SIENA IDEA 5;0,;178,75;
141286PKR;JTA MTR SUP CB BASPACK FIAT EVO GRAND SIENA IDEA 5;0,;219,17;
171206PK;JTA MTR SUP CB BASPACK FORD 700 750 PERKINS 4203 I;0,;531,22;
171230PK;JTA MTR SUP CB BASPACK FORD F600 CHEVROLET D60 65;0,;550,02;
131290PK;JTA MTR SUP CB BASPACK FORD FORD KA KA+ NEW FIESTA;0,;231,83;
131284PK;JTA MTR SUP CB BASPACK FORD NEW FIESTA ECOSPORT 13;0,;223,80;
131289PK3;JTA MTR SUP CB BASPACK FORD RANGER FULL BR INTERCO;0,;1.080,49;
171215PK;JTA MTR SUP CB BASPACK GM CHEVROLET D10 PERKINS D1;0,;434,23;
1212169PKR;JTA MTR SUP CB BASPACK GM OMEGA CALIBRA MTR C25XE;0,;1.730,03;
151215120;JTA MTR SUP CB BASPACK HONDA ACCORD 2.7 V6 24 VAL;0,;1.077,96;
151273PK;JTA MTR SUP CB BASPACK HYUNDAI KIA PICANTO ATOS G4;0,;483,27;
151216050;JTA MTR SUP CB BASPACK HYUNDAI SONATA 3.0 V6 12 VA;0,;3.213,63;
161210PK;JTA MTR SUP CB BASPACK M BENS OM314 L608D INJECAO;0,;149,59;
161206PK;JTA MTR SUP CB BASPACK M BENS OM352 352A 1113 1313;0,;274,89;
161208PK;JTA MTR SUP CB BASPACK M BENS OM352A 1316 1516 221;0,;256,15;
161220PK;JTA MTR SUP CB BASPACK M BENS OM366 6 CIL;0,;210,70;
161228PK;JTA MTR SUP CB BASPACK M BENS SPRINTER CDI 2.2 16;0,;498,25;
151212560;JTA MTR SUP CB BASPACK MITSUBISHI ECLIPSE GALANT C;0,;1.800,57;
151212570;JTA MTR SUP CB BASPACK MITSUBISHI GALANT SOHC 2.4;0,;1.752,68;
15126005PK;JTA MTR SUP CB BASPACK NISSAN BLUEBIRD SYLPHY LIVI;0,;379,36;
15126006PK;JTA MTR SUP CB BASPACK NISSAN MARCH VERSA HR12DE C;0,;373,70;
171201PK;JTA MTR SUP CB BASPACK PERKINS TRATOR 4203 8BR;0,;208,41;
1212163PK;JTA MTR SUP CB BASPACK S RT CHEVROLET TRACKER SUZU;0,;420,33;
161230PK;JTA MTR SUP CB BASPACK SPRINTER CDI LA DIESEL BI T;0,;1.163,92;
15123801PK;JTA MTR SUP CB BASPACK SSANGYONG KYRON ACTION KORA;0,;863,83;
151209860;JTA MTR SUP CB BASPACK SUZUKI SWIFT CULTUS CHEVROL;0,;428,34;
151209830;JTA MTR SUP CB BASPACK SUZUKI SWIFT CULTUS SAMURAI;0,;357,57;
151213280;JTA MTR SUP CB BASPACK SUZUKI VITARA GRAND VITARA;0,;303,83;
15126803PK;JTA MTR SUP CB BASPACK SUZUKI VITARA SX4 GRAND VIT;0,;547,64;
15125013PK;JTA MTR SUP CB BASPACK TOYOTA ETIOS MTR 2NR-FE DUA;0,;354,89;
141299PKR;JTA MTR SUP CB BASPACK TP PLASTICA C RT FIAT EVO;0,;336,89;
141298PKR;JTA MTR SUP CB BASPACK TP PLASTICA FIAT MOBI 17/ U;0,;286,29;
1112117PK3;JTA MTR SUP CB BASPACK VW AMAROK 2.0 4CIL 16V MTR;0,;638,00;
1112124PK;JTA MTR SUP CB BASPACK VW GOL VOYAGE SAVEIRO CROS;0,;308,21;
1112115PK;JTA MTR SUP CB BASPACK VW GOLF NEW BEETLE POLO MTR;0,;612,64;
1112118PK;JTA MTR SUP CB BASPACK VW UP FOX BLUEMOTION MTR 1.;0,;309,38;
141299MLR;JTA MTR SUP CB INOX TP PLASTICA C RT FIAT EVO  GRA;0,;440,97;
131277MP;JTA MTR SUP CB MET PACK (TV ALUMINIO) FORDECOSPOST;0,;212,00;
131273MP;JTA MTR SUP CB MET PACK (TV PLASTICO) FORD ECOSPOR;0,;267,28;
151208MP;JTA MTR SUP CB MET PACK ASIA TOWNER;0,;177,03;
131277MPR;JTA MTR SUP CB MET PACK C RT (TV ALUMINIO) FORDECO;0,;428,40;
131273MPR;JTA MTR SUP CB MET PACK C RT (TV PLASTICO) FORD EC;0,;349,86;
151208MPR;JTA MTR SUP CB MET PACK C RT ASIA TOWNER;0,;142,37;
1512140MPR;JTA MTR SUP CB MET PACK C RT CITROEN AZ10 ZX SAXO;0,;374,72;
1512165MPR;JTA MTR SUP CB MET PACK C RT CITROEN C2 C3 2002/ P;0,;190,76;
141201MPR;JTA MTR SUP CB MET PACK C RT FIAT 147 OGGI UNO PRE;0,;132,62;
141257MPR;JTA MTR SUP CB MET PACK C RT FIAT MAREA 2.0 20 VAL;0,;342,93;
141265MPR;JTA MTR SUP CB MET PACK C RT FIAT MAREA BRAVA 1 8;0,;307,41;
141269MPR;JTA MTR SUP CB MET PACK C RT FIAT MAREA STILO ABAR;0,;368,34;
141229MPR;JTA MTR SUP CB MET PACK C RT FIAT PALIO MILLE SMAR;0,;164,21;
141233MPR;JTA MTR SUP CB MET PACK C RT FIAT PALIO SIENA BRAV;0,;236,54;
141253MPR;JTA MTR SUP CB MET PACK C RT FIAT PALIO SIENA DOBL;0,;315,90;
141221MPR;JTA MTR SUP CB MET PACK C RT FIAT TEMPRA 2.0 16 VA;0,;244,83;
141225MPR;JTA MTR SUP CB MET PACK C RT FIAT TEMPRA 2.0 8 VAL;0,;205,30;
141245MPR;JTA MTR SUP CB MET PACK C RT FIAT TIPO 2.0 16 VAL;0,;244,83;
141241MPR;JTA MTR SUP CB MET PACK C RT FIAT TIPO 2.0 8 VAL;0,;190,62;
141237MPR;JTA MTR SUP CB MET PACK C RT FIAT TIPO PALIO 1.6 8;0,;155,04;
141205MPR;JTA MTR SUP CB MET PACK C RT FIAT UNO MILLE PREMIO;0,;174,96;
141213MPR;JTA MTR SUP CB MET PACK C RT FIAT UNO PREMIO ELBA;0,;150,30;
141217MPR;JTA MTR SUP CB MET PACK C RT FIAT UNO PREMIO ELBA;0,;154,92;
141249MPR;JTA MTR SUP CB MET PACK C RT FIAT UNO SMART PALIO;0,;116,24;
131247MPR;JTA MTR SUP CB MET PACK C RT FORD ECOSPORT FIESTA;0,;222,38;
131213MPR;JTA MTR SUP CB MET PACK C RT FORD ESCORT CORCEL DE;0,;145,21;
131249MPR;JTA MTR SUP CB MET PACK C RT FORD ESCORT ZETEC 1.8;0,;333,26;
131243MPR;JTA MTR SUP CB MET PACK C RT FORD FIESTA COURIER Z;0,;595,15;
131245MPR;JTA MTR SUP CB MET PACK C RT FORD FIESTA ECOSPORT;0,;218,41;
131229MPR;JTA MTR SUP CB MET PACK C RT FORD FIESTA KA COURIE;0,;130,80;
131233MPR;JTA MTR SUP CB MET PACK C RT FORD FIESTA KA ENDURA;0,;168,42;
131265MPR;JTA MTR SUP CB MET PACK C RT FORD FOCUS MONDEO 200;0,;432,45;
131271MPR;JTA MTR SUP CB MET PACK C RT FORD FOCUS MONDEO ZET;0,;668,28;
131251MPR;JTA MTR SUP CB MET PACK C RT FORD MONDEO ZETEC 2.0;0,;337,92;
131253MPR;JTA MTR SUP CB MET PACK C RT FORD RANGER EXPLORE V;0,;453,21;
131279MPR;JTA MTR SUP CB MET PACK C RT FORD RANGER FUSION FO;0,;437,74;
131259MPR2;JTA MTR SUP CB MET PACK C RT FORD RANGER SOHC 2.3;0,;468,38;
131259MPR;JTA MTR SUP CB MET PACK C RT FORD RANGER SOHC GAS;0,;365,99;
121201MPR;JTA MTR SUP CB MET PACK C RT GM CHEVETTE MARAJO AL;0,;154,45;
121293MPR;JTA MTR SUP CB MET PACK C RT GM CORSA 1.0 16V;0,;222,96;
121299MPR;JTA MTR SUP CB MET PACK C RT GM CORSA 1.6 16V;0,;222,96;
121263MPR;JTA MTR SUP CB MET PACK C RT GM CORSA CELTA MPFI 1;0,;156,99;
121269MPR;JTA MTR SUP CB MET PACK C RT GM CORSA CELTA MPFI 1;0,;189,08;
1212123MPR;JTA MTR SUP CB MET PACK C RT GM CORSA CELTA VHC 1.;0,;158,99;
121249MPR;JTA MTR SUP CB MET PACK C RT GM CORSA EFI MPFI 1.0;0,;129,55;
121257MPR;JTA MTR SUP CB MET PACK C RT GM CORSA EFI MPFI 1.6;0,;147,88;
1212117MPR;JTA MTR SUP CB MET PACK C RT GM CORSA MERIVA MONTA;0,;168,01;
1212119MPR;JTA MTR SUP CB MET PACK C RT GM MERIVA FIAT STILO;0,;225,70;
121245MPR;JTA MTR SUP CB MET PACK C RT GM MONZA KADETT IPANE;0,;163,60;
121233MPR;JTA MTR SUP CB MET PACK C RT GM MONZA KADETT IPANE;0,;159,71;
121241MPR;JTA MTR SUP CB MET PACK C RT GM MONZA KADETT IPANE;0,;143,73;
1212115MPR;JTA MTR SUP CB MET PACK C RT GM OMEGA SILVERADO 6C;0,;285,54;
1212105MPR;JTA MTR SUP CB MET PACK C RT GM S10 BLAZER VORTEC;0,;406,23;
121287MPR;JTA MTR SUP CB MET PACK C RT GM VECTRA S10 ASTRA Z;0,;236,02;
1512171MPR;JTA MTR SUP CB MET PACK C RT HONDA CIVIC NEW CIVIC;0,;774,08;
151262MPR;JTA MTR SUP CB MET PACK C RT HONDA CIVIC VTEC FERI;0,;327,67;
1512100MPR;JTA MTR SUP CB MET PACK C RT PEUGEOT 306 405 GRI S;0,;434,73;
151298MPR;JTA MTR SUP CB MET PACK C RT PEUGEOT 306 406 CITRO;0,;669,21;
1512141MPR;JTA MTR SUP CB MET PACK C RT PEUGEOT 307 406 407 6;0,;483,04;
1512116MPR;JTA MTR SUP CB MET PACK C RT RENAULT CLIO II KANGO;0,;301,06;
1512118MPR;JTA MTR SUP CB MET PACK C RT RENAULT CLIO K4M 1.6;0,;424,37;
151287MPR;JTA MTR SUP CB MET PACK C RT RENAULT CLIO KANGOO T;0,;318,44;
151286MPR;JTA MTR SUP CB MET PACK C RT RENAULT CLIO KANGOO T;0,;275,31;
151284MPR;JTA MTR SUP CB MET PACK C RT RENAULT CLIO LAGUNA R;0,;299,31;
1512114MPR;JTA MTR SUP CB MET PACK C RT RENAULT CLIO MEGANE S;0,;243,14;
1512108MPR;JTA MTR SUP CB MET PACK C RT RENAULT LAGUNA MEGANE;0,;314,51;
1512163MPR;JTA MTR SUP CB MET PACK C RT SUZUKI GRAND VITARA S;0,;565,01;
1512106MPR;JTA MTR SUP CB MET PACK C RT TOYOTA COROLLA 1.6 16;0,;351,12;
1512153MPR;JTA MTR SUP CB MET PACK C RT TOYOTA COROLLA 92 99;0,;467,60;
121275MPR;JTA MTR SUP CB MET PACK C RT TV FUROS DENTRO GM VE;0,;172,82;
111289MPR;JTA MTR SUP CB MET PACK C RT VW BORA NEW BEETLE GO;0,;233,60;
111239MPR;JTA MTR SUP CB MET PACK C RT VW GOL FORD ESCORT HO;0,;133,45;
111261MPR;JTA MTR SUP CB MET PACK C RT VW GOL SANTANA SAVEIR;0,;164,18;
111265MPR;JTA MTR SUP CB MET PACK C RT VW GOL SAVEIRO PARATI;0,;220,19;
111253MPR;JTA MTR SUP CB MET PACK C RT VW GOL SAVEIRO PARATI;0,;219,81;
111257MPR;JTA MTR SUP CB MET PACK C RT VW GOL SAVEIRO PARATI;0,;222,63;
111273MPR;JTA MTR SUP CB MET PACK C RT VW GOLF GTI MEXICANO;0,;242,15;
111281MPR;JTA MTR SUP CB MET PACK C RT VW GOLF SR BORA AUDI;0,;302,17;
111269MPR;JTA MTR SUP CB MET PACK C RT VW GOLF VENTO PASSAT;0,;277,62;
111247MPR;JTA MTR SUP CB MET PACK C RT VW PASSAT GOL SANTANA;0,;150,21;
111211MPR;JTA MTR SUP CB MET PACK C RT VW PASSAT TS VOYAGE M;0,;143,88;
111223MPR;JTA MTR SUP CB MET PACK C RT VW SANTANA GOL PARATI;0,;149,87;
1512140MP;JTA MTR SUP CB MET PACK CITROEN AZ10 ZX SAXO C15 P;0,;364,90;
141201MP;JTA MTR SUP CB MET PACK FIAT 147 OGGI UNO PREMIO E;0,;164,97;
141257MP;JTA MTR SUP CB MET PACK FIAT MAREA 2.0 20 VAL 5 CI;0,;215,65;
141265MP;JTA MTR SUP CB MET PACK FIAT MAREA BRAVA 1.8 16 VA;0,;267,25;
141269MP;JTA MTR SUP CB MET PACK FIAT MAREA STILO ABARTH 2.;0,;300,14;
141229MP;JTA MTR SUP CB MET PACK FIAT PALIO MILLE SMART MPI;0,;135,34;
141233MP;JTA MTR SUP CB MET PACK FIAT PALIO SIENA BRAVA 1.6;0,;172,83;
141253MP;JTA MTR SUP CB MET PACK FIAT PALIO SIENA DOBLO FIR;0,;194,54;
141221MP;JTA MTR SUP CB MET PACK FIAT TEMPRA 2.0 16 VAL;0,;162,58;
141225MP;JTA MTR SUP CB MET PACK FIAT TEMPRA 2.0 8 VAL;0,;214,39;
141245MP;JTA MTR SUP CB MET PACK FIAT TIPO 2.0 16 VAL;0,;220,14;
141241MP;JTA MTR SUP CB MET PACK FIAT TIPO 2.0 8 VAL;0,;243,65;
141237MP;JTA MTR SUP CB MET PACK FIAT TIPO PALIO 1.6 8 VAL;0,;150,59;
141209MP;JTA MTR SUP CB MET PACK FIAT UNO MILLE FIORINO PIC;0,;188,18;
141205MP;JTA MTR SUP CB MET PACK FIAT UNO MILLE PREMIO FIOR;0,;209,32;
141213MP;JTA MTR SUP CB MET PACK FIAT UNO PREMIO ELBA 1500;0,;158,13;
141217MP;JTA MTR SUP CB MET PACK FIAT UNO PREMIO ELBA 1600;0,;129,25;
141249MP;JTA MTR SUP CB MET PACK FIAT UNO SMART PALIO SIENA;0,;109,79;
131205MP;JTA MTR SUP CB MET PACK FORD CORCEL BELINA I 1.3 7;0,;148,92;
131237MP;JTA MTR SUP CB MET PACK FORD CORCEL BELINA II ALC;0,;120,59;
131247MP;JTA MTR SUP CB MET PACK FORD ECOSPORT FIESTA COURI;0,;224,00;
131213MP;JTA MTR SUP CB MET PACK FORD ESCORT CORCEL DEL REY;0,;118,10;
131249MP;JTA MTR SUP CB MET PACK FORD ESCORT ZETEC 1.8 16V;0,;252,69;
171230MP;JTA MTR SUP CB MET PACK FORD F600 CHEVROLET D60 65;0,;335,00;
131243MP;JTA MTR SUP CB MET PACK FORD FIESTA COURIER ZETEC;0,;227,46;
131245MP;JTA MTR SUP CB MET PACK FORD FIESTA ECOSPORT KA ZE;0,;162,63;
131229MP;JTA MTR SUP CB MET PACK FORD FIESTA KA COURIER END;0,;118,10;
131233MP;JTA MTR SUP CB MET PACK FORD FIESTA KA ENDURA NACI;0,;73,61;
131265MP;JTA MTR SUP CB MET PACK FORD FOCUS MONDEO 2000/200;0,;264,76;
131271MP;JTA MTR SUP CB MET PACK FORD FOCUS MONDEO ZETEC 1.;0,;394,88;
131251MP;JTA MTR SUP CB MET PACK FORD MONDEO ZETEC 2.0 16V;0,;234,21;
131253MP;JTA MTR SUP CB MET PACK FORD RANGER EXPLORE V6 4.0;0,;326,14;
131279MP;JTA MTR SUP CB MET PACK FORD RANGER FUSION FOCUS T;0,;223,38;
131259MP;JTA MTR SUP CB MET PACK FORD RANGER SOHC 2.3 2.5 8;0,;395,46;
121201MP;JTA MTR SUP CB MET PACK GM CHEVETTE MARAJO ALC GAS;0,;88,78;
121293MP;JTA MTR SUP CB MET PACK GM CORSA 1.0 16V;0,;147,69;
121299MP;JTA MTR SUP CB MET PACK GM CORSA 1.6 16V;0,;147,69;
121263MP;JTA MTR SUP CB MET PACK GM CORSA CELTA MPFI 1.0 04;0,;148,92;
121269MP;JTA MTR SUP CB MET PACK GM CORSA CELTA MPFI 1.6 04;0,;148,92;
1212123MP;JTA MTR SUP CB MET PACK GM CORSA CELTA VHC 1.0 8V;0,;144,85;
121249MP;JTA MTR SUP CB MET PACK GM CORSA EFI MPFI 1.0 8V 9;0,;97,80;
121257MP;JTA MTR SUP CB MET PACK GM CORSA EFI MPFI 1.6 8V 9;0,;167,64;
1212117MP;JTA MTR SUP CB MET PACK GM CORSA MERIVA MONTANA FI;0,;205,74;
1212119MP;JTA MTR SUP CB MET PACK GM MERIVA FIAT STILO DOHC;0,;179,51;
121229MP;JTA MTR SUP CB MET PACK GM MONZA ALC GAS 1.6 82/86;0,;118,10;
121237MP;JTA MTR SUP CB MET PACK GM MONZA KADETT ALC GAS 1.;0,;120,25;
121245MP;JTA MTR SUP CB MET PACK GM MONZA KADETT IPANEMA 91;0,;151,61;
121233MP;JTA MTR SUP CB MET PACK GM MONZA KADETT IPANEMA AL;0,;173,76;
121241MP;JTA MTR SUP CB MET PACK GM MONZA KADETT IPANEMA EF;0,;110,34;
1212115MP;JTA MTR SUP CB MET PACK GM OMEGA SILVERADO 6CIL 4.;0,;274,65;
121209MP;JTA MTR SUP CB MET PACK GM OPALA 90 CARAVAN 151 AL;0,;209,10;
121217MP;JTA MTR SUP CB MET PACK GM OPALA CARAVAN CAMINHAO;0,;238,38;
1212105MP;JTA MTR SUP CB MET PACK GM S10 BLAZER VORTEC GAS V;0,;307,47;
121275MP;JTA MTR SUP CB MET PACK GM VECTRA ASTRA S10 MPFI 1;0,;165,47;
121287MP;JTA MTR SUP CB MET PACK GM VECTRA S10 ASTRA ZAFIRA;0,;150,00;
111287MP;JTA MTR SUP CB MET PACK GOLF NEW BEETLE 97 PST 99;0,;393,78;
1512171MP;JTA MTR SUP CB MET PACK HONDA CIVIC NEW CIVIC FIT;0,;645,36;
151262MP;JTA MTR SUP CB MET PACK HONDA CIVIC VTEC FERIO 16V;0,;337,05;
111283MP;JTA MTR SUP CB MET PACK PASSAT 97 PASSAT 1.8 20V T;0,;0,00;
1512100MP;JTA MTR SUP CB MET PACK PEUGEOT 306 405 GRI SRI ST;0,;309,25;
151298MP;JTA MTR SUP CB MET PACK PEUGEOT 306 406 CITROEN XA;0,;282,12;
1512141MP;JTA MTR SUP CB MET PACK PEUGEOT 307 406 407 607 80;0,;411,96;
1512116MP;JTA MTR SUP CB MET PACK RENAULT CLIO II KANGOO K7M;0,;201,40;
1512118MP;JTA MTR SUP CB MET PACK RENAULT CLIO K4M 1.6 16 VA;0,;377,26;
1512173MP;JTA MTR SUP CB MET PACK RENAULT CLIO KANGOO LOGAN;0,;274,50;
151286MP;JTA MTR SUP CB MET PACK RENAULT CLIO KANGOO TWINGO;0,;248,58;
151287MP;JTA MTR SUP CB MET PACK RENAULT CLIO KANGOO TWINGO;0,;241,32;
151284MP;JTA MTR SUP CB MET PACK RENAULT CLIO LAGUNA R19 R2;0,;220,82;
1512114MP;JTA MTR SUP CB MET PACK RENAULT CLIO MEGANE SCENIC;0,;253,91;
1512108MP;JTA MTR SUP CB MET PACK RENAULT LAGUNA MEGANE SCEN;0,;301,09;
1512163MP;JTA MTR SUP CB MET PACK SUZUKI GRAND VITARA SZ BAL;0,;378,35;
1512106MP;JTA MTR SUP CB MET PACK TOYOTA COROLLA 1.6 16 VAL;0,;192,48;
1512153MP;JTA MTR SUP CB MET PACK TOYOTA COROLLA 92 99 1.8 1;0,;245,15;
111289MP;JTA MTR SUP CB MET PACK VW BORA NEW BEETLE GOLF SH;0,;251,82;
1112101MP;JTA MTR SUP CB MET PACK VW FOX POLO CROSS FOX SPAC;0,;255,21;
111239MP;JTA MTR SUP CB MET PACK VW GOL FORD ESCORT HOBBY A;0,;135,34;
111261MP;JTA MTR SUP CB MET PACK VW GOL SANTANA SAVEIRO PAR;0,;191,02;
111257MP;JTA MTR SUP CB MET PACK VW GOL SAVEIRO PARATI AT M;0,;142,53;
111253MP;JTA MTR SUP CB MET PACK VW GOL SAVEIRO PARATI AT M;0,;142,53;
111265MP;JTA MTR SUP CB MET PACK VW GOL SAVEIRO PARATI SANT;0,;190,58;
111273MP;JTA MTR SUP CB MET PACK VW GOLF GTI MEXICANO 2.0 8;0,;232,93;
111281MP;JTA MTR SUP CB MET PACK VW GOLF SR BORA AUDI A3 A4;0,;270,62;
111269MP;JTA MTR SUP CB MET PACK VW GOLF VENTO PASSAT CORRA;0,;159,42;
111219MP;JTA MTR SUP CB MET PACK VW KOMBI 1.6 DIESEL 3 PICO;0,;174,58;
111247MP;JTA MTR SUP CB MET PACK VW PASSAT GOL SANTANA SAVE;0,;133,67;
111211MP;JTA MTR SUP CB MET PACK VW PASSAT TS VOYAGE MTR MD;0,;118,81;
111223MP;JTA MTR SUP CB MET PACK VW SANTANA GOL PARATI AP A;0,;120,25;
15129606PK;JTA MTR SUP CB PACK PEU 207 208 308 408 508 2008 3;0,;687,30;
131284MLR;JTA MTR SUP RET CABE ACO INOX FORD KA KA+ NEW FIES;0,;364,71;
131281MLR;JTA MTR SUP RET CABE ACO INOX FORD NEW FIESTA ECOS;0,;190,01;
161241MLR;JTA MTR SUP RET CABE ACO INOX MB EURO III ATEGO 24;0,;1.352,89;
131277PKR;JTA MTR SUP RET CABE BASPACK (TV ALUMINIO) FORDECO;0,;385,55;
131273PKR;JTA MTR SUP RET CABE BASPACK (TV PLASTICO) FORD EC;0,;408,68;
151208PKR;JTA MTR SUP RET CABE BASPACK ASIA TOWNER;0,;230,09;
15123406PKR;JTA MTR SUP RET CABE BASPACK CHRYSLER CHEROKEE DAK;0,;1.793,56;
1512184PKR;JTA MTR SUP RET CABE BASPACK CIT XANTIA ZX PGT 306;0,;850,77;
1512140PKR;JTA MTR SUP RET CABE BASPACK CITROEN AZ10 ZX SAXO;0,;439,76;
1512165PKR;JTA MTR SUP RET CABE BASPACK CITROEN C2 C3 2002/ P;0,;230,01;
1512183PKR;JTA MTR SUP RET CABE BASPACK CITROEN C4 C5 PICASSO;0,;634,82;
1512144PKR;JTA MTR SUP RET CABE BASPACK CITROEN XM XANTIA XSA;0,;609,18;
1512181PKR;JTA MTR SUP RET CABE BASPACK CITROEN XSARA SAXO ZX;0,;451,27;
141288PKR;JTA MTR SUP RET CABE BASPACK FIAT  ETORQ EVO 1.6 1;0,;463,77;
141201PKR;JTA MTR SUP RET CABE BASPACK FIAT 147 OGGI UNO PRE;0,;120,06;
141273PKR;JTA MTR SUP RET CABE BASPACK FIAT BRAVA MAREA PALI;0,;287,10;
141287PKR;JTA MTR SUP RET CABE BASPACK FIAT DOBLO GRAND SIEN;0,;422,13;
141289PKR;JTA MTR SUP RET CABE BASPACK FIAT DOBLO GRAND SIEN;0,;422,13;
141290PKR;JTA MTR SUP RET CABE BASPACK FIAT ETORQ EVO FLEX 1;0,;463,77;
141285PKR;JTA MTR SUP RET CABE BASPACK FIAT EVO GRAND IDEA P;0,;269,79;
141277PKR;JTA MTR SUP RET CABE BASPACK FIAT LINEA 2007 1 9 1;0,;287,10;
141257PKR;JTA MTR SUP RET CABE BASPACK FIAT MAREA 2.0 20 VAL;0,;357,41;
141265PKR;JTA MTR SUP RET CABE BASPACK FIAT MAREA BRAVA 1.8;0,;322,79;
141269PKR;JTA MTR SUP RET CABE BASPACK FIAT MAREA STILO ABAR;0,;413,96;
141229PKR;JTA MTR SUP RET CABE BASPACK FIAT PALIO MILLE SMAR;0,;134,10;
141233PKR;JTA MTR SUP RET CABE BASPACK FIAT PALIO SIENA BRAV;0,;234,87;
141253PKR;JTA MTR SUP RET CABE BASPACK FIAT PALIO SIENA DOBL;0,;213,91;
141279PKR;JTA MTR SUP RET CABE BASPACK FIAT PALIO SIENA PUNT;0,;211,63;
141283PKR;JTA MTR SUP RET CABE BASPACK FIAT PUNTO IDEA BRAVO;0,;307,19;
141221PKR;JTA MTR SUP RET CABE BASPACK FIAT TEMPRA 2.0 16 VA;0,;177,88;
141225PKR;JTA MTR SUP RET CABE BASPACK FIAT TEMPRA 2.0 8 VAL;0,;154,00;
141245PKR;JTA MTR SUP RET CABE BASPACK FIAT TIPO 2.0 16 VAL;0,;397,07;
141241PKR;JTA MTR SUP RET CABE BASPACK FIAT TIPO 2.0 8 VAL;0,;333,37;
141237PKR;JTA MTR SUP RET CABE BASPACK FIAT TIPO PALIO 1.6 8;0,;209,86;
141205PKR;JTA MTR SUP RET CABE BASPACK FIAT UNO MILLE PREMIO;0,;145,81;
141217PKR;JTA MTR SUP RET CABE BASPACK FIAT UNO PREMIO ELBA;0,;134,10;
141213PKR;JTA MTR SUP RET CABE BASPACK FIAT UNO PREMIO ELBA;0,;134,10;
141249PKR;JTA MTR SUP RET CABE BASPACK FIAT UNO SMART PALIO;0,;160,99;
131247PKR;JTA MTR SUP RET CABE BASPACK FORD ECOSPORT FIESTA;0,;268,56;
131213PKR;JTA MTR SUP RET CABE BASPACK FORD ESCORT CORCEL DE;0,;133,42;
131249PKR;JTA MTR SUP RET CABE BASPACK FORD ESCORT ZETEC 1.8;0,;353,71;
131243PKR;JTA MTR SUP RET CABE BASPACK FORD FIESTA COURIER Z;0,;334,44;
131245PKR;JTA MTR SUP RET CABE BASPACK FORD FIESTA ECOSPORT;0,;234,82;JOG-6_C
131229PKR;JTA MTR SUP RET CABE BASPACK FORD FIESTA KA COURIE;0,;128,80;
131233PKR;JTA MTR SUP RET CABE BASPACK FORD FIESTA KA ENDURA;0,;135,58;
131265PKR;JTA MTR SUP RET CABE BASPACK FORD FOCUS MONDEO 200;0,;358,57;
131271PKR;JTA MTR SUP RET CABE BASPACK FORD FOCUS MONDEO ZET;0,;648,85;
1512191PKR;JTA MTR SUP RET CABE BASPACK FORD MAX FALCON F100;0,;451,38;
131251PKR;JTA MTR SUP RET CABE BASPACK FORD MONDEO ZETEC 2.0;0,;323,07;
131281PKR;JTA MTR SUP RET CABE BASPACK FORD NEW FIESTA ECOSP;0,;246,09;
131269PKR;JTA MTR SUP RET CABE BASPACK FORD NOVO FIESTA ECOS;0,;306,44;
131253PKR;JTA MTR SUP RET CABE BASPACK FORD RANGER EXPLORE V;0,;476,45;
131282PKR;JTA MTR SUP RET CABE BASPACK FORD RANGER FUSION 20;0,;595,08;
131279PKR;JTA MTR SUP RET CABE BASPACK FORD RANGER FUSION FO;0,;385,55;
131259PKR;JTA MTR SUP RET CABE BASPACK FORD RANGER SOHC 2.3;0,;622,43;
131259PKR2;JTA MTR SUP RET CABE BASPACK FORD RANGER SOHC 2.3;0,;621,97;
121205PKR;JTA MTR SUP RET CABE BASPACK GM CHEVETTE JUNIOR GA;0,;133,42;
121201PKR;JTA MTR SUP RET CABE BASPACK GM CHEVETTE MARAJO AL;0,;147,26;
121293PKR;JTA MTR SUP RET CABE BASPACK GM CORSA 1.0 16V;0,;245,26;
121299PKR;JTA MTR SUP RET CABE BASPACK GM CORSA 1.6 16V;0,;209,03;
121269PKR;JTA MTR SUP RET CABE BASPACK GM CORSA CELTA MPFI 1;0,;148,42;
121263PKR;JTA MTR SUP RET CABE BASPACK GM CORSA CELTA MPFI 1;0,;162,97;
1212123PKR;JTA MTR SUP RET CABE BASPACK GM CORSA CELTA VHC 1.;0,;157,81;
121249PKR;JTA MTR SUP RET CABE BASPACK GM CORSA EFI MPFI 1.0;0,;145,08;
121253PKR;JTA MTR SUP RET CABE BASPACK GM CORSA EFI MPFI 1.4;0,;159,98;
121257PKR;JTA MTR SUP RET CABE BASPACK GM CORSA EFI MPFI 1.6;0,;133,42;
1212117PKR;JTA MTR SUP RET CABE BASPACK GM CORSA MERIVA MONTA;0,;173,71;
1212136PKR;JTA MTR SUP RET CABE BASPACK GM CORSA PRISMA MONTA;0,;146,79;
1212164PKR;JTA MTR SUP RET CABE BASPACK GM CRUZE TRACKER 1.8;0,;554,51;
1212119PKR;JTA MTR SUP RET CABE BASPACK GM MERIVA FIAT STILO;0,;317,67;
121233PKR;JTA MTR SUP RET CABE BASPACK GM MONZA KADETT IPANE;0,;187,71;
121245PKR;JTA MTR SUP RET CABE BASPACK GM MONZA KADETT IPANE;0,;154,70;
121241PKR;JTA MTR SUP RET CABE BASPACK GM MONZA KADETT IPANE;0,;172,89;
1212121PKR;JTA MTR SUP RET CABE BASPACK GM OMEGA A CIH 6CIL 3;0,;809,40;
1212115PKR;JTA MTR SUP RET CABE BASPACK GM OMEGA SILVERADO 6C;0,;376,05;
1212137PKR;JTA MTR SUP RET CABE BASPACK GM ONIX PRISMA SPE/4;0,;246,55;
1212124PKR;JTA MTR SUP RET CABE BASPACK GM ONIX PRISMA SPE/4;0,;173,11;
1212105PKR;JTA MTR SUP RET CABE BASPACK GM S10 BLAZER VORTEC;0,;473,20;
121275PKR;JTA MTR SUP RET CABE BASPACK GM VECTRA ASTRA S10 M;0,;201,00;
121287PKR;JTA MTR SUP RET CABE BASPACK GM VECTRA S10 ASTRA Z;0,;255,70;
111299PKR;JTA MTR SUP RET CABE BASPACK GOLF 2001/... SEAT IB;0,;281,37;
151096RS;JTA MTR SUP RET CABE BASPACK HAFEI TOWNER JR 1.0 8;0,;396,49;
151298PKR;JTA MTR SUP RET CABE BASPACK HASTE 6MM GUIA 10MM P;0,;704,68;
1512136PKR;JTA MTR SUP RET CABE BASPACK HONDA CIVIC 1.5 16 VA;0,;534,62;
1512161PKR;JTA MTR SUP RET CABE BASPACK HONDA CIVIC D15Z3 D15;0,;534,75;
1512171PKR;JTA MTR SUP RET CABE BASPACK HONDA CIVIC NEW CIVIC;0,;416,59;
151262PKR;JTA MTR SUP RET CABE BASPACK HONDA CIVIC VTEC FERI;0,;530,76;
1512169PKR;JTA MTR SUP RET CABE BASPACK HONDA FIT (BRASIL) CI;0,;348,55;
1512170PKR;JTA MTR SUP RET CABE BASPACK HONDA FIT JAZZ VTEC L;0,;411,02;
1512187PKR;JTA MTR SUP RET CABE BASPACK HYUNDAI HB20 I30 VELO;0,;402,31;
1512186PKR;JTA MTR SUP RET CABE BASPACK HYUNDAI HB20 KIA PICA;0,;358,79;
1512177PKR;JTA MTR SUP RET CABE BASPACK HYUNDAI TUCSON I30 KI;0,;438,12;
15124001PK3R;JTA MTR SUP RET CABE BASPACK IVECO 35S14 3.0 16V 2;0,;938,44;
151295PKR;JTA MTR SUP RET CABE BASPACK KIA SPORTAGE RETONA 2;0,;1.396,29;
1512214PKR;JTA MTR SUP RET CABE BASPACK MERCEDES CLASSE A 140;0,;480,27;
1512219PKR;JTA MTR SUP RET CABE BASPACK MERCEDES CLASSE A 190;0,;685,29;
151254PKR;JTA MTR SUP RET CABE BASPACK MIT MONTEIRO PAGERO 4;0,;607,99;
1512194PKR;JTA MTR SUP RET CABE BASPACK MITSUBISHI PAJERO IO;0,;635,64;
151260PKR;JTA MTR SUP RET CABE BASPACK NISSAN SENTRA TIIDA V;0,;383,01;
121229PKR;JTA MTR SUP RET CABE BASPACK OHC MONZA 1.6 8V;0,;120,06;
121237PKR;JTA MTR SUP RET CABE BASPACK OHC MONZA 1.8 8V;0,;120,06;
1512138PKR;JTA MTR SUP RET CABE BASPACK PEUG 106 309 105 93/;0,;409,66;
1512128PKR;JTA MTR SUP RET CABE BASPACK PEUGEOT 106 205 306 3;0,;402,02;
1512134PKR;JTA MTR SUP RET CABE BASPACK PEUGEOT 206 307 PARTN;0,;320,92;
1512120PKR;JTA MTR SUP RET CABE BASPACK PEUGEOT 306 405 406 2;0,;473,06;
1512100PKR;JTA MTR SUP RET CABE BASPACK PEUGEOT 306 405 GRI S;0,;481,35;
1512141PKR;JTA MTR SUP RET CABE BASPACK PEUGEOT 307 406 407 6;0,;371,18;
1512116PKR;JTA MTR SUP RET CABE BASPACK RENAULT CLIO II KANGO;0,;350,61;
1512118PKR;JTA MTR SUP RET CABE BASPACK RENAULT CLIO K4M 1.6;0,;509,64;
1512173PKR;JTA MTR SUP RET CABE BASPACK RENAULT CLIO KANGOO L;0,;389,94;
151286PKR;JTA MTR SUP RET CABE BASPACK RENAULT CLIO KANGOO T;0,;283,74;
151287PKR;JTA MTR SUP RET CABE BASPACK RENAULT CLIO KANGOO T;0,;346,91;
151284PKR;JTA MTR SUP RET CABE BASPACK RENAULT CLIO LAGUNA R;0,;462,29;
1512114PKR;JTA MTR SUP RET CABE BASPACK RENAULT CLIO MEGANE S;0,;350,61;
1512110PKR;JTA MTR SUP RET CABE BASPACK RENAULT CLIO MEGANE S;0,;397,88;
151274PKR;JTA MTR SUP RET CABE BASPACK RENAULT CLIO R19 C3L;0,;275,84;
151282PKR;JTA MTR SUP RET CABE BASPACK RENAULT CLIO R19 R21;0,;400,29;
151279PKR;JTA MTR SUP RET CABE BASPACK RENAULT CLIO SUPERCIN;0,;284,82;
151278PKR;JTA MTR SUP RET CABE BASPACK RENAULT CLIO TWINGO 1;0,;318,12;
1512108PKR;JTA MTR SUP RET CABE BASPACK RENAULT LAGUNA MEGANE;0,;430,37;
1512179PKR;JTA MTR SUP RET CABE BASPACK RENAULT SANDERO LOGAN;0,;350,61;
151219PKR;JTA MTR SUP RET CABE BASPACK SUZUKI EFFA TOWNER F1;0,;345,91;
1512104PKR;JTA MTR SUP RET CABE BASPACK SUZUKI VITARA SIDEKIC;0,;271,41;
1512106PKR;JTA MTR SUP RET CABE BASPACK TOYOTA COROLLA 1.6 16;0,;587,65;
1512153PKR;JTA MTR SUP RET CABE BASPACK TOYOTA COROLLA 92 99;0,;570,64;
1512154PKR;JTA MTR SUP RET CABE BASPACK TOYOTA COROLLA PRIUS;0,;425,58;
1512146PKR;JTA MTR SUP RET CABE BASPACK TOYOTA COROLLA VVTI F;0,;440,47;
15126207PKR;JTA MTR SUP RET CABE BASPACK VTEC L15A7 LEA1 1.5 1;0,;409,90;
1112117PK3R;JTA MTR SUP RET CABE BASPACK VW AMAROK 2.0 4CIL 16;0,;715,89;
111289PKR;JTA MTR SUP RET CABE BASPACK VW BORA NEW BEETLE GO;0,;410,48;
1112101PKR;JTA MTR SUP RET CABE BASPACK VW FOX BAH BJA BLH 03;0,;171,04;
111239PKR;JTA MTR SUP RET CABE BASPACK VW GOL FORD ESCORT HO;0,;139,35;
1112105PKR;JTA MTR SUP RET CABE BASPACK VW GOL POWER EA111 1.;0,;203,71;
1112103PKR;JTA MTR SUP RET CABE BASPACK VW GOL POWER TREND FO;0,;126,92;
111277PKR;JTA MTR SUP RET CABE BASPACK VW GOL SANTANA SAVEIR;0,;238,56;
111261PKR;JTA MTR SUP RET CABE BASPACK VW GOL SANTANA SAVEIR;0,;194,31;
111265PKR;JTA MTR SUP RET CABE BASPACK VW GOL SAVEIRO PARATI;0,;207,00;
111253PKR;JTA MTR SUP RET CABE BASPACK VW GOL SAVEIRO PARATI;0,;194,11;
111257PKR;JTA MTR SUP RET CABE BASPACK VW GOL SAVEIRO PARATI;0,;220,37;
111295PKR;JTA MTR SUP RET CABE BASPACK VW GOLF BORA AZD 1.6;0,;283,45;
111273PKR;JTA MTR SUP RET CABE BASPACK VW GOLF GTI MEXICANO;0,;293,63;
1112116PKR;JTA MTR SUP RET CABE BASPACK VW GOLF JETTA PASSAT;0,;508,43;
111281PKR;JTA MTR SUP RET CABE BASPACK VW GOLF SR BORA AUDI;0,;470,31;
111269PKR;JTA MTR SUP RET CABE BASPACK VW GOLF VENTO PASSAT;0,;212,20;
1112111PKR;JTA MTR SUP RET CABE BASPACK VW KOMBI 1.4 8V TOTAL;0,;201,25;
111283PKR;JTA MTR SUP RET CABE BASPACK VW PASSAT ADR AFY AEB;0,;560,38;
111247PKR;JTA MTR SUP RET CABE BASPACK VW PASSAT GOL SANTANA;0,;132,10;
111207PKR;JTA MTR SUP RET CABE BASPACK VW PASSAT GOL VOYAGE;0,;134,10;
111211PKR;JTA MTR SUP RET CABE BASPACK VW PASSAT TS VOYAGE M;0,;134,10;
111223PKR;JTA MTR SUP RET CABE BASPACK VW SANTANA GOL PARATI;0,;188,78;
1512193S;JTA MTR SUP S CABE FIAT DUCATO MULTIJET JTD IVECO;0,;499,20;
151209S;JTA MTR SUP S CABE GM S10 BLAZER M BENS SPRI LAND;0,;279,62;
1512196S;JTA MTR SUP S CABE MITSUBISHI MONTERO III PAJERO T;0,;522,79;
15126003S;JTA MTR SUP S CABE NISSAN FRONTIER PARTHFINDER 2.5;0,;646,24;
15129610RS;JTA MTR SUP S CABE RET CITROEN JUMPER PEUGEOT BOXE;0,;1.534,85;
15129608RS;JTA MTR SUP S CABE RET PEUGEOT EXPERT CITROEN JUMP;0,;654,62;
1512155S;JTA MTR SUP S CABE TOYOTA HILUX 16V 2KD FTV TURBO;0,;380,78;
151250S;JTA MTR SUP S CABE TOYOTA HILUX 2.5 2L 2.8 3L 3.0;0,;264,85;
1212166RS;JTA MTR SUP S CB C RET GM S10 TRAIL BLAZER 12/...;2,;1.034,16;JOG-5_C
1112123RS;JTA MTR SUP S CB C RT AUDI 100 VW CALIFORNIA EUROV;1,;879,03;JOG-5_C
15123405RS;JTA MTR SUP S CB C RT DAKOTA VOYAGER CHEROKEE 2.5;0,;734,24;
131286RS;JTA MTR SUP S CB C RT FORD RANGER 13/... TROLLER -;0,;1.043,97;
15123701RS;JTA MTR SUP S CB C RT LAND ROVER RANGE ROVER SPORT;1,;2.820,82;JOG-7_C
15126030RS;JTA MTR SUP S CB C RT NISSAN FRONTIER MTR QD32 3.2;0,;1.304,50;
15126003RS;JTA MTR SUP S CB C RT NISSAN FRONTIER NAVARA PATHF;0,;856,07;
15126801RS;JTA MTR SUP S CB C RT SUZUKI GRAND VITARA 2.0 8V D;0,;879,39;
151264RS;JTA MTR SUP S CB C RT TOYOTA HILUX TD 16V 1KZTE AN;0,;469,11;
131283RS;JTA MTR SUP S CB C RT TRANSIT 2.0;0,;682,36;
1112117RS;JTA MTR SUP S CB C RT VW AMAROK 2.0 4CIL 16V MTR C;0,;614,80;
151296S;JTA MTR SUP S CB D8B XUD7 XUD7T 205 306 309 405 JP;0,;406,26;
151211S;JTA MTR SUP S CB HYUNDAI H100 H1 D4BH MITSUBISHI P;0,;147,01;
151270S;JTA MTR SUP S CB MITSUBISHI L200 TD L300 PAJERO HP;0,;147,01;
151254S;JTA MTR SUP S CB MITSUBISHI PAJERO NATIVA TDI 2 8;0,;299,08;
151264S;JTA MTR SUP S CB TOYOTA HILUX TD 16V 1KZTE ANO 02;0,;372,95;
1112117S;JTA MTR SUP S CB VW AMAROK 2.0 4CIL 16V MTR CNFA C;0,;449,61;
131285ML3;JTA MTR SUP S RET C CAB ACO INOX FORD DURATORQ 2.4;0,;586,45;
131283PK3;JTA MTR SUP S RET C CAB BASPACK FORD DURATORQ PUMA;0,;601,63;
131285PK3;JTA MTR SUP S RET C CAB BASPACK FORD FORD DURATORQ;0,;506,67;
141292ML;JTA MTR SUP S RET CB ACO 0.7MM  FIAT ARGO CRONOS M;0,;306,69;
131283S;JTA MTR SUP S RET S CB FORD DURATORQ PUMA TDCI (22;0,;482,05;
131286S;JTA MTR SUP S RET S CB FORD RANGER 13/... TROLLER;0,;633,04;
19121006PKR;JTA MTR SUPERIOR CAB ACO INOX CUMMINS QSB5.9;0,;764,38;
15106806PKR;JTA MTR SUZUKI VITARA H20A 2.0 V6 24 VAL;0,;469,69;
15100940;JTA MTR TOYOTA HILUX 2.5D 2.8D 3.0D;0,;962,28;
111005;JTA MTR VW GOL1300 1600 BX REFRIGERACAO A AR;0,;77,14;
111087ML;JTA MTR VW GOLF PASSAT VARIANT NEW BEETLE AUDI AJH;5,;905,08;JOG-1_E
1110109;JTA MTR VW KOMBI INJECAO 1.600 97/...;0,;62,69;
132774;JTA ORING ANEL BBA VÁCUO FORD FUSION ANO 12 A 21 V;0,;62,82;
1340745;JTA ORING ANEL BBA VÁCUO FORD FUSION ANO 12 A 21 V;0,;58,98;
191710191BN;JTA ORING ANEL BOR TV 4 PCS CUMMINS FORD F350 MTR ;0,;142,13;
15401963;JTA ORING ANEL BORR RADIADOR OLEO TROCADOR CALOR L;0,;62,73;
17411705BP;JTA ORING ANEL DRENAGEM CABE CATERPILLAR C15 C16 C;0,;54,96;
143596;JTA ORING ANEL VALVULA TERMOSTÁTICA FIAT JEEP E-TO;0,;48,98;
1637311;JTA ORING FILTRO ÓLEO CARTER M BENS MOTOR OM 904 4;0,;41,86;
1637313;JTA ORING TAMPA RADIADOR M BENS MOTOR OM 906 926 4;0,;10,62;
1637413;JTA ORING TAMPA RADIADOR MERCEDES BENZ MOTOR - OM;0,;63,55;
124249;JTA PARTE INF CAB CORSA;0,;112,32;
124229;JTA PARTE INF CAB MONZA;0,;56,68;
1541171;JTA PASSAGEM AGUA HONDA CIVIC NEW CIVIC FIT 1.7 16;0,;16,77;
144228;JTA PE DIST FIAT TIPO 1.5 1.6;20,;5,72;
311305;JTA PÉ DO CARB 2E;2,;0,81;
1442941;JTA PESCADOR BBA ÓLEO FIAT TORO JEEP RENEGADE COMP;0,;40,74;
1542169;JTA PESCADOR BBA OLEO HONDA TWIN SPARK MTR L13A1 L;0,;22,92;
15411416;JTA PESCADOR BBA ÓLEO PEUGEOT 206 307 406 407 607 ;0,;15,98;
1542085;JTA PESCADOR OLEO ASIA TOWNER 3CIL GAS;0,;2,50;
1342492;JTA PESCADOR OLEO FORD ESCORT MONDEO ZETEC 1.6 1.8;0,;14,04;
15421559;JTA PESCADOR OLEO TURBO TOYOTA HILUX MTR 2KD 1KD F;0,;47,98;
1261111;JTA PONTA EIXO CARRETA CROME 6T;0,;9,08;
1261112;JTA PONTA EIXO CARRETA RANDON ANTIGA;0,;7,72;
1261113;JTA PONTA EIXO CARRETA RANDON M 4F 6M CORTICO 212X;0,;6,22;
1261121;JTA PONTA EIXO FNV CARRETA 5 FUROS;0,;5,18;
1261115;JTA PONTA EIXO SCANIA DIANTEIRO CORTICO 132X102X2;0,;5,37;
153540;JTA PORTA TERMOSTATO IVECO 2.5 ASPIRADA 1996;0,;5,22;
1542074;JTA PORTA VIRAB TRAS TOPIC 93 E2500 E2700 B2200 MT;0,;3,30;
15401832;JTA RADIADAR OLEO CITROEN C4 C5 PICASSO PEUGEOT 30;0,;41,65;
163528;JTA RADIADOR OLEO M BENS SPRINTER CDI 2.2 16 VAL M;0,;79,50;
153735012BI;JTA RADIADOR ÓLEO M BENZ A200 A250 B200 CLA200 CLA;0,;159,75;
14371032;JTA RADIADOR ÓLEO MTR FIAT FASTBACK PULSE MTR GSE ;0,;91,58;
15401831;JTA RADIADOR OLEO QUADRADO CITROEN C4 C5 PICASSO P;0,;41,65;
1537180;JTA RADIADOR OLEO RENAULT MASTER III DCI M9T 2.3 1;0,;131,81;
193711011;JTA RADIADOR OLEO RESFRIADOR CALOR MAN D0834 D0836;0,;44,67;
1337834ML;JTA RADIADOR OLEO TROCADOR CALOR FORD TRANSIT RANG;0,;117,92;
15426414;JTA RADIADOR OLEO TROCADOR CALOR TP FILTRO HILUX .;3,;53,10;SEL-1_E.9
15375605;JTA RADIADOR OLEO TROCADOR DE CALOR HYUNDAI HR 13/;0,;83,54;
153780041;JTA RADIADOR ÓLEO TROCADOR DE CALOR HYUNDAI.;0,;0,16;
153780042;JTA RADIADOR ÓLEO TROCADOR DE CALOR HYUNDAI..;0,;0,16;
153780043;JTA RADIADOR ÓLEO TROCADOR DE CALOR HYUNDAI...;0,;0,16;
19371101;JTA RADIADOR ORING OLEO RESFRIADOR CALOR MAN D0834;0,;92,30;
164240;JTA REFRIG D AGUA M BENS L321 OM355 5 CIL.;0,;25,90;
18420112;JTA REG ROTACAO BB INJ MWM D225 226 227 229 3 4 6;0,;8,17;
1542239;JTA RESFRIADOR DE OLEO KIA BESTA 2.7 GS 3.0 16 LUG;0,;30,82;
154258;JTA RESFRIADOR DE OLEO MWM VOLARE A6 GM S10 BLAZER;0,;27,14;
194210084PK;JTA RESFRIADOR OLEO CUMMINS 6B;0,;49,13;
193710202PK;JTA RESFRIADOR OLEO MOTOR CUMINS ISF 3.8 16V;0,;192,68;
144230;JTA RESPIRO FIAT TEMPRA 2.0 16 VAL;0,;3,36;
15411851;JTA RESPIRO HONDA CIVIC 1 8 16V RA18A1 RA18A2;41,;43,53;DIV-1_D.5
144217;JTA RESPIRO MTR FECHADA FIAT 147 OGGI UNO PREMIO E;20,;7,16;DIV-3_G.8
144216;JTA RESPIRO MTR FIAT 147 OGGI UNO PREMIO ELBA;0,;5,71;DIV-2_B.8
144234;JTA RESPIRO MTR FIAT TEMPRA 8 VAL;0,;5,24;
15421464;JTA RESPIRO TOYOTA COROLLA VVTI FILDER VVTI RAV4 1;0,;130,16;
15411854;JTA SAIDA AQUECEDOR HONDA CIVIC MTR 1.8 16V RA18A1;0,;39,62;
1642282;JTA SAIDA AR QUENTE  MB SPRINTER CDI 2.2 16V MB611;0,;25,91;
15419605;JTA SAIDA BBA D'AGUA PEUGEOT CITROEN 208 C3 MTR PU;0,;118,68;
15401855;JTA SAIDA COL ADM HONDA CIVIC 1.8 16V RA18A2 RA18A;0,;44,91;
134223;JTA SAIDA D AGUA FORD MAVERICK UTILITARIO 79/....;0,;3,23;
152233011;JTA SAIDA ESCAP  BMW 118I 120I E81/E87 318I 320I E;0,;42,87;
1522501;JTA SAIDA ESCAP 2L 3L 5L 5LE HILUX 3.0 8V;0,;6,25;
112281;JTA SAIDA ESCAP 43.30 VW GOLF SR BORA AUDI A3 A4 A;9,;20,12;SAI_E.7
112205;JTA SAIDA ESCAP 50.80 VW LOGUS POINTER FORD ESCORT;15,;14,60;SAI_G.2
1122831;JTA SAIDA ESCAP 53.20 VW PASSAT ADR AFY AEB 1.8 20;0,;35,12;
132243ML;JTA SAIDA ESCAP 57.0MM FORD AÇO FIESTA ZETEC 1.4 1;0,;19,62;
1522106;JTA SAIDA ESCAP 98 4A F 4A FE 4AF HE COROLLA 1.6 1;2,;44,06;SAI_C.1
152220;JTA SAIDA ESCAP ASIA HAFEI TOWNER JUNIOR EFFA MOTO;0,;17,03;
152207;JTA SAIDA ESCAP ASIA TOPIC 2.7 MAZDA 3.0 KIA BONGO;0,;12,71;
152208;JTA SAIDA ESCAP ASIA TOWNER 3CIL GAS;0,;12,74;
15223301;JTA SAIDA ESCAP BMW 118I 120I E81/E87 318I 320I E9;0,;158,01;
152274;JTA SAIDA ESCAP C3G CLIO EXPRESS R11 R19 R9 TWINGO;0,;12,51;
142265;JTA SAIDA ESCAP CARA GATO FIAT MAREA BRAVA 1.8 16V;0,;26,93;
132201;JTA SAIDA ESCAP CARA GATO FORD CORCEL BELINA II 1.;67,;8,29;
152201;JTA SAIDA ESCAP CARA GATO FORD DODGE POLARA 1800;0,;35,38;
122201;JTA SAIDA ESCAP CARA GATO GM CHEVETTE MARAJO 1.4 1;15,;12,31;SAI_F.1
1720321;JTA SAIDA ESCAP CENTRAL 6358 D60 D70 F11000 F13000;0,;9,97;
152219;JTA SAIDA ESCAP CHANA CHANGAN STAR MTR JL465QB 1.0;0,;17,03;
1522165;JTA SAIDA ESCAP CITROEN C2 C3 2002/ PEUGEOT206 307;13,;45,74;SAI_C.5
15229602;JTA SAIDA ESCAP CITROEN C4 LOUGE C5 DS3 DS4 DS5 PG;0,;44,56;
1222166;JTA SAIDA ESCAP CTDI LTZ 2.8 4 CILS 16V DIESEL GM;0,;40,90;
1722012;JTA SAIDA ESCAP D4 203 D60 D70 F11000 F13000 F600;0,;23,13;
152296;JTA SAIDA ESCAP D8B XUD7 XUD7T 205 306 309 405 JPX;0,;11,26;
152218;JTA SAIDA ESCAP EFFA TOWNER SUZUKI SJ410 JIMNY SAM;0,;17,03;
142201;JTA SAIDA ESCAP FIAT 147 OGGI UNO MILLE PREMIO ELB;35,;10,83;SAI_D.1
142292;JTA SAIDA ESCAP FIAT ARGO CRONOS MOBI UNO PULSE FI;59,;43,95;SAI_D.8
1522193;JTA SAIDA ESCAP FIAT DUCATO IVECO PEUGEOT BOXER CI;0,;26,76;
142206;JTA SAIDA ESCAP FIAT ESPECIAL FURO OVAL;18,;11,70;SAI_D.4
142291;JTA SAIDA ESCAP FIAT FREEMONT COMPASS MTR DUAL WT;5,;55,00;SAI-B.7
142257;JTA SAIDA ESCAP FIAT MAREA BRAVA 1.8 16 VAL 2.0 2.;0,;16,48;
142204A;JTA SAIDA ESCAP FIAT PALIO 1000 ED EDX 1.0 1.5;0,;11,20;
142233;JTA SAIDA ESCAP FIAT PALIO DOBLO SIENA BRAVA 1.6 1;18,;16,43;SAI_E.2
142229;JTA SAIDA ESCAP FIAT PALIO MILLE SMART MPI 1.0;0,;13,10;
142204;JTA SAIDA ESCAP FIAT PALIO MILLE SMART MPI FIORINO;15,;10,92;SAI_D.2
142253;JTA SAIDA ESCAP FIAT PALIO SIENA DOBLO 1.0 1.3 16V;33,;18,09;SAI_D.3
142253A;JTA SAIDA ESCAP FIAT PALIO SIENA FIRE 1.0 1.3 16 V;0,;29,34;
142221;JTA SAIDA ESCAP FIAT TEMPRA 2.0 16 VAL;0,;11,26;
142203;JTA SAIDA ESCAP FIAT TEMPRA TIPO 8 16 VAL;9,;10,92;SAI_E.1
142205;JTA SAIDA ESCAP FIAT TIPO ARGENTINO 1.5 1.6 PALIO;16,;12,72;SAI_D.6
142294;JTA SAIDA ESCAP FIAT TORO JEEP RENEGADE COMPASS CO;0,;52,19;
142249A;JTA SAIDA ESCAP FIAT UNO PALIO SIENA FIRE 1 0 1 3;0,;26,05;
142249;JTA SAIDA ESCAP FIAT UNO PALIO SIENA IDEA PUNTO FI;33,;20,02;SAI_D.5
142249VT;JTA SAIDA ESCAP FIAT UNO PALIO SIENA IDEA PUNTO FI;0,;8,87;
142202;JTA SAIDA ESCAP FIAT UNO PREMIO ELBA TIPO 1500 160;10,;11,74;SAI_D.7
132203;JTA SAIDA ESCAP FORD ESCORT CORCEL DEL REY CHT 1.6;10,;11,99;SAI_E.4
132249;JTA SAIDA ESCAP FORD ESCORT FIESTA ZETEC 1.8 2.0 1;0,;29,30;
132206;JTA SAIDA ESCAP FORD FIESTA COURIER 1.0 1.3 ENDURA;0,;13,46;
132245;JTA SAIDA ESCAP FORD FIESTA ECOSPORT SUPERCHARGER;3,;19,88;SAI_E.6
132204;JTA SAIDA ESCAP FORD FIESTA ENDURA 1.3 8 VAL;0,;13,29;
132233;JTA SAIDA ESCAP FORD FIESTA KA ENDURA NACIONAL 1.0;0,;27,02;
132243;JTA SAIDA ESCAP FORD FIESTA ZETEC 1.4 16 VAL;0,;20,23;
132004;JTA SAIDA ESCAP FORD JEEP RURAL WILLYS MAVERICK JE;0,;50,88;
132290;JTA SAIDA ESCAP FORD KA+ ECOBOOST TIVCT M2DA M1DA;6,;73,14;SAI_E.5
132290ML;JTA SAIDA ESCAP FORD KAKA+ ECOBOOST TIVCT M2DA M1D;1,;41,54;
132251;JTA SAIDA ESCAP FORD MONDEO 2.0 16 VAL ZETEC ZETEC;0,;34,34;
132283;JTA SAIDA ESCAP FORD MONDEO TRANSIT MTR ABFA D3FA;0,;64,64;
1722011;JTA SAIDA ESCAP FORD PERKINS 4203 4CIL INJECAO DIR;0,;10,41;
132286;JTA SAIDA ESCAP FORD RANGER 13/... TROLLER - T4 MT;0,;106,95;
172201;JTA SAIDA ESCAP FORD TRATOR 8 BR 4203;0,;17,75;
172202;JTA SAIDA ESCAP FORD TRATOR 8BR 4203;0,;6,91;
122206;JTA SAIDA ESCAP GM CHEVROLET BRASIL 261;0,;6,73;
821103;JTA SAIDA ESCAP GM CORSA 1.8 OMEGA VECTRA S10 4.1;13,;27,73;TV-14_C.6
122210;JTA SAIDA ESCAP GM CORSA CELTA 1.0 1.4 1.6 8V;20,;19,81;TV-11_D.6
1222117ML;JTA SAIDA ESCAP GM CORSA CELTA PRISMA MERI VECT FI;0,;17,30;SAI_F.2
122205A;JTA SAIDA ESCAP GM MONZA KADETT IPANEMA VECTRA S10;0,;13,17;
122205;JTA SAIDA ESCAP GM MONZA KADETT IPANEMA VECTRA S10;12,;9,22;SAI_F.4
1222105;JTA SAIDA ESCAP GM S10 BLAZER VORTEC 4.3 L35 V6 GA;0,;25,58;
15221611;JTA SAIDA ESCAP HONDA CIVIC D15Z3 D15Z6 D15Z8 D16Y;1,;14,54;SAI_C.3
152280011;JTA SAIDA ESCAP HYUNDAI HB20 IX35 2010/... TUCSON;0,;48,24;
152240;JTA SAIDA ESCAP IVECO 2.5 ASPIRADA 1996;0,;5,50;
1522251;JTA SAIDA ESCAP KIA BESTA 2.2 2.7 DIESEL;0,;26,78;
1522231;JTA SAIDA ESCAP KIA BESTA 2.7 GS 3.0 16 LUGARES DI;0,;14,60;
162206;JTA SAIDA ESCAP M BENS OM314 L608D 72/...;0,;9,39;
162201;JTA SAIDA ESCAP M BENS OM314 L608D OM321 OM324 OM3;0,;11,13;
162202;JTA SAIDA ESCAP M BENS OM352A TURBINADO;0,;20,60;
162214;JTA SAIDA ESCAP M BENS OM355 76 MM;0,;23,91;
1622202;JTA SAIDA ESCAP M BENS OM364 366 4 6 CIL;0,;25,08;
152235;JTA SAIDA ESCAP MB616 912 MB 100 MB 120 MB 150 MB;0,;17,89;
1522196;JTA SAIDA ESCAP MITSUBISHI MONTERO III PAJERO TD T;0,;50,19;
152254;JTA SAIDA ESCAP MITSUBISHI PAJERO NATIVA TDI 2.8 4;0,;27,27;
15220701;JTA SAIDA ESCAP MTR 4Y OHC SFG 6FG  7FG 8FG 2.2 8V;0,;90,16;
1222173;JTA SAIDA ESCAP MTR L4G LIG ASPIRADO/TURBO 1.0 1.2;0,;66,00;
1842018;JTA SAIDA ESCAP MWM D225 226 227 229 3 4 5 6 CIL F;0,;8,26;
182201;JTA SAIDA ESCAP MWM D229;0,;10,37;
1822011;JTA SAIDA ESCAP MWM D229 4 CIL;0,;14,04;
182217;JTA SAIDA ESCAP MWMD229;0,;13,09;
152258;JTA SAIDA ESCAP NS X TERRA FRONTIER 2 8 GM S10 BLA;0,;27,14;
841129;JTA SAIDA ESCAP Ø 48 MM FIAT UNO MILLE FIORINO PRE;18,;15,32;TV-14_B.4
162210;JTA SAIDA ESCAP OM314 BANDEIRANTES L608 D 4 0;0,;6,08;
162208;JTA SAIDA ESCAP OM352 OM352A OM 352 ASPIRADO OM 35;0,;24,45;
172208;JTA SAIDA ESCAP PERKINS 4236;0,;11,98;SAI_F.7
1720381;JTA SAIDA ESCAP PERKINS MOTOR 6358 6CIL DIESEL QUA;0,;9,22;
1522128;JTA SAIDA ESCAP PEUGEOT 106 205 306 91/ CITROEN BX;0,;17,45;SAI_C.2
1522132;JTA SAIDA ESCAP PEUGEOT 106 206 306 TU5JP TU5J2 CI;0,;11,55;
152248;JTA SAIDA ESCAP PEUGEOT 504 505 XD2 XD3;0,;12,71;
15229605;JTA SAIDA ESCAP PEUGEOT CITROEN 208 C3 MTR PURETEC;0,;33,64;
1522481;JTA SAIDA ESCAP PEUGEOT504 505 XD2 XD3;0,;7,17;
112289;JTA SAIDA ESCAP RASGADA VW BORA APF BFS AQY AZH 1.;0,;20,83;
1522180;JTA SAIDA ESCAP RENAULT MASTER III DCI M9T 2 3 16V;0,;108,21;
1522118;JTA SAIDA ESCAP RENAULT MEGANE SCENIC LAGUNA K4M 1;0,;17,00;SAI_C.4
152202;JTA SAIDA ESCAP RENAULT TRAFIC DIESEL GAS;0,;13,85;
1522104;JTA SAIDA ESCAP SUZUKI SWIFT ESCUDO VITARA SIDEKIC;0,;10,04;
152250;JTA SAIDA ESCAP TOYOTA HILUX 2L 3L 5L 2.5 2.8 3.0;0,;33,88;
153550;JTA SAIDA ESCAP TOYOTA HILUX 3L 2.8 DIESEL 88 A 96;0,;24,34;
1122101;JTA SAIDA ESCAP VW FOX BAH BJA BLH 03/... SPACEFOX;7,;14,62;SAI_G.8
1122022;JTA SAIDA ESCAP VW FUSCA BRASILIA KOMBI 4 GDS 2 PQ;0,;24,60;
112202;JTA SAIDA ESCAP VW FUSCA BRASILIA KOMBI 4 PECAS GD;51,;16,42;SAI_G.7
112257T;JTA SAIDA ESCAP VW GOL 16V TURBO;0,;16,78;
112206;JTA SAIDA ESCAP VW GOL CHT AE 1.6 90/...;21,;12,72;SAI_G.3
811102;JTA SAIDA ESCAP VW GOL PARATI 95/96 AP 1.6 1.8;7,;11,72;TV-14_C.5
1122103;JTA SAIDA ESCAP VW GOL POWER 8V E 16V;34,;15,87;SAI_G.5
811105;JTA SAIDA ESCAP VW GOL SANT AP 1 8 2 0 MI 97;42,;14,80;TV-14_D.5
811105A;JTA SAIDA ESCAP VW GOL SANT AP 1 8 2 0 MI97;0,;19,44;
112204;JTA SAIDA ESCAP VW GOL SANTANA SAVEIRO AP 1.6 1.8;4,;10,92;SAI_G.6
112204A;JTA SAIDA ESCAP VW GOL SANTANA SAVEIRO AP1 6 1 8 2;0,;16,77;
112208;JTA SAIDA ESCAP VW GOL SAVEIRO PARATI 1000 MI 16V;16,;12,33;SAI_G.1
112208A;JTA SAIDA ESCAP VW GOL SAVEIRO PARATI 1000 MI 16VA;2,;33,79;
112207;JTA SAIDA ESCAP VW GOL SAVEIRO PARATI 1000 MI 8V 9;5,;14,80;SAI_G.4
112207A;JTA SAIDA ESCAP VW GOL SAVEIRO PARATI 1000 MI 8VAL;0,;14,65;
1122116ML;JTA SAIDA ESCAP VW JETTA PASSAT TIGUAN AUDI Q3 A3;0,;44,91;
1122011;JTA SAIDA ESCAP VW KOMBI 97/... INJECAO 6 PECAS GD;0,;23,47;
112205A;JTA SAIDA ESCAP VW LOGUS POINTER FORD ESCORT VERON;0,;12,87;
112287;JTA SAIDA ESCAP VW NEW BEETLE GOLF TURBO 20V AJH A;0,;36,98;
112203;JTA SAIDA ESCAP VW PASSAT VOYAGE ALC GAS 1.5;31,;8,91;SAI_F.5
811104;JTA SAIDA ESCAP VW PUMA 1600;30,;10,91;TV-14_A.4
112265;JTA SAIDA ESCAP VW SANTANA GOL GOLF;21,;20,83;SAI_F.6
1271118;JTA SEMI-EIXO FIBRA FORD F14000 SAPAO ROCK WELL BR;0,;44,36;
1271108;JTA SEMI-EIXO FIBRA FORD F4000 (89X126X0.8) 12MM.;0,;45,70;
1271102;JTA SEMI-EIXO FIBRA GM CHEVROLET ANTIGO FURO 7 16;0,;14,01;
1271104;JTA SEMI-EIXO FIBRA GM CHEVROLET MODERNO FURO 1-2;0,;14,51;
1261102;JTA SEMI-EIXO FIBRA M BENS OM314 L608D 8 FUROS;0,;3,90;
1261105;JTA SEMI-EIXO FIBRA M BENS OM321 331 16 FUROS;0,;6,81;
1261104;JTA SEMI-EIXO FIBRA M BENS OM352 8 FUROS;0,;45,70;
1271113;JTA SEMI-EIXO FIBRA TOYOTA BANDEIRANTE;0,;7,89;
1261108;JTA SEMI-EIXO FREIO A AR MARGARIDA FIBRA M BENS OM;0,;4,22;
1261110;JTA SEMI-EIXO FREIO A AR MARGARIDA FIBRA M BENS OM;0,;10,37;
1261107;JTA SEMI-EIXO FREIO A AR MARGARIDA VELOM M BENS OM;0,;4,94;
1261109;JTA SEMI-EIXO FREIO A AR MARGARIDA VELOM M BENS OM;0,;11,21;
1271106;JTA SEMI-EIXO FREIO A AR VELOM FORD F600 F750 CHEV;0,;9,21;
1261116;JTA SEMI-EIXO PONTA CUBO RODA 04 FUROS SCANIA;0,;6,25;
1261114;JTA SEMI-EIXO PONTA CUBO RODA CORTIÇA 05 FUROS 09.;0,;4,61;
1261122NA;JTA SEMI-EIXO PONTA CUBO RODA FIBRA 04 FUROS 11.0M;0,;3,47;
1271117;JTA SEMI-EIXO VELOM FORD F14000 SAPAO ROCK WELL BR;0,;25,83;
1271107;JTA SEMI-EIXO VELOM FORD F4000 (89X126X0.8) 12MM.;0,;5,92;
1271101;JTA SEMI-EIXO VELOM GM CHEVROLET ANTIGO FURO 7-16;0,;45,70;
1271103;JTA SEMI-EIXO VELOM GM CHEVROLET MODERNO FURO 1-2;0,;7,92;
1261101;JTA SEMI-EIXO VELOM M BENS OM314 L608D 8 FUROS;0,;7,50;
1261106;JTA SEMI-EIXO VELOM M BENS OM321 331 16 FUROS;0,;5,23;
1261103;JTA SEMI-EIXO VELOM M BENS OM352 8 FUROS;0,;50,88;
1271112;JTA SEMI-EIXO VELOM TOYOTA BANDEIRANTE;0,;10,67;
1217163SL;JTA SIL GM GRAND VITARA TRACKER MTR 12A 121.7 CID;0,;278,56;
15171871SL;JTA SILIC CORPO INJEÇÃO  HYUNDAI HB20 I30 VELOSTER;0,;100,77;
1217164SL;JTA SILIC GM CRUZE TRACKER 1.8 4CIL 16V F18 D4 DOC;0,;108,78;
1542072;JTA SIST AQUECIMENTO ASIA TOPIC;0,;6,41;
194210081;JTA SUCCAO BBA DE OLEO CUMMINS - ISB4 (ELETRONICO);0,;19,71;
1741304;JTA SUP BBA AGUA 6358 D60 D65 D70 F11000 F13000 F7;0,;4,40;
1742016;JTA SUP BBA ALIM D4 203 D60 D70 F11000 F13000 F600;0,;4,40;
154260;JTA SUP BBA D'AGUA NISSAN TIIDA LIVINA SENTRA MOTO;0,;39,70;
1741181;JTA SUP BBA OLEO PERKINS MTR S4 S4T;0,;18,14;
15128602MLR;JTA SUP CABE ACO INOX 0.7MM RET RENAULT - CAPTUR D;0,;614,24;
1542083;JTA SUP FILTRO OLEO ASIA TOWNER 3CIL GAS;0,;3,75;
193710071;JTA SUP FILTRO OLEO CUMMINS SERIE C 6C CT CTA CTAA;0,;76,49;
114279;JTA SUP FILTRO OLEO VW GOLF SR BORA NEW BEET SHARA;0,;100,41;
19371019;JTA SUP RESFRIADOR OLEO MOTOR CUMINS 2.8 16V;0,;155,41;
1142121;JTA SUP TENSOR TP DISTR ACO VW JETTA PASSAT TIGUAN;0,;60,26;
1137114;JTA SUPOR FILTRO OLEO VW JETTA PASSAT GOLF NEW BEE;0,;80,35;
15420710;JTA SUPORTE BBA D AGUA ASIA TOPIC.;0,;3,13;
154208;JTA SUPORTE BBA D AGUA ASIA TOWNER 3CIL GAS.;0,;29,30;
114101;JTA SUPORTE BBA D AGUA VW PASSAT VOYAGEM GOL 1.5 1;197,;18,37;DIV-2_G.4
1642016;JTA SUPORTE BBA INJ M BENS L321 OM352 366;0,;5,39;
1836012;JTA SUPORTE BBA INJE MWM D226 225 227 229 3 4 6 CI;0,;7,32;
153737015;JTA SUPORTE FILTRO 3.0 LAND ROVER RANGER ROVER SPO;0,;238,48;
323101;JTA SUPORTE FILTRO AR FORD CORCEL II 78...;0,;16,43;
162641;JTA SUPORTE FILTRO ORING ANEL BBA OLEO MERCEDES  O;0,;13,68;
144229;JTA SUPORTE FLANGE OLEO FIAT TEMPRA 2.0 16 VAL;20,;5,24;
1742015;JTA SUPORTE FLANGE OLEO PERKINS TRATOR 8BR 4203;0,;4,17;
114261;JTA SUPORTE FLANGE OLEO VW GOL SANTANA PARATI AP M;25,;7,28;DIV-3_F.6
1535114;JTA SUPORTE VAL TERMOSTATO RENAULT CLIO MEGANE SCE;0,;4,75;
1128114;JTA SUSPIRO VW JETTA PASSAT TIGUAN AUDI Q3 A3 A4 A;0,;41,81;
112901;JTA TAMP BBA OLEO VW FUSCA BRASILIA VARIANT TL;0,;2,33;
144209;JTA TAMP DIANT BLOCO VOLANTE FIASA NAC ELBA FIORIN;27,;5,87;DIV-3_C.2
154250;JTA TAMP FILT OLEO TOYOTA HILUX 2 3 5 LITROS 2.5 2;6,;34,61;SEL-1_C.9
1719011;JTA TAMP INFER CAR 4203 MF 155 MF 158 3 0;0,;74,99;
161804;JTA TAMP LAT VAL MB352 MB352A MB353 OM 352 OM 352A;0,;27,17;
1742306;JTA TAMP TRAS CAB 6357 D65 F600 5 8 12V;0,;4,40;
1742322;JTA TAMP TRAS CAB 6358 D60 D70 F11000 F13000 F7000;0,;4,40;
17420113;JTA TAMP TRAS CAB D4 203 D60 D70 F11000 F13000 F60;0,;4,40;
394001077;JTA TAMPA CABECOTE HONDA MOTOR - 400C;0,;28,97;
394001024;JTA TAMPA CABECOTE MTR C100;0,;2,82;
2112101SL;JTA TAMPA CAMBIO BOR SILIC VW FOX 04/17 SPACEFOX06;0,;43,77;
2112101BNL;JTA TAMPA CAMBIO BOR VW FOX 04/17 SPACEFOX06/17 JE;3,;47,84;CAM2_I.2
15411183;JTA TAMPA COMANDO SUP RENAULT CLIO KANGOO LAGUNA L;0,;24,67;
15411082;JTA TAMPA COMANDO SUPERIOR RENAULT MEGANE SCENIC L;0,;35,82;
151773BN;JTA TAMPA DE VALVULAS BOR HYUNDAI KIA PICANTO ATOS;4,;98,42;C40-D.5
394001023;JTA TAMPA DIREITA CABE?OTE HONDA MTR C100;0,;2,96;
19421006;JTA TAMPA DISTRIBUICAO CUMMINS MOTOR SERIE B 6BT 6;0,;107,54;
1342891;JTA TAMPA DISTRIBUICAO MTR POWER STROKE 3.0I 16V D;5,;138,79;E15_A.11.B
394003011;JTA TAMPA EMBREAGEM SUZUKI MOTOR 125CC SUZUKI EN 1;0,;7,29;
17331705SL;JTA TAMPA ENGRENAGEM CATERPILLAR C15 C16 C18 3406E;0,;279,23;
394001071;JTA TAMPA LATERAL DIREIRA HONDA MOTOR 400CC;0,;6,35;
394004013;JTA TAMPA LATERAL DIREITA DAFRA MTR 150CC;0,;27,02;
394001173;JTA TAMPA LATERAL DIREITA HONDA CG 160 NXR 160 BRO;0,;8,39;
394001051;JTA TAMPA LATERAL DIREITA HONDA MOTOR - 300CC;0,;10,42;
39400110;JTA TAMPA LATERAL DIREITA HONDA MOTOR - CBX200 92-;0,;9,36;
394001043;JTA TAMPA LATERAL DIREITA HONDA MOTOR CG TITAN FAN;0,;8,86;
394001026;JTA TAMPA LATERAL DIREITA HONDA MTR C100;0,;9,73;
394001012;JTA TAMPA LATERAL DIREITA HONDA/SUNDOWN MOTOR - CG;0,;7,99;
394002012;JTA TAMPA LATERAL DIREITA YAMAHA MOTOR 125;0,;8,63;
394002021;JTA TAMPA LATERAL DIREITA YAMAHA MTR 250;0,;17,30;
394001055;JTA TAMPA LATERAL ESQUERDA HONDA MOTOR - 300CC;0,;5,71;
394001075;JTA TAMPA LATERAL ESQUERDA HONDA MOTOR - 400C NX4;0,;10,06;
394001032;JTA TAMPA LATERAL ESQUERDA HONDA MOTOR CG 125;0,;7,89;
394001042;JTA TAMPA LATERAL ESQUERDA HONDA MOTOR CG TITAN FA;0,;5,49;
394001065;JTA TAMPA LATERAL ESQUERDA HONDA MTR 250CC;0,;6,62;
394001025;JTA TAMPA LATERAL ESQUERDA HONDA MTR C100;0,;6,75;
394003012;JTA TAMPA LATERAL ESQUERDA SUZUKI MTR 125CC;0,;11,18;
394002013;JTA TAMPA LATERAL ESQUERDA YAMAHA MOTOR 125;0,;5,92;
394002024;JTA TAMPA LATERAL ESQUERDA YAMAHA MTR 250;0,;10,73;
394001033;JTA TAMPA LD HONDA MTR CG125CC;0,;3,50;
394001013;JTA TAMPA LE HONDA SUNDOWN MTR CG125CC;0,;6,01;
394001054;JTA TAMPA MOTOR PARTIDA HONDA MOTOR - 300CC;0,;0,28;
1440941;JTA TAMPA ÓLEO ANTI CHAMA BORR FIAT TORO JEEP RENE;0,;43,84;
394201054;JTA TAMPA VALVULA MOTOR PARTIDA HONDA MOTOR - 300C;0,;2,87;
1541113;JTA TCI TDCI 2.5 8V TURBO DSL KI K2500 PREGIO 01/.;0,;10,57;
394001044;JTA TENSOR CORRENTE COMANDO HONDA MOTOR - CG TITAN;0,;2,13;
394001044ML;JTA TENSOR CORRENTE COMANDO HONDA MTR CG TITAN FAN;0,;3,40;
1142791;JTA TENSOR DA CORRENTE VW GOLF SR BORA AUDI A3 A4;0,;35,24;
153507;JTA TERM ASIA TOPIC 2.7 MAZDA 3.0 KIA BONGO ASIA C;0,;5,24;
153511;JTA TERMOST MTR 4D55T 4D56 2.3 2.4 8V DSL HY H100;0,;10,13;
1735301;JTA TERMOSTATO AO CAB 6357 D65 F600 5 8 12V;0,;4,78;
1735081;JTA TERMOSTATO TRATOR MASSEY FERGUSON MF220 285 29;0,;6,49;
144243;JTA TMP COMANDO FIAT TIPO TEMPRA;0,;7,17;
1542098;JTA TMP LATERAL BLC GM S10 BLAZER M BENS SPRINTER;0,;17,93;
1542114;JTA TP ARV PRIM RENAULT CLIO MEGANE SCENIC KANGOO;0,;5,21;
1541082;JTA TP BBA D AGUA ASIA TOWNER 3CIL GAS.;0,;12,16;
174113;JTA TP BBA D AGUA CARC BBA D AGUA FORD F600 D65 63;0,;9,22;
1742084;JTA TP BBA D AGUA CARC FORD D10 F350 D400 4236;0,;14,22;
124108;JTA TP BBA D AGUA CARC GM CHEVROLET BRASIL C10 261;0,;7,17;
12421051;JTA TP BBA D AGUA CARC GM S10 BLAZER VORTEC GAS V6;0,;12,71;
114161;JTA TP BBA D AGUA CARC VW GOL SANTANA SAVEIRO PARA;72,;19,15;DIV-2_E.6
1741012;JTA TP BBA D AGUA CONEXAO ENTRADA D AGUA FORD TRAT;0,;3,22;
144102;JTA TP BBA D AGUA CORPO BLOCO FIAT 147 OGGI UNO MI;10,;5,71;DIV-3_C.5
124106;JTA TP BBA D AGUA ENTRADA RADIADOR GM CHEVROLET BR;0,;5,50;
144211;JTA TP BBA D AGUA FIAT 147 OGGI UNO MILLE PREMIO E;16,;7,16;DIV-2_C.2
144105;JTA TP BBA D AGUA FIAT 1500 1600 ARGENTINO;15,;7,16;
144108;JTA TP BBA D AGUA FIAT TEMPRA TIPO 2.0 8 VAL.;15,;7,17;DIV-3_D.8
144107;JTA TP BBA D AGUA FIAT TEMPRA TIPO 8 16 VAL.;10,;5,26;
1726305NA;JTA TP BBA D AGUA FIBRA FORD F600 CHEVROLET D65 DO;0,;9,49;
134149;JTA TP BBA D AGUA FORD ESCORT MONDEO ZETEC 1.6 1.8;0,;9,95;
1726305;JTA TP BBA D AGUA FORD F600 CHEVROLET D65 DOGDE CB;0,;7,66;
134208;JTA TP BBA D AGUA FORD FIESTA KA COURIER 1.0 1.3 E;0,;9,95;
134108;JTA TP BBA D AGUA FORD MAVERICK F100 F75 JEEP UTIL;0,;9,03;
134153;JTA TP BBA D AGUA FORD RANGER EXPLORE V6 4.0 12 VA;0,;8,28;
174128;JTA TP BBA D AGUA FORD TRATOR 6.600.;0,;21,44;
1642122;JTA TP BBA D AGUA M BENS OM314 L608D INJECAO DIRET;0,;2,13;
1641146;JTA TP BBA D AGUA M BENS OM355.;0,;12,40;
1641201;JTA TP BBA D AGUA M BENS OM366.;0,;46,17;
1841011;JTA TP BBA D AGUA MWM D225 226 227 229 TODOS.;0,;7,56;
1841012;JTA TP BBA D AGUA MWM D229 3 CIL VALMET 3000.;0,;5,19;
154148;JTA TP BBA D AGUA PEUGEOT 504 505 XD2 XD3.;0,;5,92;
134110;JTA TP BBA D AGUA VELOM FORD MAVERICK WILLYS 6 CIL;0,;10,45;
174214;JTA TP BBA DAGUA CARC FORD D10 F350 D400 4236;0,;10,18;
144223;JTA TP BBA DAGUA FIAT 1500 1600 ARGENTINO;10,;5,26;
2513165;JTA TP CAMBIO 5 MARCHAS PEUGEOT 206 207 CITROEN C3;0,;101,71;
221418;JTA TP CAMBIO GM ASTRA VECTRA 99/.. CORSA CELTA PR;29,;7,79;CAM-1_A.2
221409;JTA TP CAMBIO GM MONZA KADETT IPANEMA OMEGA S10 4;0,;7,79;
251870;JTA TP CAMBIO HYUNDAI HR;0,;31,64;
2518095;JTA TP CAMBIO MAIOR MITSUBISHI L200 L300 PAJERO MO;0,;21,51;
251809;JTA TP CAMBIO MITSUBISHI L200 L300 PAJERO MONTERO;0,;29,29;
211202;JTA TP CAMBIO VW FUSCA BRASILIA KOMBI VARIANT TL 1;0,;9,28;
1442572;JTA TP COMANDO FIAT MAREA 2.0 20 VAL 5 CIL;0,;29,25;
144237;JTA TP COMANDO FIAT TEMPRA 8 VAL;37,;7,17;DIV-2_B.5
144242;JTA TP COMANDO FIAT TIPO TEMPRA;0,;5,24;
144226;JTA TP COMANDO FIAT UNO PREMIO ELBA 1500 1600;27,;7,46;
154242;JTA TP COMANDO IV-DAILY DUCATO CT JUMPER;0,;44,40;
1542081;JTA TP COMANDO VAL ASIA TOWNER 3CIL GAS;0,;4,00;
144225;JTA TP COMANDO VAL FIAT UNO PREMIO ELBA 1500 1600;10,;5,24;DIV-2_B.4
144239;JTA TP COMANDO VAL FIAT UNO PREMIO ELBA PALIO TIPO;0,;12,74;
124212;JTA TP COMANDO VAL GM CHEVETTE 1.4 1.6 JUNIOR 1000;10,;4,95;
19331101;JTA TP CX DIST VW MAN D0834 LFL LOH 4.6 16V 4CIL M;0,;139,59;
154264BN;JTA TP DIANT DIST MTR 1KZ-T 1KZ-TE SOCH 3.0 8V TUR;0,;14,17;
1542941;JTA TP DIST ASI BONGO SERES 2.4 ANTIGO;0,;42,05;
154207;JTA TP DIST ASIA TOPIC;0,;53,73;
1542071;JTA TP DIST ASIA TOPIC 2.7 8V;0,;48,79;
1542084;JTA TP DIST ASIA TOWNER 3CIL GAS;0,;7,50;
124207;JTA TP DIST BBA OLEO ACO GM CORSA CELTA PRISMA MER;5,;17,75;DIV-3_B.4
1142129;JTA TP DIST BBA OLEO AUDI A1 A3 MTR CAXA CNVA CAVG;0,;311,66;
124207PK;JTA TP DIST BBA OLEO BASPACK GM CORSA CELTA PRISMA;0,;18,27;
114212;JTA TP DIST BBA OLEO CORRETE VW GOL PARATI SAVEIRO;5,;16,48;DIV-3_B.2
114201;JTA TP DIST BBA OLEO DIANT VW PASSAT GOL SANTANA 1;0,;8,11;
1442531;JTA TP DIST BBA OLEO FIAT FIRE 16 VAL;4,;11,85;DIV-2_C.7
1442571;JTA TP DIST BBA OLEO FIAT MAREA 2.0 20 VAL 5 CIL;0,;29,25;
1442654;JTA TP DIST BBA OLEO FIAT MAREA BRAVA 1.8 16 VAL 0;0,;7,09;
1442652;JTA TP DIST BBA OLEO FIAT MAREA BRAVA 1.8 16V 00/.;0,;23,78;
144249;JTA TP DIST BBA OLEO FIAT UNO SMART PALIO SIENA ID;17,;12,24;DIV-3_C.7
154240;JTA TP DIST BBA OLEO FIBRA FIAT TURBO DAILY IVECO;0,;42,39;
1542409;JTA TP DIST BBA OLEO FIBRA FIAT TURBO DAILY IVECO;0,;48,10;
124206;JTA TP DIST BBA OLEO FIBRA GM MONZA KADETT IPANEMA;7,;8,68;DIV-2_E.4
124207NA;JTA TP DIST BBA OLEO FIBRA NA GM CORSA CELTA PRISM;0,;17,88;
134249;JTA TP DIST BBA OLEO FORD ESCORT MONDEO ZETEC 1.6;0,;14,81;
134243;JTA TP DIST BBA OLEO FORD FIESTA COURIER ZETEC ROC;6,;31,82;DIV-2_A.2
154223;JTA TP DIST BBA OLEO KIA BESTA 2.7 GS 3.0 16 LUGAR;0,;6,21;
1542097;JTA TP DIST BBA OLEO TRAS GM S10 BLAZER M BENS SPR;0,;29,12;
1833013;JTA TP DIST BBA OLEO TRAS MWM D226 225 227 229 3 4;0,;10,14;
114209;JTA TP DIST BBA OLEO TRAS VW GOL SAVEIRO AT 1.0 8V;63,;7,11;DIV-3_B.1
114202;JTA TP DIST BBA OLEO TRAS VW PASSAT GOL SANTANA 1.;5,;6,75;DIV-3_C.6
1142118;JTA TP DIST BBA OLEO TRAS VW UP;0,;87,69;
114208;JTA TP DIST BBA OLEO VW GOL PARATI SAVEIRO MI 1000;19,;15,42;DIV-3_F.1
154286011;JTA TP DIST BBA RENAULT LOGAN SANDERO KWID SCE B4D;1,;81,78;RET-7_A.6
144212;JTA TP DIST CABE FIAT 147 OGGI UNO MILLE PREMIO EL;20,;5,71;DIV-2_B.1
144256;JTA TP DIST CABE FIAT PALIO MILLE SMART MPI FIORIN;11,;9,00;DIV-2_A.5
1733221;JTA TP DIST CARGO F2000 F4000 MICRO ONIBUS FB400 T;0,;57,00;
1733222;JTA TP DIST CARGO F2000 F4000 MICRO ONIBUS FB400 T;0,;40,44;
134203;JTA TP DIST COR FORD CORCEL I II ESCORT CHT VW AE;0,;12,71;
134205CB;JTA TP DIST COR FORD MAVERICK JEEP WILLYS 58 A 75;0,;15,72;
124203;JTA TP DIST COR GM CHEVETTE 1.4 1.6;0,;17,76;
19421004;JTA TP DIST CUMMINS SERIE B 4B BTA 3.9L 8V SERIE B;0,;58,54;
154209;JTA TP DIST DIANT GM S10 BLAZER M BENS SPRINTER LA;9,;62,82;
1833014;JTA TP DIST DIANT MWM X10 4.10 4 CIL 6.10 6 CIL;0,;66,17;
1733261;JTA TP DIST DIAT FORD CARGO FASE II 2 GERACAO 6 CI;0,;34,60;
144202;JTA TP DIST FIAT 147 OGGI UNO MILLE PREMIO ELBA FI;37,;9,69;DIV-2_A.1
144204;JTA TP DIST FIAT 1500 1600 TIPO 1.6 PALIO 1.6 16 V;6,;6,61;
1542193;JTA TP DIST FIAT DUCATO MULTIJET JTD 2.3 16 VAL F1;0,;173,87;
144257;JTA TP DIST FIAT MAREA 2.0 2.4 20V 5 CIL;0,;9,93;
144253;JTA TP DIST FIAT PALIO SIENA DOBLO 1.0 1.3 16V 99/;117,;21,27;DIV-2_G.6
144206;JTA TP DIST FIAT TEMPRA TIPO 2.0 8 16 VAL;39,;12,74;DIV-2_F.5
134201;JTA TP DIST FIBRA FORD CORCEL I II ESCORT CHT VW A;9,;10,76;DIV-2_D.4
134206;JTA TP DIST FIBRA FORD FIESTA KA 1.0 1.3 ENDURA;0,;25,61;
124201;JTA TP DIST FIBRA GM CHEVETTE 1.4 1.6;25,;6,49;DIV-3_E.2
124204;JTA TP DIST FIBRA GM OPALA 90 CARAVAN 153 151 169;20,;18,15;
163304NA;JTA TP DIST FIBRA M BENS L321 OM352 352A;0,;23,96;
174235;JTA TP DIST FORD CARGO 4 6 CIL;0,;35,14;
174234;JTA TP DIST FORD CARGO 4 6CIL;0,;43,92;
154201;JTA TP DIST FORD DODGE POLARA 1800;0,;29,30;
1342491;JTA TP DIST FORD ESCORT MONDEO ZETEC 1.6 1.8 16 VA;20,;14,81;DIV-3_B.5
1733321;JTA TP DIST FORD F700 750 MASSEY FERGUSON MF400 PE;0,;47,89;
1733322;JTA TP DIST FORD F700 750 MASSEY FERGUSON MF400 PE;0,;47,05;
134253;JTA TP DIST FORD RANGER EXPLORE V6 4.0 12 VAL;0,;36,84;
1242165NA;JTA TP DIST GM EMPILHADEIRA VORTEC V6 6 CILS;0,;89,92;
1542111;JTA TP DIST HYUNDAI H100 MITSUBISHI PAJERO MONTERO;0,;25,33;
154211;JTA TP DIST HYUNDAI H100 MITSUBISHI PAJERO MONTERO;0,;25,33;
154225;JTA TP DIST KIA BESTA 2 7;0,;57,22;
154221;JTA TP DIST KIA BESTA 2.2;0,;23,30;
1542252;JTA TP DIST KIA BESTA 2.7;0,;57,77;
154294;JTA TP DIST KIA BONGO SERES 2.4 DIESEL;0,;45,70;
163304CB;JTA TP DIST LONA M BENS L321 OM352 352A;0,;25,61;
1633012;JTA TP DIST M BENS OM314 L608D OM321 OM324 OM352 O;0,;6,38;
1633201;JTA TP DIST M BENS OM366 366A 6 CIL TURBO ASPIRADO;0,;24,69;
1642283;JTA TP DIST M BENS SPRINTER CDI 2.2 16V MB611.960;0,;70,26;
1542581;JTA TP DIST MTR MWM SPRINT 4 07TCA 2 8 12V DSL AG;0,;27,14;
18420110;JTA TP DIST MWM D225 226 227 229 3 4 6 CIL;0,;7,42;
15426003BN;JTA TP DIST NISSAN FRONTIER PARTHIFINDER 2.5 16V;3,;89,39;C30_A.6
173315;JTA TP DIST PERKINS 4236 4248 Q20B D10 D20 D40 DIE;0,;32,82;
1733182;JTA TP DIST PERKINS 4236 FORD F350 CHEVROLET D10;0,;48,00;
1733083;JTA TP DIST PERKINS 4236 FORD F350 CHEVROLET D10 D;0,;20,69;
1733084;JTA TP DIST PERKINS 4536 TRATOR AGRICOLA 292 TURBO;0,;27,67;
1742305;JTA TP DIST PERKINS 6357 6 CIL FORD F600 CHEVROLET;0,;28,94;
1733302;JTA TP DIST PERKINS 6357 FORD F600 CHEVROLET D65 D;0,;48,14;
173318;JTA TP DIST PERKINS MAXION 4.236 4.248 CHEVROLET D;0,;81,97;
1733042;JTA TP DIST PERKINS TRATOR 8BR 4203;0,;37,76;
1733012;JTA TP DIST PERKINS TRATOR 8BR 4203 MF 65 X 580E;0,;14,20;
1733014;JTA TP DIST PERKINS TRATOR 8BR 4203.;0,;46,49;
1542486;JTA TP DIST PEUGEOT 504 505 XD2 XD3;0,;27,31;
1542485;JTA TP DIST PEUGEOT 504 505 XD2 XD3.;0,;33,44;
154186;JTA TP DIST RENAULT CLIO KANGOO TWINGO D7D D7F 1.0;0,;5,87;
1542768;JTA TP DIST RENAULT CLIO SCENIC R11 R19 R21 SUPERC;0,;25,52;
1542501;JTA TP DIST TOYOTA HILUX 2 3 5 LITROS 2.5 2.8 3.0;0,;70,85;
134207;JTA TP DIST TRAS FIBRA FORD FIESTA KA COURIER 1.0;65,;16,86;DIV-2_A.3
134229;JTA TP DIST TRAS FORD MAVERICK JEEP WILLYS 58 A 75;0,;25,63;
12421055;JTA TP DIST TRAS GM S10 BLAZER VORTEC GAS V6 4.3;0,;17,88;
1542234;JTA TP DIST TRAS KIA BESTA 2 7 GS 3 0 16 LUGARES K;0,;15,87;
1542231;JTA TP DIST TRAS KIA BESTA 2.7 GS 3.0 16 LUGARES K;0,;39,70;
134202;JTA TP DIST VELOM FORD CORCEL I II ESCORT CHT VW A;0,;12,54;
134204;JTA TP DIST VELOM FORD MAVERICK 4CIL;0,;23,78;
124202;JTA TP DIST VELOM GM CHEVETTE 1.4 1.6;0,;5,07;
124231;JTA TP DIST VELOM GM CHEVROLET BRASIL 261;0,;17,91;
124209;JTA TP DIST VELOM GM CHEVROLET BRASIL C10 6CIL;0,;16,48;
183330;JTA TP DISTIB TRAS MWM 6.10 X10 X10T X10TCA DIESEL;0,;54,49;
1242121;JTA TP DISTR LADO DIREITO GM OMEGA A CIH 6CIL 3.0;0,;8,02;
12421211;JTA TP DISTR LADO ESQUERDO GM OMEGA A CIH 6CIL 3.0;0,;18,42;
1733015;JTA TP DISTR PERKINS TRATOR 8BR 4203;0,;58,21;
1833309;JTA TP DISTRIB MWM X12 4.12 EURO IV 6.12 4/6 CIL S;0,;70,97;
1733041;JTA TP DISTRIB PERKINS TRATOR 8BR 4203;0,;33,93;
191710085BN;JTA TP DOS BALANCEIROS LATERAL BOR CUMMINS ISB4 (E;0,;139,27;
144213;JTA TP EIXO TRAS COMAN FIAT 147 OGGI UNO MILLE PRE;6,;2,08;DIV-3_C.8
144214;JTA TP EIXO TRAS MANIV FIAT 147 OGGI UNO MILLE PRE;14,;5,71;
1633011;JTA TP ENGRENAGEM DIST M BENS L321 1111;0,;20,38;
15421810BN;JTA TP FRONTAL EFFA TOWNER SUZUKI SJ410 JIMNY SAMU;0,;137,10;
1833011;JTA TP FRONTAL MWM D226 225 227 229 3 4 6 CIL;0,;19,56;
1635012;JTA TP INFERIOR TERM M BENS L321 1111;0,;3,79;
1733303;JTA TP INSPECAO DIST PERKINS 6357 FORD F600 CHEVRO;0,;5,03;
1733301;JTA TP INSPECAO DIST PERKINS 6357 FORD F600 CHEVRO;0,;11,18;
1542093;JTA TP LATERAL BLOCO GM S10 BLAZER M BENS SPRINTER;0,;11,33;
17420118;JTA TP LATERAL BLOCO PERKINS TRATOR 8BR 4203;0,;3,01;
14421031ML;JTA TP LATERAL CAB FIAT FASTBACK PULSE ABARTH TORO;0,;96,39;
144260;JTA TP MTR FIAT TIPO 1.6;0,;8,28;
144221;JTA TP OLEO FIAT UNO PREMIO ELBA TIPO 1.6 PALIO 16;14,;5,26;DIV-2_B.7
134227;JTA TP OLEO FORD MAVERICK JEEP WILLYS 58 A 75 6 CI;0,;5,54;
611106;JTA TP OLEO VW BR KB FUSCA GOL SAVEIRO 1300 1500 1;0,;7,17;DIV-1_B.4
194210083PK;JTA TP RESFRIADOR CUMMINS ISB4;0,;65,32;
193710047BI;JTA TP RESFRIADOR OLEO ALUM CUMMINS 4B;0,;106,86;
193710044PK;JTA TP RESFRIADOR OLEO CUMMINS 4B;0,;59,97;
1542099;JTA TP RET ABER GM S10 BLAZER M BENS SPRINTER LAND;0,;32,82;
1542096;JTA TP RET FECH GM S10 BLAZER M BENS SPRINTER LAND;0,;20,94;
1142116SL;JTA TP SUP DISTR SILIC VW JETTA PASSAT TIGUAN AUDI;0,;87,67;
1635011;JTA TP TERM M BENS OM352 1113 1313 2213;0,;3,16;
1542966;JTA TP TERMOST MTR XUD9 XUD9TE 2.0 8V DSL PG 305 3;0,;6,61;
1542075;JTA TP TRAS CABE ASIA TOPIC;0,;6,41;
134102;JTA TP TRAS CABE FIBRA FORD CORCEL BELINA I II DEL;0,;4,99;
134104;JTA TP TRAS CABE FORD ESCORT CHT VW AE 1.6 GOL 100;18,;6,63;DIV-3_G.2
15411411;JTA TP TRAS CABE PEUGEOT 206 307 406 407 607 806 8;0,;76,22;
114102;JTA TP TRAS CABE VW GOL SANT SAV PAR GOLF GTI GSI;29,;19,43;DIV-2_G.5
124275;JTA TP TRAS COMAN GM VECTRA ASTRA 1.8 2.0 2.2 8V;0,;7,79;
141802;JTA TPA LATERAL DAS VÁLVULAS (BASPAK) FIAT TEMPRA;11,;8,08;TV-14_C.2
1340733;JTA TPA RESPIRO ANTI CHAMA DURATEC HE 2.0 16V CJBA;0,;30,19;
124287;JTA TRASEIRA CABE GM VECTRA ASTRA S10 2.0 2.2 16V;11,;4,99;DIV-3_D.7
143783;JTA TROCADOR CALOR FIAT BRAVO LINEA PUNTO 500 MTR;0,;131,54;
143797;JTA TROCADOR CALOR RESFRIADOR OLEO SUP FILTRO FIAT;0,;28,20;
15373301;JTA TROCADOR DE CALOR BMW 118I 120I E81/E87 318I 3;0,;74,36;
153733012;JTA TROCADOR DE CALOR BMW 118I 120I E81/E87 318I 3;0,;74,36;
15378008;JTA TROCADOR DE CALOR HYUNDAI I30 IX35 ELANTRA CRE;0,;57,20;
15378601;JTA TROCADOR DE CALOR RENAULT LOGAN SANDERO KWID S;0,;70,81;
1537155;JTA TROCADOR DE CALOR TOYOTA HILUX MTR TD 16V 1KZT;10,;59,96;SEL-2_F.9
15421283;JTA TU1 TU1M 1.1 TU2.4 1.3 TU3 1.4 8V PG 106 205 3;0,;7,49;
1542165;JTA TU3JP KFW K6D KFV 1.4 8V FLEX PG 307 1007 01/.;0,;7,42;
164230;JTA TUBO ADM SPRINTER CDI LA DIESEL BI TURBO EURO;0,;26,42;
1442653;JTA TUBO AR CONDICIONADO FIAT MAREA 1.8 2.0 2.4 16;0,;7,09;
19211004;JTA TUBO COL ADM MTR CUMMINS SERIE B 4B BTA 3.9L 8;0,;12,12;
144227;JTA TUBO RESPIRO OLEO FIAT TIPO 2.0 8 16 VAL;0,;5,24;
124219;JTA TUBO SEPARADOR OLEO GM MONZA KADETT IPANEMA S1;0,;4,66;
1242751;JTA TUBO SEPARADOR OLEO GM VECTRA ASTRA 1.8 2.0 2.;0,;7,40;
1242871;JTA TUBO SEPARADOR OLEO GM VECTRA ASTRA 1.8 2.0 2.;0,;7,76;
1637201;JTA TUBO SUCCAO AGUA MB366 MB366A OM 366 OM 366A 6;0,;3,61;
1537193;JTA TUBO VAL EGR;0,;157,74;
124220;JTA TUBO VENT CAR GM CORSA 1.0 1.4 1.6 8V 94/...;0,;4,54;
16013835;JTA TURB BB DAGUA FORD RANGER TRANSIT 2.2 16V 13/.;0,;50,54;
16000111;JTA TURBINA 4D55T 4D56 HY 2.3 2.4 2.5 8V KIT  1600;0,;18,61;
16000113;JTA TURBINA 4D55T 4D56 HY 2.3 2.4 2.5 8V KIT 16000;0,;15,98;
16000705;JTA TURBINA MITS L200 TD L300 PAJERO TD HPE MONTER;0,;15,56;
112283;JTA TURBINA VW PASSAT ADR AFY AEB 1.8 20V;0,;8,28;
17171705SL;JTA TV  CATERPILLAR C15 C16 C18 3406E (0606210103);0,;279,23;
131783SL;JTA TV  SILIC FORD DURATORQ PUMA TDCI (22DDOP) 2.2;0,;138,79;
15171832BP;JTA TV 2 PCS CITROEN C4 C5 PICASSO PEUGEOT 307 807;5,;235,60;C9-B.3
131753CBL;JTA TV 2 PCS COR FORD RANGER EXPLORE V6 4.0 12 VAL;0,;91,23;
15173405PV;JTA TV 2 PCS DODGE DAKOTA CHEROKEE 2 5 DIESEL;0,;81,70;
1517193ML;JTA TV ACO F1AEO481C/D/N 2.3 16V FIAT DUCATO IVECO;20,;190,37;CAM-2_I.1
15174001ML;JTA TV ACO FIAT IVECO 3 0 16V 2008     F30DT   DUC;2,;167,71;C20-J.1
141709ML;JTA TV ACO FIAT PALIO SIENA BRAVA 1.6 16 VAL 95/00;10,;34,95;TV-14_B.6
141753ML;JTA TV ACO FIRE BRAVA PALIO SIENA UNO 1.0 1.3 16V;0,;42,14;
1117124;JTA TV ACO VW MSI 1.6 GOL VOYAGE SAVEIRO FOX CROSS;0,;77,51;
1117118ML;JTA TV ACO VW UP FOX BLUEMOTION MTR 1.0 CHYA CHYB;0,;62,15;TV-11_F.2
1517193BI;JTA TV ALUM 16V FIAT DUCATO IVECO JTD MULTIJET PGT;0,;411,07;
1517181NA;JTA TV ANTI CHAMA CHANGAN STAR JL465QB CHANA F10A;0,;11,87;
141753PK;JTA TV BASPACK FIAT PALIO FIRE 1 0 1 3 16V;20,;40,22;TV-14_E.5
141709PK;JTA TV BASPACK FIAT PALIO SIENA BRAVA 1.6 16 VAL 9;4,;71,79;TV-14_A.1
161710PK;JTA TV BASPACK M BENS OM314 L608D INJ DIRETA;0,;25,14;
161714PK;JTA TV BASPACK M BENS OM355 5 CIL 1519 2219;0,;12,80;
161722PK;JTA TV BASPACK M BENS OM364D 709;0,;17,95;
151786PK;JTA TV BASPACK RENAULT CLIO KANGOO TWINGO D7D D7F;2,;58,77;C40-F.2
1517114PK;JTA TV BASPACK RENAULT CLIO MEGANE SCENIC KANGOO K;3,;31,51;C40-I.4
151705PK;JTA TV BASPACK RENAULT TRAFIC DIESEL;0,;45,75;
161706PK;JTA TV BASPAK M BENS OM352 352A TODOS;0,;38,48;
161704PK;JTA TV BASPAK M BENS OM352 352A TODOS;0,;39,68;
161720PK;JTA TV BASPAK M BENS OM366;0,;28,07;
151723BN;JTA TV BESTA GS K2700 PREGIO MT. J2 2.7 8V.;4,;8,92;C40-B.2
15170701BN;JTA TV BN MTR 4Y OHC SFG 6FG 7FG 8FG 2.2 8V JIMBEI;0,;57,01;
141757BN;JTA TV BOR (TP ALUMINIO) FIAT MAREA 2.0 20 VAL 5 C;10,;64,21;TV-14_E.1
131777BN;JTA TV BOR (TP ALUMINIO) FORD ECOSPOST MONDEO 2.0;0,;140,73;
151760035BN;JTA TV BOR (TP PLASTICA RETA) NISSAN FRONTIER PART;0,;175,93;
151760037BN;JTA TV BOR (TP PLASTICA TORTA) NISSAN FRONTIER PAR;6,;191,31;C10-B.1
1517102BN;JTA TV BOR (TV ALUMINIO) ALFA ROMEU TWIN SPARK 145;0,;129,25;
15171412BN;JTA TV BOR 2 PCS PEUGEOT 206 307 406 407 607 806 8;6,;145,89;C20-B.1.B
1517982BN;JTA TV BOR 2 PCS PEUGEOT 306 406 CITROEN XANTIA XS;3,;99,99;C30-C.1
191704BN;JTA TV BOR 4B/BTA 3.9;0,;0,00;
19181004BN;JTA TV BOR 4B/BTA-3.9L 8V DIESEL CUMMINS SERIE B;0,;33,26;
191810045BN;JTA TV BOR 4B/BTA-3.9L 8V DIESEL CUMMINS SERIE B;0,;56,58;
1117117BN;JTA TV BOR AMAROK 2,0 4CIL 16V MTR CNFA CNFAB DIES;0,;118,42;
151707BN;JTA TV BOR ASIA TOPIC 2.7 MAZDA 3.0 KIA BONGO ASIA;0,;37,68;
151708BN;JTA TV BOR ASIA TOWNER 3CIL GAS;0,;27,64;
1117121BN;JTA TV BOR AUDI A1 A3 A5 A6 TT Q3 VW GOLF JETTA PA;0,;126,70;
1117126BN;JTA TV BOR AUDI A1 A3 A5 A6 TT Q3 VW GOLF JETTA PA;3,;224,06;TV-11_G.2.A
15173302BN;JTA TV BOR BMW 120I 118I 320I 318I X3I Z4I N42 N46;0,;425,79;
15173304BN;JTA TV BOR BMW 323I 325I 523I Z3 523 525 328 728 M;0,;462,79;
15173303BN;JTA TV BOR BMW 325I 525I 525IX TOURING 2.5 24V;0,;373,93;
15173301BN;JTA TV BOR BMW X3I Z4I 116I 118I 120I 320I MTR N46;3,;267,95;C10-I.3
141749BNVT;JTA TV BOR BVT FIAT PALIO UNO FIRE 1.0 1.3 1.4 8V;0,;18,84;
131749BNVT;JTA TV BOR BVT FORD ESCORT MONDEO ZETEC 2.0 16V 10;0,;29,20;
131745BNVT;JTA TV BOR BVT FORD FIESTA ECOSPORT KA ZETEC ROCAM;0,;29,12;
121708BNVT;JTA TV BOR BVT GM CORSA CELTA 98/04 MPFI 8V MERIVA;0,;16,25;
1517134BNVT;JTA TV BOR BVT PEUGEOT 206 307 PARTNER CITROEN XSA;0,;66,13;
1517146BNVT;JTA TV BOR BVT TOYOTA COROLLA COROLLA FILDER VVTI;0,;42,75;C30-H.1
111761BNVT;JTA TV BOR BVT VW SANTANA GOL MI C INJECAO AP 1.6;0,;30,58;
15178303BN;JTA TV BOR CHERY MOTOR SQR473 1.3 16V L4 CIELO;4,;166,50;C20_A.2
15178301BN;JTA TV BOR CHERY QQ MTR SQ472F 1.1 16V 2011/...;0,;204,34;
15178302BN;JTA TV BOR CHERY RELY SQR473 1.3 16V L4;0,;183,42;
1217162BN;JTA TV BOR CHEVROLET CAPTIVA 2.4 16V ECOTEC;2,;221,42;TV-12_B.3
1217168BN;JTA TV BOR CHEVROLET CAPTIVA 2006/2009;4,;373,45;C30_B.1
141791BN;JTA TV BOR CHRYSLER DODGE FIAT JEEP  FREEMONT SEBR;0,;186,93;TV-14_F.3
1517237BN;JTA TV BOR CHRYSLER DODGE GALLOPER HYUNDAI MITSUBI;0,;167,81;
1517238BN;JTA TV BOR CHRYSLER DODGE MITSUBISHI 2 5 3 0 V6 24;0,;53,94;
15175403BN;JTA TV BOR CHRYSLER DODGE MITSUBISHI 2 5 3 0 V6 24;0,;132,49;
1517184BN;JTA TV BOR CIT XANTIA ZX PGT 306 405MI 405TI TURBO;0,;103,47;
1517190BN;JTA TV BOR COM LIMIT NISSAN FRONTIER PARTHFINDER M;0,;142,45;
19171006BN;JTA TV BOR CUMMINS CAMINHAO ISB6 5.9 24V;0,;18,79;
1517226BN;JTA TV BOR DAIHATSU CUORE DOMINO MIRA MOVE 1 0 ED1;0,;150,08;
1517224BN;JTA TV BOR DAIHATSU MOTOR 1 6 1 8 2 0 8 VAL 1Y 1Y;0,;108,71;
15173408BN;JTA TV BOR DODGE JOURNEY DURANGO CHALLENGER CHARGE;2,;601,23;C9_G.5
151719BN;JTA TV BOR EFFA CHANA CHANGAN STAR MTR JL465QB 1.0;0,;84,73;
141749BNEL;JTA TV BOR ELRING FIAT PALIO UNO  FIRE 1.0 1.3 1.4;0,;16,10;
131745BNEL;JTA TV BOR ELRING FORD FIESTA ECOSPORT SUPERCHARGE;7,;24,92;
121793BNEL;JTA TV BOR ELRING GM CORSA 1.6 16V 95/... CORSA 1.;0,;38,40;
1517112BNEL;JTA TV BOR ELRING HONDA CIVIC 1.5 1.6 16V 864260;0,;58,98;
1517171BNEL;JTA TV BOR ELRING HONDA CIVIC COUPE STRAM LX-FR-VV;0,;56,60;
1517128BNEL;JTA TV BOR ELRING PGT 106 205 206 307 307 309 TU5J;0,;58,56;
1517100BNEL;JTA TV BOR ELRING PGT 306 XSI 405 GRI SRI STI CIT;5,;54,66;C40-H.2
19171204BN;JTA TV BOR F94 K94 L94 P94 MOTOR DC9;0,;156,86;
141786BN;JTA TV BOR FIAT 1.0 EVO GRAND SIENA IDEA 500 PALIO;26,;51,96;TV-14_F.1
141795BN;JTA TV BOR FIAT ARGO CRONOS DOBLO GRAND SIENA PALI;1,;48,30;C-10_J.2
141792BN;JTA TV BOR FIAT ARGO CRONOS MOBI UNO MTR FIREFLY A;10,;46,07;TV-14_B.3
141793BN;JTA TV BOR FIAT ARGO MOBI UNO CRONOS FIREFLY FLEX;13,;65,53;TV-14_H.5
141788BN;JTA TV BOR FIAT DOBLO GRAN SIENA SIENA IDEA PALIO;0,;117,49;
141787BN;JTA TV BOR FIAT DOBLO GRAND SIENA IDEA PALIO PUNTO;4,;83,91;TV-14_H.2
151740BN;JTA TV BOR FIAT DUCATO 2.5 ASPIRADA IVECO TURBODAI;0,;168,09;
141785BN;JTA TV BOR FIAT EVO GRAND SIENA IDEA 500 PALIO PUN;23,;20,78;TV-14_G.2
141765BN;JTA TV BOR FIAT MAREA BRAVA 1.8 16 VAL 00/...;7,;79,26;TV-14_D.1
1417692BN;JTA TV BOR FIAT MAREA STILO ABARTH 2 4 20V 5 CIL T;0,;75,38;
141707BN;JTA TV BOR FIAT TEMPRA TIPO 2.0 16 VAL;6,;58,77;TV-14_A.2
15173411BN;JTA TV BOR FIAT TORO 16/... MTR TIGERSHARK 2.4 16V;5,;189,03;C9-B.1
141749BN;JTA TV BOR FIAT UNO SMART PALIO SIENA IDEA PUNTO F;132,;21,21;TV-14_J.2
121708BN;JTA TV BOR FILET GM CORSA CELTA PRISMA 04-98/... M;0,;26,42;TV-13_E.1
121712BN;JTA TV BOR FILET GM VECTRA KADETT 97/... GM ASTRA;8,;17,65;TV-12_A.3
121712BNVT;JTA TV BOR FILET GM VECTRA KADETT 97/... GM ASTRA;0,;19,02;TV-12_A.3
181711BN;JTA TV BOR FINA MWM D225 226 227 229;0,;4,93;
131773BN;JTA TV BOR FORD (TP PLASTICO) ECOSPORT FOCUS FUSIO;3,;83,29;TV-13_D.2
131778BN;JTA TV BOR FORD ECOBOOST FOCUS 13/... MGDA XQDA 2.;5,;100,80;TV-12_D.2
131792BN;JTA TV BOR FORD ECOSPORT 17/... KA KA+ 18/... MTR;5,;59,11;TV-13_E.3.B
131701BN;JTA TV BOR FORD ESCORT CHT CORCEL I II VW AE 1.6 G;7,;12,23;TV-13_J.1
131749BN;JTA TV BOR FORD ESCORT MONDEO ZETEC 1.8 2.0 16 VAL;10,;63,89;TV-13_F.3
131745BN;JTA TV BOR FORD FIESTA ECOSPORT SUPERCHARGER KA ZE;14,;37,13;TV-13_G.2
131743BN;JTA TV BOR FORD FIESTA KA COURIER ZETEC 1.4 16 VAL;32,;50,25;TV-13_H.3
131771BN;JTA TV BOR FORD FOCUS ZETEC 1.8 2.0 MONDEO 16 VAL;0,;75,99;TV-13_E.2.A
131790BN;JTA TV BOR FORD KA KA+ NEW FIESTA ECOBOOST TIVCT M;17,;90,09;TV-13_B.1
131796BN;JTA TV BOR FORD MOTOR - ECOBOOST TIVCT M2DA M1DA 1;21,;184,37;TV-12_H.3
131796SL;JTA TV BOR FORD MOTOR -ECOBOOST TIVCT M2DA M1DA 1.;0,;254,33;
131781BNVT;JTA TV BOR FORD NEW FIESTA 1.5 1.6 16V SIGMA 10/..;0,;42,17;
131781BN;JTA TV BOR FORD NEW FIESTA ECOSPORT 10/.. FOCUS 07;33,;78,62;TV-13_C.3
131784BN;JTA TV BOR FORD NEW FIESTA ECOSPORT 13/. FOCUS 07/;3,;70,42;TV-13_B.2
131797BN;JTA TV BOR FORD NEW FIESTAS 2016/... MOTOR-ECOBOOS;0,;169,60;
131786BN;JTA TV BOR FORD RANGER 13/... TROLLER - T4 MTR DUR;0,;217,91;
131761BN;JTA TV BOR FORD RANGER AEROSTAR MAZDA B3000 3.0 V6;0,;251,50;
131780BN;JTA TV BOR FORD RANGER D TD MAZDA B2500 MPVTDI 2 5;0,;72,53;
151744BN;JTA TV BOR FURO DENTRO FIAT DUCATO 2.5 2.8 TURBO;6,;45,49;C40-C.1
151742BN;JTA TV BOR FURO FORA FIAT DUCATO 2.8 ASPIRADO;5,;37,63;C40-B.3
12171614BN;JTA TV BOR GM CAPTIVA MTR 10HM 3.6 24V V6;0,;281,76;
121701BN;JTA TV BOR GM CHEVETTE 1 4 1 6 ALC GAS JUNIOR 1 0;0,;18,67;
121793BN;JTA TV BOR GM CORSA 1.6 16V 95/... CORSA 1.0 16V 9;3,;83,20;TV-12_B.1
1217170BN;JTA TV BOR GM CRUZE 16/...TRACKER 17/... MTR LE2 L;6,;232,63;C9_G.2
1217119BN;JTA TV BOR GM MERIVA FIAT STILO 1.8 16V 04/... FLE;2,;78,96;TV-12_B.2
1217121BN;JTA TV BOR GM OMEGA A CIH 6CIL 3.0 12V;0,;111,67;
151709BN;JTA TV BOR GM S10 BLAZER M BENS SPRINTER LANDER RO;3,;38,97;C40-A.1
1217105BN;JTA TV BOR GM S10 BLAZER VORTEC GAS V6 4.3;2,;169,33;TV-12_C.3.B
1217167BN;JTA TV BOR GM S10 EQUINOX MTR LCV ECOTEC SIDI DOHC;0,;124,88;
1217166BN;JTA TV BOR GM S10 TRAIL BLAZER 12 CTDI LTZ 2.8 4CI;0,;228,45;
121713BN;JTA TV BOR GM VECTRA ASTRA 16V 98/...;3,;61,74;TV-12_A.2
1217150BN;JTA TV BOR GM VECTRA GSI CALIBRA 2.0 16 VAL 94/96;0,;318,48;
1117115BN;JTA TV BOR GOLF NEW BEETLE POLO MTR AKL 1.6 8V AEG;4,;101,65;TV-12_H.1
1517227BN;JTA TV BOR HONDA ACCORD 2 3 16VAL VTEC F18B2 F20B5;0,;53,66;
15171592BN;JTA TV BOR HONDA ACCORD 2 3 16VAL VTEC F18B2 F20B5;0,;414,08;
1517228BN;JTA TV BOR HONDA ACCORD PRELUDE 1 8 2 0 2 2 16 VAL;0,;136,69;
1517112BN;JTA TV BOR HONDA CIVIC 1.5 1.6 D15Z3 D15Z6 D15Z D1;0,;82,25;C40-I.2
1517136BN;JTA TV BOR HONDA CIVIC 16V D15B1 D15B2 D15B6 D15B7;2,;100,29;C30-F.4
1517185BN;JTA TV BOR HONDA CIVIC 4 1.8 16 VAL 2006 ACCORD TO;7,;70,63;C30-E.1
1517171BN;JTA TV BOR HONDA CIVIC COUPE STREAM LX FR-VVTEC 1.;5,;78,14;C30-F.1
1517169BN;JTA TV BOR HONDA FIT CITY JAZZ I-DSI TWIN SPARK 1.;8,;93,93;C30-G.1
1517170BN;JTA TV BOR HONDA FIT VTEC CITY ZX L15A2 L15A16 1.5;0,;124,62;
15178015BN;JTA TV BOR HYUN 1.0 12V G3LC F3LBG HB20 TURBO V3;4,;138,15;C30-B.4
15178002BN;JTA TV BOR HYUNDAI ACCENT GL GS GSI ELANTRA SCOUPE;0,;103,91;
1517231BN;JTA TV BOR HYUNDAI ACCENT GL GS GSI ELANTRA SCOUPE;0,;59,79;
1517230BN;JTA TV BOR HYUNDAI ATOS PRIME SANTRO 12 VAL G4HC;0,;99,65;
15178004BN;JTA TV BOR HYUNDAI AZERA SANTA FÉ GRAND SANTA FÉ K;2,;222,25;C10-F.3
15178001BN;JTA TV BOR HYUNDAI COUPE SANTA FE SONATA TIBURON T;1,;227,38;C10-F.2
151711BN;JTA TV BOR HYUNDAI H100 H1MITSUBSHI L200 L300 PAJE;12,;35,09;C40-A.3
1517116BN;JTA TV BOR HYUNDAI H100 MITSUBISHI PAJERO MONTERO;0,;3,86;
1517187BN;JTA TV BOR HYUNDAI HB20 I30 VELOSTER KIA SOUL CERA;0,;86,08;
1517186BN;JTA TV BOR HYUNDAI HB20 KIA PICANTO 1.0 12V KAPPA;14,;84,31;C20-H.2
15175605BN;JTA TV BOR HYUNDAI HR 13/... KIA BONGO 13/... MTR;0,;135,21;
1517177BN;JTA TV BOR HYUNDAI TUCSON I30 KIA SPORTAGE CERATO;0,;101,32;
15178008BN;JTA TV BOR I30 ELANTRA CRETA MTR G4NB F4NA MPI 1.8;6,;198,48;C10-E.3.B
15178501BN;JTA TV BOR JAC MOTORS J2 J3 J5 MTR 4A90 VVT 1.4 1.;4,;136,55;C10-E.3.A
1117122BN;JTA TV BOR JETTA BORA BGB BRC BWA BPJ BUL BWE BPG;0,;132,74;
15170702BN;JTA TV BOR JIMBEI TOPIC 2.0 16V;0,;57,01;
151756BN;JTA TV BOR KIA BESTA 2.7 GS 3.0 16 LUGARES K2700 B;1,;39,78;C40-C.4
151721BN;JTA TV BOR KIA BESTA ESPORTAGE 2.0 2.2 DIESEL;3,;48,10;C40-B.1
151771BN;JTA TV BOR KIA K2500 PREGIO HYUNDAI HR TERRACAN MT;15,;71,90;C9-E3
15178016BN;JTA TV BOR KIA SPORTAGE 04/10 HYUNDAI TUCSON 04/11;0,;368,49;
15173707BN;JTA TV BOR LAND ROVER FREELANDER 2 VOLVO XC60 XC70;0,;289,04;
131774BN;JTA TV BOR LAND ROVER RANGE ROVER EVOQUE FREELANDE;5,;325,77;TV-11_F.1
15173701BN;JTA TV BOR LAND ROVER RANGE ROVER SPORT DICOVERY 3;0,;501,14;
141712BNL;JTA TV BOR LIMIT FIAT TEMPRA 8 VAL;0,;17,31;
141714BNL;JTA TV BOR LIMIT FIAT UNO 1 5 1 6 TIPO 1 6 ARGENTI;0,;7,09;
131706BNL;JTA TV BOR LIMIT FORD FIESTA KA 1 0 1 3 ENDURA;0,;16,83;
131765BN;JTA TV BOR LIMIT FORD FOCUS ZETEC 1 8 2.0 16 ATE 2;0,;669,94;
131759BNL;JTA TV BOR LIMIT FORD MAVERICK JEEP WILLYS RANGER;0,;184,12;
121706BNL;JTA TV BOR LIMIT GM CORSA ALC GAS EFI MPFI 1.0 1.4;0,;27,02;
121705BNL;JTA TV BOR LIMIT GM MONZA KADETT 87/96 VECTRA 94/9;0,;27,02;
111783BN;JTA TV BOR LIMIT VW GOLF BORA VARIANT PASSAT AUDI;0,;81,51;
111761BNL;JTA TV BOR LIMIT VW SANTANA GOL GOLF SR PARATY SAV;26,;55,85;TV-12_I.2
151735BN;JTA TV BOR M BENS 120D 130D 140D 150D 170D 180D MO;0,;117,44;
161728BN;JTA TV BOR M BENS SPRINTER CDI 2.2 16 VAL MB611.96;0,;89,60;
1517234BN;JTA TV BOR MAZDA 626 DX LX MX 6 PROBE 1 8 2 0 16VA;0,;88,59;
1517214BN;JTA TV BOR MERCEDES CLASSE A 140 160 190;0,;147,71;
1517236BN;JTA TV BOR MITSUBISH ECLIPSE GS RS GALANT DE ES LS;0,;165,44;
15175414BN;JTA TV BOR MITSUBISHI 4HN MIVEC 2.2 16V 4CIL TURBO;2,;332,23;C30_B.2
15175413BN;JTA TV BOR MITSUBISHI AIRTREK ECLIPSE GRANDIS MTR;0,;203,33;
151754BN;JTA TV BOR MITSUBISHI ECLIPSE PAJERO 4M40T 2.5 2.8;0,;169,33;
15175415BN;JTA TV BOR MITSUBISHI L200 TRITON 2017/... PAJERO;2,;362,30;C10-H.1.B
1517196BN;JTA TV BOR MITSUBISHI MONTERO III PAJERO TD TRITON;0,;166,09;
15175416BN;JTA TV BOR MITSUBISHI OUTLANDER 3.0 L V6 24V;3,;178,58;C40_H.1
131785BN;JTA TV BOR MTR FORD DURATORQ PUMA TDCI (22DDOP) 2.;0,;201,61;
131783BN;JTA TV BOR MTR FORD RANGER TRANSIT 2.2 16V 13/.. T;0,;102,83;
131788BN;JTA TV BOR MTR FORD TROLLER MTR NGD MWM POWER STRO;3,;279,27;TV-13_A.3
151795BN;JTA TV BOR MTR KIA SPORTAGE 2.0 16V 95/..1998CC DO;0,;339,09;
131789BN;JTA TV BOR MTR POWER STROKE 3.0 16V DIESEL FORD RA;0,;183,88;
15176805BN;JTA TV BOR MTR SUZUKI JIMNY  MTR M13A 1.3 16V 4CIL;0,;204,76;
151758BN;JTA TV BOR MWM VOLARE A6 GM S10 BLAZER VW VAN SPRI;18,;27,92;C40-D.1
151759BN;JTA TV BOR MWM VOLARE SPRINT 6.07 6 CIL;1,;58,24;C40-D.2
181723BN;JTA TV BOR MWM X10 4.10 4.10T 6.10 6.10T;0,;9,79;
15175408BN;JTA TV BOR NBR MITSUBISHI OUTLANDER AIRTREK LANCER;6,;185,72;C10-H.1.A
15176012BN;JTA TV BOR NISSA MOTOR YS23 2.3 16V DCI/M9T NISSAN;2,;211,73;C20_D.3.B
15176004BN;JTA TV BOR NISSAN CABSTAR MTR YD25DDTI 2.5 16V.;7,;186,57;C10-G.2.A
1517229BN;JTA TV BOR NISSAN FRONTIER MAXIMA PATHFINDER QUEST;0,;165,12;
15176003BN;JTA TV BOR NISSAN FRONTIER PARTHFINDER 2.5 16V;11,;163,86;C9_D.3
1517189BN;JTA TV BOR NISSAN FRONTIER PARTHFINDER TERRANO 2.5;0,;152,54;
15176005BN;JTA TV BOR NISSAN MARCH LIVINA TIIDA VERSA MTR HR1;7,;64,87;C10-G.1.B
15176006BN;JTA TV BOR NISSAN MARCH VERSA  HRDE12 CVVTCS FLEX;3,;71,98;C30-B.3
151760BN;JTA TV BOR NISSAN SENTRA TIIDA VERSA LIVINA RENAUL;6,;67,29;C40-D.3
19171004BN;JTA TV BOR NIT CUMMINS 4B BTA 3.9L 6B BT 5.9L;0,;18,43;
1217124BN;JTA TV BOR ONIX PRISMA SPE/4 1.0 1.4 2012/...;4,;54,96;TV-12_C.1
15178013BN;JTA TV BOR PAR HYUNDAI TUCSON SANTA FE SONATA KIA;0,;265,99;
171718BN;JTA TV BOR PERKINS D20 Q20B SA4 4CIL;0,;22,50;
1517100BN;JTA TV BOR PEUG 306 XSI 405 GRI SRI STI CITROEN XA;4,;81,51;C40-H.2
1517128BN;JTA TV BOR PEUGEOT 106 206 205 306 307 309 TU5JP N;10,;64,87;C30-J.2
151796BN;JTA TV BOR PEUGEOT 205 306 309 405 PARTNER BOXER E;2,;118,64;C40-G.3
1517141BN;JTA TV BOR PEUGEOT 206 307 406 407 607 806 807 CIT;0,;42,53;
1517134BN;JTA TV BOR PEUGEOT 206 307 PARTNER CITROEN SXARA C;2,;43,07;C30-I.3
15179602BN;JTA TV BOR PEUGEOT 3008 308 508 RC2 1.6 16V 06/...;7,;164,15;C10-E.2
15179605BN;JTA TV BOR PEUGEOT CITROEN 208 C3 MTR PURETECH HMY;3,;252,02;C9_C.1
1517134BPE10;JTA TV BOR PLAS 100 PCS PEUGEOT 206 307 PARTNER CI;0,;61,53;
1517134BPE05;JTA TV BOR PLAS 50 PCS PEUGEOT 206 307 PARTNER CIT;0,;80,82;
1517134BPE50;JTA TV BOR PLAS 500 PCS PEUGEOT 206 307 PARTNER CI;0,;49,16;
1517134BP;JTA TV BOR PLAS PEUGEOT 206 307 PARTNER CITROEN C3;280,;72,97;COL-13_A.6
141769BN;JTA TV BOR PLAST FIAT MAREA STILO ABARTH 2 4 20V 5;1,;61,42;TV-14_D.3
15175608BN;JTA TV BOR PLAST KIA PICANTO 08/12 C4HE 1.0 12V;8,;123,69;C10-G.3.A
1517122BN;JTA TV BOR R5B RFL RFU X10J2 RFW XU10J2C XU10J2U B;0,;85,79;
15178602BN;JTA TV BOR RENAULT CAPTUR DUSTER OROCH LOGAN II SA;0,;125,00;C-10_G.4.B
1517173BN;JTA TV BOR RENAULT CLIO KANGOO LOGAN MODUSO TWINGO;5,;43,64;C30-F.3
1517861BN;JTA TV BOR RENAULT CLIO KANGOO TWINGO D7D D7F 1.0;7,;72,96;C30-E.6
151787BN;JTA TV BOR RENAULT CLIO KANGOO TWINGO PEUGEOT 206;5,;55,40;C40-F.3
151774BN;JTA TV BOR RENAULT CLIO R19 C3L 1.6 8 VAL C INJECA;0,;191,84;
151778BN;JTA TV BOR RENAULT CLIO TWINGO 1300 C3G;3,;75,61;C40-F.1
1517175BN;JTA TV BOR RENAULT MASTER 2.5 16 VAL G9U 720 724 7;3,;67,60;C30-F.6
1517180BN;JTA TV BOR RENAULT MASTER III DCI M9T 2 3 16V 4 CI;4,;191,49;C20_E.2.B
15171801BN;JTA TV BOR RENAULT MASTER III DCI M9T 2 3 16VAL 4;0,;191,03;
151776BN;JTA TV BOR RENAULT TRAFIC CLIO SCENIC R11 R19 R21;1,;75,61;C40-E.2.A
151702BN;JTA TV BOR RENAULT TRAFIC GAS;0,;73,60;
131759BN;JTA TV BOR SEM LIMIT FORD MAVERICK JEEP WILLYS RAN;0,;162,09;
15175408SL;JTA TV BOR SILIC MITSUB TRITON OUTL AIRTREK LANC;0,;230,13;
161730BN;JTA TV BOR SPRINTER CDI LA DIESEL BI TURBO EURO 5;3,;90,41;C10-I.1
15173801BN;JTA TV BOR SSANGYONG KYRON ACTION KORANDO MTR D20D;0,;145,01;
151718BN;JTA TV BOR SUZUKI EFFA JIMNY SIERRA SJ410 SUPER CA;0,;54,87;
15176803BN;JTA TV BOR SUZUKI GRAN VITARA 2009/... SX4 2010/..;4,;231,21;C30-B.5.A
1517163BN;JTA TV BOR SUZUKI GRAND VITARA SZ BALENO VITARA 95;0,;98,36;
15176804BN;JTA TV BOR SUZUKI JIMNY 98/2003 IGNIS MTR M13 1.3;3,;229,30;TV-11_G.5
15175001BN;JTA TV BOR TOYOTA 1AZFE 2.0 16V;4,;212,92;C30-A.3
1517225BN;JTA TV BOR TOYOTA CAMRY CELICA CORONA RAV4 MR2 2 0;0,;173,17;
1517106BN;JTA TV BOR TOYOTA COROLLA 1.6 4AFE 1.8 7AFE 16 VAL;3,;34,99;C40-H.3
1517221BN;JTA TV BOR TOYOTA COROLLA PASEO TERCEL 1 5 16 VAL;0,;173,29;
1517154BN;JTA TV BOR TOYOTA COROLLA PRIUS 07/... 2ZR FE 1.8;0,;98,67;
1517146BN;JTA TV BOR TOYOTA COROLLA VVTI FILDER VVTI RAV4 1Z;6,;36,77;C30-H.1
15175016BN;JTA TV BOR TOYOTA ETIOS MTR 2NR-FE 1.5 1NR-FE 1.3;9,;145,00;C40-C2
15175607BN;JTA TV BOR TOYOTA ETIOS MTR 2NR-FE DUAL VVTI 1.3 1;0,;83,22;
15175013BN;JTA TV BOR TOYOTA ETIOS MTR 2NR-FE DUAL VVTI 1.3 1;4,;145,06;C9_D.2
1517155BN;JTA TV BOR TOYOTA HILUX 16V 2KD FTV TURBO DIESEL 2;3,;83,83;C30-H.3
151750BN;JTA TV BOR TOYOTA HILUX 2 3 5 LITROS 2.5 2.8 3.0 D;4,;43,85;C40-C.3
1517223BN;JTA TV BOR TOYOTA HILUX LANDCRUISE T100 TACOMA TUN;0,;214,63;
15175008BN;JTA TV BOR TOYOTA HILUX LANDCRUISER PRADO MTR 2TR;4,;165,99;C10-H.3.A
15175012BN;JTA TV BOR TOYOTA HILUX SW4 SRV 2016/... MTR 2.8 1;3,;138,31;C10-H.2
151764BN;JTA TV BOR TOYOTA HILUX TD LANDCRUISER 90TD 3.0 DI;4,;109,50;C40-D.4
1517222BN;JTA TV BOR TOYOTA LANDCRUISER COASTER DELTA DYNA T;0,;99,65;
15175002BN;JTA TV BOR TOYOTA LANDCRUISER COASTER DYNA 200 DAI;0,;162,60;
141798BN;JTA TV BOR TP PLASTICO FIAT MOBI 17/...UNO 16/...P;37,;56,38;TV-14_G.1
1517103BN;JTA TV BOR TV PLASTICO ALFA ROMEU TWIN SPARK 156 1;0,;251,40;
15176207BN;JTA TV BOR VTEC L15A7 LEA1 1.5 16V HONDA CITY;10,;152,84;C10-F.1
111706BN;JTA TV BOR VW GOL AT 1000 8V 97/...;5,;52,82;TV-12_J.2
111707BN;JTA TV BOR VW GOL PARATI SAVEIRO MI 1.0 16V 97/...;7,;39,09;TV-12_G.3
111705BN;JTA TV BOR VW GOL SANTANA SAVEIRO PARATI AP ESCORT;0,;9,47;
1117119BA;JTA TV BOR VW GOLF BORA VARIANT PASSAT A4 A6 2.0 A;0,;862,69;
11171117BN;JTA TV BOR VW PASSAT AUDI A4 A6 A8 S4 S6 2 4 2 7 2;0,;0,00;
1117119BN;JTA TV BOR VW PASSAT AUDI A4 A6 A8 S4 S6 2 4 2 7 2;0,;147,64;
1517159BN;JTA TV BORR  HONDA ACCORD ODYSSEY MTR F18B2 F18B3;0,;209,01;
15178306BN;JTA TV BORR  LIFAN 530 MTR LF479Q2B 1.5 16V;3,;158,98;C9-F.1
15178308BN;JTA TV BORR  LIFAN 620 MTR LF481Q3 1.6 16V DOHC L4;7,;106,84;C10-C.1.A
15178305BN;JTA TV BORR CHERY CELER TIGGO 12/... SQR477F 1.5 1;0,;73,16;
15178309BN;JTA TV BORR CHERY FACE S18 RELY SQR473 1.3 16V L4 ;0,;55,93;
15179610BN;JTA TV BORR CITROEN JUMPER PEUGEOT BOXER FIAT DUCA;0,;395,65;
141783BN;JTA TV BORR FIAT 500 PUNTO IDEA BRAVO LINEA 2007 M;0,;168,91;
1417102BN;JTA TV BORR FIAT FASTBACK PULSE  MTR GSE T200 1.0;7,;134,02;C9_C.4
1417103BN;JTA TV BORR FIAT FASTBACK PULSE ABARTH TORO JEEP R;7,;233,70;C9_C.5
141712BN;JTA TV BORR FIAT TEMPRA 8V;0,;16,77;
1217174BN;JTA TV BORR GM ONIX TRACKER 2G 2020/... MTR L4G 1.;0,;94,52;
1217173BN;JTA TV BORR GM ONIX TRACKER 2G 2020/... MTR LIG 1.;10,;68,88;C9-G.1
15176204BN;JTA TV BORR HONDA ACCORD ODYSSEY MTR F18B2 F18B3 F;0,;125,65;
15175610BN;JTA TV BORR KIA MAGENTE CARENS MTR 2.0 G4KA;2,;266,25;C40_D.4.B
15175602BN;JTA TV BORR KIA SORENTO 02/... MTR D4CB INJ DIRETA;0,;158,87;
15175609BN;JTA TV BORR KIA SORENTO MTR D4CB INJ DIRETA DIESEL;0,;211,94;
1617462BN;JTA TV BORR MBENS 300SE C280 CLK320 E280 ML320 SSA;0,;369,96;
1517194BN;JTA TV BORR MITSUBISHI PAJERO IO 98/ TR4 FLEX 02/ ;2,;63,13;RESEVAS
181729BN;JTA TV BORR MTR MWM VM220 VM270 VM330 4.8H SCR 7.2;0,;27,16;
15175420BN;JTA TV BORR NBR MITSUBISHI ASX OUTLANDER MTR 4B11;3,;214,29;C10_H.3.B
15401543;JTA TV BORR OLHO TOYOTA COROLLA PRIUS 09/... MTR 1;0,;44,95;
17170101BN;JTA TV BORR PERKINS 1104B-C-D S.4 MASSEY FERGUSON;0,;183,87;
15179609BN;JTA TV BORR PEUGEOT 208 308 408 508 2008 3008 RCZ ;0,;170,04;
15179608BP;JTA TV BORR PEUGEOT EXPERT CITROEN JUMPY MTR DV6FC;0,;177,20;
15175017BN;JTA TV BORR TOYOTA CAMRY RAV4 SIENNA VENZA MTR 1AR;0,;212,44;
15175014BN;JTA TV BORR TOYOTA COROLLA 09/19... MTR M20A FKB 2;0,;213,00;
1437103;JTA TV BORR TROCADOR DE CALOR RESFRIADOR OLEO FIAT;0,;85,22;
151737071BN;JTA TV BORR VELAS LAND ROVER FREELANDER 2 MTR 3.2;0,;6,81;
1117132BN;JTA TV BORR VW AMAROK AUDI Q5 Q7 MTR EA897 DDXD 3.;0,;405,88;
1617201CB;JTA TV COR 6.40MM M BENS OM366 65 CIL.;0,;63,97;
181709CB;JTA TV COR 6.40MM MWM D225 226 227 229.;0,;13,09;
141701CB;JTA TV COR FIAT 147 OGGI UNO PREMIO ELBA TODOS;7,;12,36;TV-14_A.6
141714CB;JTA TV COR FIAT UNO 1.5 1.6 TIPO 1.6 ARGENTINO;7,;11,60;TV-14_B.5
141704CB;JTA TV COR FIAT UNO PREMIO ELBA 1500 ARGENTINO ALC;34,;13,87;TV-14_A.3
141706CB;JTA TV COR FIAT UNO PREMIO ELBA 1600 8V ARGENTINO;0,;29,89;
131767CB;JTA TV COR FORD 302 8 CIL GALAXIE MAVERICK 76 A 83;0,;25,77;
171726CB;JTA TV COR FORD CARGO 6.6 7.8 11-86 SIMPLES TURBO;0,;32,83;
171722CB;JTA TV COR FORD CARGO MICRO ONIBUS FB 400 F2000 F4;0,;30,65;
151701CB;JTA TV COR FORD DODGE 1800;0,;38,96;
171730CB;JTA TV COR FORD F600 PERKINS 6357 CHEVROLET D60 DO;0,;45,50;
171732CB;JTA TV COR FORD F700 F750 MASSEY 6358 INJECAO DIRE;0,;38,49;
131706CB;JTA TV COR FORD FIESTA KA COURIER 1.0 1.3 ENDURA 8;9,;18,43;TV-13_H.2
131703CB;JTA TV COR FORD JEEP MAVERICK WILLYS 6 CIL GAS;0,;29,35;
131801CB;JTA TV COR FORD JEEP MAVERICK WILLYS GAS;0,;14,31;
1517191CB;JTA TV COR FORD MAX FALCON F100 FAIRLANE 69 188 25;0,;83,62;
121701CB;JTA TV COR GM CHEVETTE 1.4 1.6 ALC GAS JUNIOR 1.0;14,;19,88;TV-13_I.1
121707CB;JTA TV COR GM CHEVROLET BRASIL 261;0,;33,06;
121706CB;JTA TV COR GM CORSA ALC GAS EFI MPFI 1.0 1.4 1.6 8;0,;12,31;
121704CB;JTA TV COR GM MONZA 1.6 1.8 6MM FASE I;5,;12,31;TV-13_G.1
121705CB;JTA TV COR GM MONZA KADETT 1.8 2.0 87/... 8MM;0,;14,02;
1217115CB;JTA TV COR GM OMEGA 6CIL 4.1;0,;41,96;
121702CB;JTA TV COR GM OPALA 90 CARAVAN C10 153 151 ALC GAS;6,;15,22;TV-13_H.1
121703CB;JTA TV COR GM OPALA CARAVAN C10 230 250 ALC GAS 6C;1,;30,09;TV-13_J.1
151732CB;JTA TV COR GURGEL BR800 SUPER MINI;0,;27,02;
151731CB;JTA TV COR LADA NIVA;0,;55,79;
121706CBL;JTA TV COR LIMIT GM CORSA ALC GAS EFI MPFI 1.0 1.4;9,;29,12;TV-13_D.1
121705CBL;JTA TV COR LIMIT GM MONZA KADETT 87/96 VECTRA 94/9;5,;29,12;TV-13_F.1
161712CB;JTA TV COR M BENS OM314 L608D INJECAO DIRETA 72/..;0,;42,28;
161710CB;JTA TV COR M BENS OM314 L608D INJECAO DIRETA 72/..;0,;34,32;
161704CB;JTA TV COR M BENS OM321 TODOS;0,;40,74;
171706CB;JTA TV COR PERKINS 4203 4CIL;0,;21,55;
171708CB;JTA TV COR PERKINS 4236 4CIL;0,;20,46;
171701CB;JTA TV COR PERKINS FORD TRATOR 8 BR MF 65 CBT 1000;0,;19,56;
151748CB;JTA TV COR PEUGEOT 504 505 XD2 XD3 PICK-UP 1.3 DIE;0,;33,98;
1517104CB;JTA TV COR SUZUKI VITARA SIDEKICK G16A G16KC 1.6 8;0,;114,35;
111701CB;JTA TV COR VW FUSCA 1300 1500 1600 TODOS;33,;15,92;TV-11_J.1
111702CB;JTA TV COR VW GOL 1300 AR BX;0,;13,74;
111705CB;JTA TV COR VW GOL SANTANA SAVEIRO PARATI AP ESCORT;0,;11,30;
111703CB;JTA TV COR VW PASSAT VOYAGE ALC GAS 1.5;0,;16,22;
111704CB;JTA TV COR VW VOYAGE GOL PARATI SANTANA PASSAT ALC;0,;12,51;
15173406CB;JTA TV CORT 2 PCS DODGE DAKOTA CHEROKEE 2 5 DIESEL;0,;46,38;
191810065SL;JTA TV CUMMINS 6B;0,;53,06;
19181006BN;JTA TV CUMMINS 6B;0,;42,98;
19171007SL;JTA TV CUMMINS SERIE C 6C CT CTA CTAA 8.3 12V 6CIL;0,;60,32;
191710085SL;JTA TV DOS BALANCEIROS CUMMINS MOTOR - CUMMINS ISB;0,;225,58;
1317731BN;JTA TV ENTRE CABO VELA (TP PLASTICO) FORD ECOSPORT;0,;25,78;
15171021BN;JTA TV ENTRE CABO VELA ALFA ROMEU TWIN SPARK 145 1;0,;55,37;
1317771BN;JTA TV ENTRE CABO VELA BOR (TP ALUMINIO) FORD ECOS;0,;125,26;
1117831BN;JTA TV ENTRE CABO VELA BOR LIMIT VW GOLF BORA VARI;0,;58,24;
15171751BN;JTA TV ENTRE CABO VELA RENAULT MASTER 2.5 16 VAL G;2,;62,18;C10-G.1.A
1317771SL;JTA TV ENTRE CABO VELA SILIC (TP ALUMINIO) FORD EC;0,;146,87;
1117831SL;JTA TV ENTRE CABO VELA SILIC LIMIT VW GOLF BORA VA;0,;79,48;
15171751SL;JTA TV ENTRE CABO VELA SILIC RENAULT MASTER 2.5 16;0,;170,01;
1117071SL;JTA TV ENTRE CABO VELA SILIC VW GOL PARATI SAVEIRO;0,;38,28;
15171061BN;JTA TV ENTRE CABO VELA TOYOTA COROLLA 1.6 4AFE 1.8;0,;58,24;
1117071BN;JTA TV ENTRE CABO VELA VW GOL PARATI SAVEIRO MI 1.;7,;28,77;TV-12_G.1
141794NA;JTA TV FIAT TORO JEEP - RENEGADE COMPASS MTR MULTJ;0,;112,94;
141794;JTA TV FIAT TORO JEEP RENEGADE COMPASS MULTJE;1,;110,00;C9_D.4
141702NA;JTA TV FIBRA FIAT PALIO MILLE SMART MPI FIORINO FI;21,;14,05;TV-14_A.5
141753NA;JTA TV FIBRA FIRE BRAVA PALIO SIENA UNO 1 0 1 3 16;0,;31,10;
131753PK;JTA TV FIBRA FORD RANGER EXPLORE V6 4.0 12 VAL OHV;0,;165,57;
1617441NA;JTA TV FIBRA M BENS MOTOR OM 457 457LA 24V ELETRÔN;0,;19,56;
181701NA;JTA TV FIBRA MWM D225 226;0,;7,41;
1117124NA;JTA TV FIBRA NA VW GOL VOYAGE SAVEIRO FOX CROSS FO;0,;79,29;TV-11_I.2
1517173BNVT;JTA TV FILET BOR BVT RENAULT KANGOO 03/..CLIO 05/.;0,;47,84;C30-F.3
15176210BN;JTA TV HONDA MOTOR 1.5 16V TURBO HONDA CIVIC CR-V;1,;243,46;C9_E.6
15178007BN;JTA TV HYUNDAI MTR G6BA 2.7 24V V6 99/01;0,;360,12;
121801BN;JTA TV LATERAL BOR GM OPALA 90 HP C10 151 74/...;0,;12,26;
161822BN;JTA TV LATERAL BOR M BENS OM364D 709;0,;27,50;
121804CB;JTA TV LATERAL COR GM CHEVROLET BRASIL 261;0,;20,17;
121801CB;JTA TV LATERAL COR GM OPALA 90 CARAVAN 153 151 ALC;10,;14,45;TV-14_-J.1
121801;JTA TV LATERAL COR GM OPALA 90 CARAVAN 153 151 ALC;20,;5,49;
121802CB;JTA TV LATERAL COR GM OPALA CARAVAN C10 OMEGA 230;9,;29,03;TV-12_H.2
161810CB;JTA TV LATERAL COR M BENS OM314 L608D;0,;22,57;
161801CB;JTA TV LATERAL COR M BENS OM321 352 352A;0,;34,37;
191810065BN;JTA TV LATERAL CUMMINS SERIE B 6B 6BT 5.9L 12V DIE;0,;73,95;
141802NA;JTA TV LATERAL FIBRA FIAT TEMPRA TIPO 8V;0,;16,92;
141801NA;JTA TV LATERAL FIBRA FIAT UNO PREMIO ELBA 1500 160;0,;14,07;
151823PV;JTA TV LATERAL PAPELAO KIA BESTA GS;0,;62,23;
141801PP;JTA TV LATERAL PP FIAT UNO 1.5 1.6 TIPO 1.6 ARGENT;6,;9,00;TV-14_D.6
1918041SL;JTA TV LATERAL SIL 4B/BTA-3.9L 8V DIESEL CUMMINS S;0,;50,78;
191810041SL;JTA TV LATERAL SILIC CUMMINS SERIE B 4B 4BTA 3.9L;0,;79,43;
191810045SL;JTA TV LATERAL SILIC CUMMINS SERIE B 4B 4BTA 3.9L;0,;60,67;
141801GU;JTA TV LATERAL VELOM FIAT UNO PREMIO ELBA 1500 160;0,;11,58;
1117033BN;JTA TV MACARRAO VW PASSAT GOL SANTANA ESCORT DEL R;20,;3,39;DIV-3_F.7
1517113BN;JTA TV MEIA LUA HYUNDAI H100 MITSUBISHI PAJERO MON;0,;6,35;
15171771BN;JTA TV MEIA LUA HYUNDAI TUCSON I30 KIA SPORTAGE CE;0,;18,91;
15171064BN;JTA TV MEIA LUA TOYOTA COROLLA 1.6 4AFE 1.8 7AFE 1;0,;15,87;
1117031BN;JTA TV MEIA LUA VW PASSAT VOYAGE GOL SANTANA ESCOR;10,;4,38;DIV-3_E.3
141753NAVT;JTA TV NO ASBESTO FREE FIAT PALIO 1.0 1.3 16V 4062;0,;23,64;
90409594;JTA TV ORIG GM CORSA CELTA PRI VHC 1.0 8V 76351;697,;17,15;CAIXAS PERTO TV
141702PV;JTA TV PAPELAO FIAT PALIO MILLE SMART MPI FIORINO;0,;11,72;
161724PV;JTA TV PAPELAO M BENS 447 449 5 6 CIL 89/...;0,;54,86;
161724NA;JTA TV PAPELAO PV M BENS 447 449 5 6 CIL 89/...;0,;13,97;
19181004SL;JTA TV SIL 4B/BTA-3.9L 8V DIESEL CUMMINS SERIE B;0,;62,69;
141787SL;JTA TV SIL FIAT DOBLO GRAND SIENA IDEA PALIO PUNTO;0,;115,75;
1217174SL;JTA TV SIL GM ONIX TRACKER 2G 2020/... MTR L4G 1.0;2,;114,15;TV-11_G.4
1217173SL;JTA TV SIL GM ONIX TRACKER 2G 2020/... MTR LIG 1.0;1,;113,23;TV-11_G.3
15178602SL;JTA TV SIL RENAULT CAPTUR DUSTER OROCH LOGAN II SA;0,;234,59;
141798SL;JTA TV SIL TP PLASTICO FIAT MOBI 17/...UNO 16/...P;1,;94,62;C9-F.7
141769SL;JTA TV SILC PLAST FIAT MAREA STILO ABARTH 2 4 20V;0,;207,70;
1517102SL;JTA TV SILIC (TP ALUMINIO) ALFA ROMEU TWIN SPARK 1;0,;193,90;
1417572SL;JTA TV SILIC (TP ALUMINIO) FIAT MAREA 2.0 20 VAL 5;5,;158,32;TV-14_E.3
131777SL;JTA TV SILIC (TP ALUMINIO) FORD ECOSPOST MONDEO 2.;0,;165,03;
151760035SL;JTA TV SILIC (TP PLASTICA RETA) NISSAN FRONTIER PA;4,;217,35;C10-C.1
151760037SL;JTA TV SILIC (TP PLASTICA TORTA) NISSAN FRONTIER P;0,;217,35;
131773SL;JTA TV SILIC (TP PLASTICO) FORD ECOSPORT FOCUS FUS;0,;124,89;
15171412SL;JTA TV SILIC 2 PCS PEUGEOT 206 307 406 407 607 806;3,;201,25;C20-B.1.A
1517982SL;JTA TV SILIC 2 PECAS PEUGEOT 306 406 CITROEN XANTI;0,;136,52;
191804SL;JTA TV SILIC 4B/BTA 3.9L 8V DIESIL CUMMINS SERIE B;0,;83,10;
151736051SL;JTA TV SILIC 4B/BTA 3.9L 8V DIESIL CUMMINS SERIE B;0,;0,00;
1117117SL;JTA TV SILIC AMAROK 2,0 4CIL 16V MTR CNFA CNFAB DI;0,;201,58;
151707SL;JTA TV SILIC ASIA TOPIC 2.7 MAZDA 3.0 KIA BONGO AS;0,;57,03;
151708SL;JTA TV SILIC ASIA TOWNER 3CIL GAS;0,;62,58;
1117121SL;JTA TV SILIC AUDI A1 A3 A5 A6 TT Q3 VW GOLF JETTA;0,;152,00;
1117126SL;JTA TV SILIC AUDI A1 A3 A5 A6 TT Q3 VW GOLF JETTA;0,;310,90;
15173317SL;JTA TV SILIC BMW 120I 220I 225I 320I 330I 420I MIN;0,;268,65;
15173311SL;JTA TV SILIC BMW 520I 528I 320I N20 N26 2.0 16V 4;2,;327,28;C30-B.6
15173315SL;JTA TV SILIC BMW MINI MOTOR N18 B16 1.6 16V TURBO;0,;326,50;
15173301SL;JTA TV SILIC BMW X3I Z4I 116I 118I 120I 320I MTR N;0,;170,85;
1217162SL;JTA TV SILIC CHEVROLET CAPTIVA 2.4 16V ECOTEC;0,;505,53;
141791SL;JTA TV SILIC CHRYSLER DODGE FIAT JEEP  FREEMONT SE;3,;228,38;TV-14_F.3
1517184SL;JTA TV SILIC CIT XANTIA ZX PGT 306 405MI 405TI TUR;0,;140,93;
19171019SL;JTA TV SILIC CUMINS ISF 2.8 16V;0,;223,26;
191704SL;JTA TV SILIC CUMMINS 4B/BTA 3.9L 6B/BT 5.9L;0,;0,00;
191710082SL;JTA TV SILIC CUMMINS ISB4 (ELETRONICO) INTERACT 3.;0,;224,17;
19171008SL;JTA TV SILIC CUMMINS ISB4 (ELETRONICO) INTERACT 3.;0,;146,00;
191710111SL;JTA TV SILIC CUMMINS MOTOR - ISC6 ( ELETRONICO);0,;128,39;
19171004SL;JTA TV SILIC CUMMINS SERIE B 4B BTA 3.9L 8V DIESEL;0,;26,11;
19171007BN;JTA TV SILIC CUMMINS SERIE C 6C CT CTA CTAA 8.3 12;0,;57,75;
19171020SL;JTA TV SILIC CUMMINS VW DELIVERY 3.150 8.160 9.160;0,;427,93;
15173408SL;JTA TV SILIC DODGE JOURNEY DURANGO CHALLENGER CHAR;0,;706,30;
141783SL;JTA TV SILIC FIAT 500 PUNTO IDEA BRAVO LINEA 2007;0,;211,12;
141795SL;JTA TV SILIC FIAT ARGO CRONOS DOBLO GRAND SIENA PA;0,;259,41;
141792SL;JTA TV SILIC FIAT ARGO CRONOS MOBI UNO MTR FIREFLY;0,;83,88;
141793SL;JTA TV SILIC FIAT ARGO MOBI UNO CRONOS FIREFLY FL;0,;169,54;
141788SL;JTA TV SILIC FIAT DOBLO GRAN SIENA SIENA IDEA PALI;2,;148,04;TV-14_G.3.B
151742SL;JTA TV SILIC FIAT DUCATO 2.8 ASPIRADO;0,;68,18;
141785SL;JTA TV SILIC FIAT EVO GRAND SIENA IDEA 500 PALIO P;2,;34,07;TV-14_G.3
141757SL;JTA TV SILIC FIAT MAREA 2 0 20 VAL 5 CIL TAMPA ALU;0,;132,91;
141765SL;JTA TV SILIC FIAT MAREA BRAVA 1.8 16 VAL 00/...;0,;118,84;
1417692SL;JTA TV SILIC FIAT MAREA BRAVO STILO ABARTH 2 0 2 4;0,;277,16;
141707SL;JTA TV SILIC FIAT TEMPRA TIPO 2.0 16 VAL;0,;88,14;
15173411SL;JTA TV SILIC FIAT TORO 16/... MTR TIGERSHARK 2.4 1;4,;223,65;C10-I.2
141749SL;JTA TV SILIC FIAT UNO SMART PALIO SIENA IDEA PUNTO;5,;32,67;TV-14_F.2
121708SL;JTA TV SILIC FILET GM CORSA CELTA PRISMA 04-98/...;20,;54,50;TV-13_C.1
121712SL;JTA TV SILIC FILET GM VECTRA KADETT 97/... GM ASTR;0,;51,96;
141786SL;JTA TV SILIC FLEX 1.4 FIAT EVO GRAND SIENA IDEA 50;0,;66,15;
131792SL;JTA TV SILIC FORD ECOSPORT 17/... KA KA+ 18/... MT;2,;231,78;TV-12_F.1.C
131749SL;JTA TV SILIC FORD ESCORT MONDEO ZETEC 1.8 2.0 16 V;5,;73,56;TV-13_F.2.B
131745SL;JTA TV SILIC FORD FIESTA ECOSPORT SUPERCHARGER KA;4,;89,32;TV-13_G.3.A
131743SL;JTA TV SILIC FORD FIESTA KA COURIER ZETEC 1.4 16 V;0,;94,07;
131771SL;JTA TV SILIC FORD FOCUS ZETEC 1.8 2.0 MONDEO 16 VA;3,;151,92;TV-13_E.3.A
131790SL;JTA TV SILIC FORD KA KA+ NEW FIESTA ECOBOOST TIVCT;0,;103,64;
131759SL;JTA TV SILIC FORD MAVERICK JEEP WILLYS RANGER SOHC;0,;251,44;
131781SL;JTA TV SILIC FORD NEW FIESTA ECOSPORT 10/.. FOCUS;0,;119,02;
131784SL;JTA TV SILIC FORD NEW FIESTA ECOSPORT 13/. FOCUS 0;0,;132,03;
131797SL;JTA TV SILIC FORD NEW FIESTAS 2016/... MOTOR-ECOBO;0,;251,55;
131786SL;JTA TV SILIC FORD RANGER 13/... TROLLER - T4 MTR D;0,;315,36;
131785SL;JTA TV SILIC FORD RANGER TRANSIT BOR MTR DURATORQ;0,;302,42;
151744SL;JTA TV SILIC FURO DENTRO FIAT DUCATO 2.5 2.8 TURBO;0,;68,18;
12171614SL;JTA TV SILIC GM CAPTIVA MTR 10HM 3.6 24V V6;0,;348,32;
1217161SL;JTA TV SILIC GM CAPTIVA OMEGA MTR 10HM 3 6 V6 24V;0,;454,39;
121793SL;JTA TV SILIC GM CORSA 1.6 16V 95/... CORSA 1.0 16V;0,;124,76;
1217170SL;JTA TV SILIC GM CRUZE 16/...TRACKER 17/... MTR LE2;0,;264,41;
1217119SL;JTA TV SILIC GM MERIVA FIAT STILO 1.8 16V 04/... F;0,;118,42;
1217121SL;JTA TV SILIC GM OMEGA A CIH 3.0 6CIL 12 VAL;0,;452,62;
151709SL;JTA TV SILIC GM S10 BLAZER M BENS SPRINTER LANDER;3,;75,50;C40-A.2
1217105SL;JTA TV SILIC GM S10 BLAZER VORTEC GAS V6 4.3;0,;251,44;
1217167SL;JTA TV SILIC GM S10 EQUINOX MTR LCV ECOTEC SIDI DO;0,;163,22;
1217166SL;JTA TV SILIC GM S10 TRAIL BLAZER 12 CTDI LTZ 2.8 4;0,;311,96;
121713SL;JTA TV SILIC GM VECTRA ASTRA 16V 98/...;0,;84,12;TV-12_A.1
1117115SL;JTA TV SILIC GOLF NEW BEETLE POLO MTR AKL 1.6 8V A;0,;143,85;
1517112SL;JTA TV SILIC HONDA CIVIC 1.5 1.6 D15Z3 D15Z6 D15Z;8,;122,57;C40-I.3
1517136SL;JTA TV SILIC HONDA CIVIC 16 VAL D15B1 D15B2 D15B6;0,;154,61;
1517185SL;JTA TV SILIC HONDA CIVIC 4 1.8 16 VAL 2006 ACCORD;3,;125,12;C30-E.2
1517171SL;JTA TV SILIC HONDA CIVIC COUPE STREAM LX FR-VVTEC;2,;107,84;C30-F.2
1517169SL;JTA TV SILIC HONDA FIT CITY JAZZ I-DSI TWIN SPARK;0,;228,62;
1517170SL;JTA TV SILIC HONDA FIT VTEC CITY ZX L15A2 L15A16 1;4,;76,68;C30-G.3
15178004SL;JTA TV SILIC HYUNDAI AZERA SANTA FÉ GRAND SANTA FÉ;0,;506,00;
151711SL;JTA TV SILIC HYUNDAI H100 H1MITSUBSHI L200 L300 PA;0,;61,46;
15178015SL;JTA TV SILIC HYUNDAI HB20 CRETA 21/... MTR G3LC F3;0,;244,94;
1517187SL;JTA TV SILIC HYUNDAI HB20 I30 VELOSTER KIA SOUL CE;0,;129,12;
1517186SL;JTA TV SILIC HYUNDAI HB20 KIA PICANTO 1.0 12V KAPP;0,;183,36;
15175605SL;JTA TV SILIC HYUNDAI HR 13/... KIA BONGO 13/... MT;0,;175,75;
15178001SL;JTA TV SILIC HYUNDAI KIA IX35 SONATA MAGENTIS OPTI;0,;294,68;
151773SL;JTA TV SILIC HYUNDAI KIA PICANTO ATOS G4HE G4HG 1.;1,;154,41;C40-E.1
15178014SL;JTA TV SILIC HYUNDAI MTR G4FJ 1.6 16V TURBO GDI NE;3,;332,17;C40-E.3.C
1517177SL;JTA TV SILIC HYUNDAI TUCSON I30 KIA SPORTAGE CERAT;0,;172,67;
15178008SL;JTA TV SILIC I30 ELANTRA CRETA MTR G4NB F4NA MPI 1;0,;249,04;
15178501SL;JTA TV SILIC JAC MOTORS J2 J3 J5 MTR 4A90 VVT 1.4;0,;218,57;
151756SL;JTA TV SILIC KIA BESTA 2.7 GS 3.0 16 LUGARES K2700;4,;67,79;C40-C.5
151721SL;JTA TV SILIC KIA BESTA ESPORTAGE 2.0 2.2 DIESEL;0,;65,72;
151771SL;JTA TV SILIC KIA K2500 PREGIO HYUNDAI HR TERRACAN;0,;99,15;
15173707SL;JTA TV SILIC LAND ROVER FREELANDER 2 VOLVO XC60 XC;0,;398,00;
131774SL;JTA TV SILIC LAND ROVER RANGE ROVER EVOQUE FREELAN;0,;455,89;
151735SL;JTA TV SILIC M BENS 120D 130D 140D 150D 170D 180D;0,;167,98;
161728SL;JTA TV SILIC M BENS SPRINTER CDI 2.2 16 VAL MB611.;0,;135,99;
161729SL;JTA TV SILIC M. BENZ JEEP MOTOR MB OM62 MB612962 M;0,;373,68;
19171101SL;JTA TV SILIC MAN VW D0834 LFL LOH 4.6 16V;0,;124,52;
19171102SL;JTA TV SILIC MAN VW D0836 LFL LOH 6.9 24V;0,;246,73;
161731SL;JTA TV SILIC MB ATEGO MTR OM904LA 924  4.3 4.8 12V;0,;77,08;
161741SL;JTA TV SILIC MB EURO III ATEGO 2425 1725 AXOR 2826;0,;218,18;
161744SL;JTA TV SILIC MERCEDES OM 457 OM 457LA 24V ELETRONI;0,;31,55;
161734SL;JTA TV SILIC MERCEDES SLK200 CLK200 C200 CLC180 E2;0,;264,74;
151754SL;JTA TV SILIC MITSUBISHI ECLIPSE PAJERO 4M40T 2.5 2;0,;251,44;
15175415SL;JTA TV SILIC MITSUBISHI L200 TRITON 2017/... PAJER;0,;426,16;
1517196SL;JTA TV SILIC MITSUBISHI MONTERO III PAJERO TD TRIT;0,;251,62;
1517194SL;JTA TV SILIC MITSUBISHI PAJERO IO 98/.. TR4 02/..;0,;95,11;
131788SL;JTA TV SILIC MTR FORD TROLLER MTR NGD MWM POWER ST;0,;335,04;
131789SL;JTA TV SILIC MTR POWER STROKE 3.0 16V DIESEL FORD;0,;275,79;
151758SL;JTA TV SILIC MWM VOLARE A6 GM S10 BLAZER VW VAN SP;0,;68,41;
15176006SL;JTA TV SILIC NISSAN  MARCH VERSA  HRDE12 CVVTCS FL;0,;167,91;
15176004SL;JTA TV SILIC NISSAN CABSTAR MTR YD25DDTI 2.5 16V.;0,;242,53;
15176003SL;JTA TV SILIC NISSAN FRONTIER PARTHFINDER 2.5 16V;0,;193,93;
151760SL;JTA TV SILIC NISSAN SENTRA TIIDA VERSA LIVINA RENA;0,;134,30;
15176005SL;JTA TV SILIC NISSAN VERSA MARCH LIVINA MTR HR16DE ;0,;126,70;
1217124SL;JTA TV SILIC ONIX PRISMA SPE/4 1.0 1.4 2012/...;0,;114,08;
15178013SL;JTA TV SILIC PAR HYUNDAI TUCSON SANTA FE SONATA KI;0,;303,99;
1517100SL;JTA TV SILIC PEUG 306 XSI 405 GRI SRI STI CITROEN;0,;169,89;
1517128SL;JTA TV SILIC PEUGEOT 106 206 205 306 307 309 TU5JP;23,;121,82;C40-J.2
1517134SL;JTA TV SILIC PEUGEOT 206 307 PARTNER CITROEN SXARA;2,;79,94;C30-I.2
15179602SL;JTA TV SILIC PEUGEOT 3008 308 508 RC2 1.6 16V 06/.;0,;278,10;
15179605SL;JTA TV SILIC PEUGEOT CITROEN 208 C3 MTR PURETECH H;0,;325,77;
1517173SL;JTA TV SILIC RENAULT CLIO KANGOO LOGAN MODUSO TWIN;2,;112,33;C30-F.5
1517861SL;JTA TV SILIC RENAULT CLIO KANGOO TWINGO D7D D7F 1.;0,;100,58;
151787SL;JTA TV SILIC RENAULT CLIO KANGOO TWINGO PEUGEOT 20;2,;55,40;C40-G.1
151778SL;JTA TV SILIC RENAULT CLIO TWINGO 1300 C3G;0,;113,42;
1517175SL;JTA TV SILIC RENAULT MASTER 2.5 16 VAL G9U 720 724;0,;93,25;
151776SL;JTA TV SILIC RENAULT TRAFIC CLIO SCENIC R11 R19 R2;3,;122,36;C40-E.3.A
191712051SL;JTA TV SILIC SCANIA  D9 XPI D13 XPI D16 XPI DC16A;0,;37,32;
19171205SL;JTA TV SILIC SCANIA  D9 XPI D13 XPI D16 XPI DC16A;0,;30,04;
15178101SL;JTA TV SILIC SMART FORTWO COUPE CABRIO BRABUS MTR;0,;185,07;
161730SL;JTA TV SILIC SPRINTER CDI LA DIESEL BI TURBO EURO;0,;244,74;
15173801SL;JTA TV SILIC SSANGYONG KYRON ACTION KORANDO MTR D2;0,;305,59;
15176803SL;JTA TV SILIC SUZUKI GRAN VITARA 2009/... SX4 2010/;0,;334,67;
1517163SL;JTA TV SILIC SUZUKI GRAND VITARA SZ BALENO VITARA;0,;145,48;
1517106SL;JTA TV SILIC TOYOTA COROLLA 1.6 4AFE 1.8 7AFE 16 V;7,;65,73;C40-H.4
1517154SL;JTA TV SILIC TOYOTA COROLLA PRIUS 07/... 2ZR FE 1.;0,;113,85;
1517146SL;JTA TV SILIC TOYOTA COROLLA VVTI FILDER VVTI RAV4;11,;58,61;C30-H.2
15175016SL;JTA TV SILIC TOYOTA ETIOS 04/16 ... YARIS 18/... M;0,;232,64;
15175607SL;JTA TV SILIC TOYOTA ETIOS MTR 2NR-FE DUAL VVTI 1.3;0,;109,85;
15175013SL;JTA TV SILIC TOYOTA ETIOS MTR 2NR-FE DUAL VVTI 1.3;0,;191,46;
1517155SL;JTA TV SILIC TOYOTA HILUX 16V 2KD FTV TURBO DIESEL;3,;141,59;C40-E.2.B
151750SL;JTA TV SILIC TOYOTA HILUX 2 3 5 LITROS 2.5 2.8 3.0;0,;73,69;
15175008SL;JTA TV SILIC TOYOTA HILUX LANDCRUISER PRADO MTR 2T;0,;253,98;
15175012SL;JTA TV SILIC TOYOTA HILUX SW4 SRV 2016/... MTR 2.8;0,;148,92;
151764SL;JTA TV SILIC TOYOTA HILUX TD LANDCRUISER 90TD 3.0;0,;150,99;
15176207SL;JTA TV SILIC VTEC L15A7 LEA1 1.5 16V HONDA CITY;0,;231,55;
111706SL;JTA TV SILIC VW GOL AT 1000 8V 97/...;5,;87,80;TV-12_J.1
111707SL;JTA TV SILIC VW GOL PARATI SAVEIRO MI 1.0 16V 97/.;0,;65,86;
111783SL;JTA TV SILIC VW GOLF BORA VARIANT PASSAT AUDI A3 A;0,;188,57;
111761SLL;JTA TV SILIC VW SANTANA GOL GOLF SR PARATY SAVEIRO;0,;92,73;TV-11_H.1
141702V;JTA TV VELOM FIAT UNO MILLE 87/...;0,;10,44;
17420810;JTA VAL ALIVIO 4236 4248 D20 D40 D60 D70;0,;4,40;
144262;JTA VAL ANTIPOLUENTE FIAT TIPO;0,;6,62;
15456207;JTA VAL EGR HONDA FIT 01/2019 ATÉ 12/2017 WR-V 17/;0,;80,35;
15421691;JTA VAL EGR HONDA TWIN SPARK MTR L13A1 L15A 1.4 8V;0,;19,12;
1135114;JTA VAL TERMOSTATICA  VW JETTA PASSAT TIGUAN AUDI;0,;59,47;
144110;JTA VAL TERMOSTATICA FIAT PALIO MILLE SMART MPI FI;32,;6,33;DIV-3_C.1
144236;JTA VAL TERMOSTATICA FIAT TEMPRA 8 VAL;0,;3,07;
144254;JTA VAL TERMOSTATICA FIAT UNO PREMIO ELBA 1600;0,;8,28;
143549;JTA VAL TERMOSTATICA FIAT UNO SMART PALIO SIENA ID;9,;5,71;DIV-2_B.2
134219;JTA VAL TERMOSTATICA FORD ESCORT CORCEL DEL REY VW;20,;7,18;DIV-3_H.2
1342432;JTA VAL TERMOSTATICA FORD FIESTA COURIER ZETEC 1.4;0,;7,17;
134209;JTA VAL TERMOSTATICA FORD FIESTA KA COURIER 1.0 1.;50,;4,93;DIV-2_A.4
124222;JTA VAL TERMOSTATICA GM MONZA KADETT EFI GSI 2.0;0,;5,24;
1242115;JTA VAL TERMOSTATICA GM OMEGA SILVERADO 169 6CIL 4;0,;4,93;
124216;JTA VAL TERMOSTATICA GM OPALA 90 CARAVAN 153 151 1;0,;5,68;
124217;JTA VAL TERMOSTATICA GM OPALA 90 CARAVAN 153 151 2;0,;5,06;
1541134;JTA VAL TERMOSTATICA PEUGEOT 206 307 PARTNER CITRO;0,;4,80;
1542100;JTA VAL TERMOSTATICA PEUGEOT 306 XSI 405 GRI SRI S;0,;6,36;
15411852;JTA VAL TERMOSTATO HONDA CIVIC CRV MTR 418A1 R18A2;0,;32,57;
1541081;JTA VED ASIA TOWNER 3CIL GAS;0,;8,28;
431243;JTA VED DA FLAUTA DA INJECAO FORD ZETEC 1 4 1 8 16;0,;24,07;
431245;JTA VED DA FLAUTA DA INJECAO FORD ZETEC ROCAM 1 0;0,;24,92;
1726303;JTA VED FORD F600 CHEVROLET D60 65 DODGE D700 D900;0,;2,92;
174281;JTA VED FORD F700 750 MASSEY FERGUSON MF400 PERKIN;0,;13,33;
124006;JTA VED HAST VAL 21 C10 4.3 12V;79,;4,58;DIV-1_E.3
4212872;JTA VED INF DA FLAUTA DA INJECAO SISTEMA BOSCH FOR;0,;34,57;
15424011;JTA VED OLEO FIAT DUCATO IVECO MOTOR 2.8 ASPIRADO;0,;30,85;
154260033;JTA VEDACAO 3 NISSAN FRONTIER PATHFINDER MTR YD25D;0,;20,25;
1340734;JTA VEDACAO DA CONEXAO DE SAIDA D AGUA DURATEC HE;0,;50,72;
71.101-OIL;JTA. CABECOTE MWM 229;0,;10,13;
71.102-OIL;JTA. CABECOTE X-10;0,;12,26;
71.642-BBS;JTA. COLETOR ADMISSAO;0,;2,09;
71.222-BBS;JTA. COLETOR ADMISSAO D-225/226/229;0,;1,88;
71.221-BBS;JTA. COLETOR ESCAP. MWM;0,;1,88;
421212;JTA. DA INJEÇÃO ELETRONICA CORSA MT. OHC 1.0 8V. A;33,;3,83;SEL-2_F.7
48.321-BBS;JTA. ESCAP. OM-314;0,;7,56;
48.140-CHA;JTA. FLANGE ESCAP. OM-352/366;0,;3,38;
48.853-NA;JTA. TPA. DIFERENCIAL 1113/1313;0,;32,73;
71.126-CB;JTA. TPA. VALV. MWM 229;0,;3,66;
48.332-BBS;JTA. TPA. VALV. OM-314;0,;23,51;
48.432-BBS;JTA. TPA. VALV. OM-366/A;0,;29,60;
421223;JTA.DA INJEÇÃO ELETRONICA CORSA DOHC 1.0 16V;5,;12,74;DIV-2_G.2
441206;JTA.DA INJEÇÃO ELETRONICA PALIO UNO SIENA MT. FIAS;26,;13,85;SEL-1_C.2
15421751;JUNTA BOMBA DÀGUA RENAULT MASTER 2.5 16 VAL.;0,;63,60;
991599PK;JUNTA CAB ENCOMENDA;0,;164,88;
1519403PK;JUNTA CAR BASPACK 2,00MM FIAT DUCATO 2.5 2.8 INJEC;0,;68,73;
1519403NA;JUNTA CAR FIBRA  FIAT DUCATO 2.5 2.8 INJECAO DIRET;0,;55,91;
151940NA;JUNTA CAR FIBRA FIAT IVECO 2.8;4,;54,36;CAR-3_C.5
3619;JUNTA DA TAMPA DE VALVULAS, P/ PICK UP RANGER;1,;64,20;
3615;JUNTA DA TAMPA FRONTAL DO MOTOR, P/ PICK UP RANGER;1,;433,94;
3613;JUNTA DO CABECOTE DO MOTOR, P/ PICK UP RANGER;1,;99,87;
3614;JUNTA DO COLETOR DE ESCAPAMENTO, P/ PICK UP L200;1,;0,01;
154019310BN;JUNTA FIAT IVECO F1AEO481C/D/N 2.3 16V DUCATO JTD;0,;58,82;
BJH16005;JUNTA HOMO  PALIO 1.0 8V/1.0 16V/1.3 8V/1.3 16V FI;20,;135,33;
BJH12027;"JUNTA HOMO CORSA NOVO 1.8 8V (EIXO GKN) 06/;MERIV";5,;164,38;
BJH15003;"JUNTA HOMO FOX 1.0 8V EA111 04/09;GOL G5 1.0 8V";2,;142,51;
BJH16010;"JUNTA HOMO UNO NOVO 1.0 10/... ; PALIO NOVO 1.0 12";9,;144,16;
BJH15011;JUNTA HOMOC DESLIZ CROSSFOX/SPACEFOX 1..6 8V EA111;7,;155,31;
15421122;JUNTA HONDA CIVIC D15ZI D16A6 D16Z6 D16Z7 D16Z9;0,;11,37;
1442102ML;JUNTA MULT-AIR FIAT FAST BACK PULSE ABARTH TORO JE;0,;93,52;
1442103ML;JUNTA MULT-AIR FIAT FASTBACK PULSE ABARTH TORO JEE;0,;105,01;
1271120;JUNTA PONTA DE EIXO FORD F 300 350 400 2000D400 11;0,;10,46;
272218;JUNTA TAMPA CAIXA CÂMBIO EATON CL450 FS4005 FS4205;0,;16,99;
15173602BN;JUNTA TAMPA DE VALVULA  BOR ISB6 1.9 16V CUMMINS C;0,;105,03;
19171009BN;JUNTA TAMPA DE VALVULA  BOR ISB6 5.9 24V CUMMINS C;0,;319,86;
191710095SL;JUNTA TAMPA DE VALVULA  DOS BALANCEIROS CUMMINS MO;0,;180,38;
19171009SL;JUNTA TAMPA DE VALVULA  SIL ISB6 5.9 24V CUMMINS C;0,;235,28;
064037-A;K.COIFA HOMOC.DUCATO 09/..ARO 16 LD.RODA;15,;137,62;
064038-A;K.COIFA HOMOC.DUCATO 09/..TRIPOIDE 15/16;15,;150,41;
2111063K;K.TAMPA CAMBIO KOMBI 84...;0,;31,69;CAM-2_E.2
154256055;KI JTA PESCADOR BBA ÓLEO HYUNDAI HR KIA SORENTO BO;0,;47,20;
12211242;KIT  COLETOR ANEL SENSOR GM COBALT MERIVA MONTANA;30,;95,10;COL-P3_D.8
4210105;KIT  FILTRO BICO INJ SISTEMA S10 BLAZER 06 CIL;0,;166,18;
11087;KIT ALAV. CAMBIO FORD FIESTA KA ECOSPORT 10/14;0,;319,39;
1142532;KIT ANEL CANO D AGUA VW GOL PARATI SAVEIRO MI 1000;0,;7,25;
1541627;KIT ANEL FILTRO SELENOIDE DO VTEC HONDA CIVIC 1.5;6,;126,04;DIV-1_D.6
15411597;KIT ANEL FILTRO TELA SELENOIDE DO VTEC HONDA ACOOR;0,;52,77;
1541136;KIT ANEL FILTRO TELA SELENOIDE DO VTEC HONDA CIVIC;0,;162,30;
15416212;KIT ANEL FILTRO TELA SELENOIDE DO VTEC HONDA CIVIC;0,;185,34;
1537175;KIT ANEL HOMOGENEIZACAO SUPORTE FILTRO MTR G9U 72;0,;146,53;
11371171;KIT ANEL HOMOGENEIZACAO VW AMAROK 2.0 4CIL 16V MT;0,;117,25;
153754BN;KIT ANEL ORING RESFRIADOR RADIADOR ÓLEO TROCADOR C;0,;64,54;
11401147;KIT ANEL ORING TP DIST VW JETTA PASSAT TIGUAN AUDI;3,;220,68;CAM-2_A.2
15379602;KIT ANEL SUPORTE FILTRO CABE PEU 207 208 308 408 5;0,;199,17;
15401346;KIT ANEL SUPORTE FILTRO DE OLEO PEUGEOT 206 307 PA;1,;83,17;SEL-2_D.7
1237166;KIT ANEL SUPORTE FILTRO HOMOGENEIZACAO CTDI LTZ 2.;3,;205,21;COL-P3_B.4
1137117;KIT ANEL SUPORTE FILTRO VW AMAROK 2.0 4CIL 16V MT;5,;141,27;SEL-2_B.3
154056059;KIT ARRUELA D4CB;0,;26,42;
153909;KIT ARRUELA DO BICO GM S10 BLAZER MB SPRINTER LAND;0,;8,23;
153959;KIT ARRUELA DO BICO MWM VOLARE FORD F250 GM SILVER;0,;22,50;
153958;KIT ARRUELA DO BICO TERRA FRONTIER GM S10 BLAZER 2;0,;16,37;
154040;KIT ARRUELA FIAT DUCATO 2.5 2.8 TURBO ASPIRADA;0,;145,66;
174022;KIT ARRUELA FORD CARGO 6 CIL;0,;114,83;
1535091;KIT ARRUELA GM S10 BLAZER M BENS SPRINTER LAND ROV;0,;53,73;
153501;KIT ARRUELA M BENS 120D 130D 140D 150D 170D 180D;0,;151,42;
1640042;KIT ARRUELA M BENS L321 OM352 352A;0,;78,19;
1640012;KIT ARRUELA M BENS OM314 L608D;0,;29,69;
1540541;KIT ARRUELA MITSUBISHI PAJERO NATIVA TDI 2.8 4M40T;0,;37,08;
1840031;KIT ARRUELA MWM D226;0,;16,19;
1840011;KIT ARRUELA MWM D229 6 CIL;0,;45,97;
1840231;KIT ARRUELA MWM VOLARE SPRINT MWM;0,;36,57;
174030;KIT ARRUELA PERKINS 6357 FORD F600 CHEVROLET D60 D;0,;49,04;
1540481;KIT ARRUELA PEUGEOT 504 505 XD2 XD3 1540481;0,;56,88;
164030;KIT ARRUELA SPRINTER CDI LA DIESEL BI TURBO EURO 5;0,;414,41;
153258;KIT ARRUELA TERRA FRONTIER GM S10 BLAZER 2000 VW L;0,;25,55;
1540501;KIT ARRUELA TOYOTA HILUX LN147 152 167 172 5L 3.0;0,;34,08;
15424019;KIT BBA D AGUA FIAT TURBO DAILY IVECO 2.8 INJ DIRE;0,;13,26;
134082;KIT BBA VACUO BORR FORD RANGER FUSION 2013/...MTR;0,;156,77;
142794;KIT BBA VÁCUO FIAT TORO JEEP RENEGADE COMPASS MTR;41,;120,90;RET-7_D.1
162730;KIT BBA VÁCUO MERCEDES SPRINTER CDI LA DIESEL BI T;0,;45,03;
1127122;KIT BBA VACUO VW BORA VW JETTA NEW BEETLTE GOLF VE;0,;137,75;
12171642BN;KIT BOR   TV GM CRUZE TRACKER 1.8 4CIL 16V F18 D4;3,;152,78;TV-12_D.1
12171645SL;KIT BOR   TV GM CRUZE TRACKER 1.8 4CIL 16V F18 D4;3,;215,77;TV-12_D.3
154070;KIT BOR BONGO K2500 PREGIO TERRACAN HYUNDAY H100 H;0,;83,29;
144057;KIT BOR FIAT MAREA BRAVA STILO ABARTH 1.8 16 VAL 2;9,;67,04;DIV-1_E.1
144053;KIT BOR FIAT PALIO SIENA DOBLO 1.0 1.3 16V 99/SIEN;3,;81,87;DIV-1_G.3
144033;KIT BOR FIAT PALIO WEEKEND STRADA BRAVA 1.6 16 VAL;24,;72,96;DIV-1_F.1
134047;KIT BOR FORD ECOSPORT FIESTA KA FOCUS COURIER ZETE;23,;44,14;DIV-1_H.1
134043;KIT BOR FORD FIESTA COURIER ZETEC 1.4 16 VAL;1,;72,96;DIV-1_F.2
134007;KIT BOR FORD MAVERICK F100 F75 JEEP UTILITARIO 79/;4,;230,71;DIV-1_D.1
1240164;KIT BOR GM CRUZE TRACKER 1.8 4CIL 16V F18 D4 DOCH;0,;136,32;DIV-1_B.7
1517701BN;KIT BOR HYUDAY H100 MITSUBISHI MONTERO PAJERO L200;0,;107,69;
12171641BN;KIT BOR JTA  TV GM CRUZE TRACKER 1.8 4CIL 16V F18;0,;52,63;SEL-2_F.5
1417572BN;KIT BOR JTA TV (TP ALUMINIO) FIAT MAREA 2.0 20 VAL;1,;75,29;TV-14_E.4
1317732BN;KIT BOR JTA TV (TP PLASTICO) FORD ECOSPORT FOCUS F;10,;96,89;TV-13_D.3
15171022BN;KIT BOR JTA TV ALFA ROMEU TWIN SPARK 145 146 155 1;0,;173,28;
1517072BN;KIT BOR JTA TV ASIA TOPIC 2.7 MAZDA 3.0 KIA BONGO;0,;49,84;
1317772BN;KIT BOR JTA TV BOR (TP ALUMINIO) FORD ECOSPOST MON;5,;263,36;TV-13_C.2
1417912BN;KIT BOR JTA TV BOR CHRYSLER DODGE FIAT JEEP  FREEM;0,;314,31;TV-14_I.3
1417882BN;KIT BOR JTA TV BOR FIAT DOBLO GRAN SIENA  IDEA PAL;8,;138,43;TV-14_H.4
1417872BN;KIT BOR JTA TV BOR FIAT DOBLO GRAND SIENA IDEA PAL;11,;158,53;TV-14_H.1
1417872BNVT;KIT BOR JTA TV BOR FIAT GRAND SIENA 1.6 1.8 16V;0,;77,60;
15171712BN;KIT BOR JTA TV BOR HONDA CIVIC COUPE STREAM LX FR-;4,;164,86;C20-F.3
15171692BN;KIT BOR JTA TV BOR HONDA FIT CITY JAZZ I-DSI TWIN;0,;159,56;C20-E.2.A
15171692BNVT;KIT BOR JTA TV BOR HONDA FIT CITY JAZZ I-DSI TWIN;0,;99,99;
15171942BN;KIT BOR JTA TV BOR MITSUBISHI PAJERO IO 98/ TR4 FL;19,;121,63;C20-I.2
1517582BN;KIT BOR JTA TV BOR MWM VOLARE A6 GM S10 BLAZER VW;0,;72,74;
15171732BN;KIT BOR JTA TV BOR RENAULT CLIO KANGOO LOGAN MODUS;12,;109,37;C20-G.2
1117832BNI;KIT BOR JTA TV COM LIMIT IMP VW GOLF BORA VARIANT;0,;269,18;
1117832BN;KIT BOR JTA TV COM LIMIT VW GOLF BORA VARIANT PASS;0,;151,92;TV-11_H.2
1117052CB;KIT BOR JTA TV COR VW GOL SANTANA SAVEIRO PARATI A;19,;19,70;TV-11_I.1
1117032CB;KIT BOR JTA TV COR VW PASSAT VOYAGE ALC GAS 1.5;0,;22,48;
1117042CB;KIT BOR JTA TV COR VW VOYAGE GOL PARATI SANTANA PA;0,;23,78;
1417652BN;KIT BOR JTA TV FIAT MAREA BRAVA 1.8 16 VAL 00/...;3,;48,26;TV-14_D.2
1417072BN;KIT BOR JTA TV FIAT TEMPRA TIPO 2.0 16 VAL;0,;65,01;
1317012BN;KIT BOR JTA TV FORD ESCORT CHT CORCEL I II VW AE 1;9,;29,39;TV-13_I.3
1317492BN;KIT BOR JTA TV FORD ESCORT MONDEO ZETEC 1.8 2.0 16;0,;98,09;
1217932BN;KIT BOR JTA TV GM CORSA 1.6 16V 95/... CORSA 1.0 1;0,;101,89;
1517092BN;KIT BOR JTA TV GM S10 BLAZER M BENS SPRINTER LAND;3,;72,96;C40-G.2
12171052BN;KIT BOR JTA TV GM S10 BLAZER VORTEC GAS V6 4.3;0,;217,86;
1217132BN;KIT BOR JTA TV GM VECTRA ASTRA 16V 98/...;2,;69,83;C40_F.3.B
15171362BN;KIT BOR JTA TV HONDA CIVIC 16 VAL D15B1 D15B2 D15B;4,;211,62;C20-A.1
1517115BN;KIT BOR JTA TV HYUNDAI H100 MITSUBISHI PAJERO MONT;39,;44,71;C40-J.1
1517872BN;KIT BOR JTA TV RENAULT CLIO KANGOO TWINGO PEUGEOT;1,;111,03;C30-D.3
15171752BN;KIT BOR JTA TV RENAULT MASTER TRAFIC 16 VAL G9U 72;2,;136,67;C10_A.3
15171942SL;KIT BOR JTA TV SIL MITSUBISHI PALERO IO 98/ TR4 FL;0,;127,49;C20-I.2
1417872SL;KIT BOR JTA TV SILIC FIAT DOBLO GRAND SIENA IDEA P;4,;182,64;C9-F.3
1317492SL;KIT BOR JTA TV SILIC FORD ESCORT MONDEO ZETEC 1.8;0,;157,76;
1517582SL;KIT BOR JTA TV SILIC MWM VOLARE A6 GM S10 BLAZER V;0,;160,69;C30-E.4
15171552SL;KIT BOR JTA TV SILIC TOYOTA HILUX 16V 2KD FTV TURB;7,;269,44;C20-C.3
1117832SL;KIT BOR JTA TV SILIC VW GOLF BORA VARIANT PASSAT A;1,;253,05;TV-11_G.1
15171542BN;KIT BOR JTA TV TOYOTA COROLLA PRIUS 07/... 2ZR FE;6,;122,03;C20-C.1
15171462BN;KIT BOR JTA TV TOYOTA COROLLA VVTI FILDER VVTI RAV;4,;48,24;C20-B.2
15171462BNVT;KIT BOR JTA TV TOYOTA COROLLA VVTI FILDER VVTI RAV;0,;33,20;C20-B.2
1117062BN;KIT BOR JTA TV VW GOL AT 1000 8V 97/...;0,;82,67;TV-11_J.2
1117072BN;KIT BOR JTA TV VW GOL PARATI SAVEIRO MI 1.0 16V 97;4,;82,67;TV-12_I.1
11171072BN;KIT BOR JTA TV VW GOLF PASSAT ABF AUDI 80 100 A6 Q;0,;223,64;
154011;KIT BOR MITSUBISHI PAJERO MONTERO L200 CANTER T35;6,;54,71;DIV-1_C.6
144073;KIT BOR MTR 1.6 16V 182B6.000/178E7.000 GAS/ALC FT;0,;91,47;
134059;KIT BOR MTR 140WL T 2 3 8V 93 94 1.5 TDS SOHC GASO;0,;20,94;
1540155;KIT BOR MTR 1KD FTV TURBO DSL 3.0 TY HILUX 05/...;0,;55,54;
114002;KIT BOR MTR 9 PCS VW PASSAT GOL SANTANA AP 1.6 1.8;2,;13,94;DIV-1_F.6
1540104;KIT BOR MTR 97 G16A G16KC SIDEKICK VITARA 1.6 8V;0,;25,58;
1140117;KIT BOR MTR AMAROK 2,0 4CIL 16V MTR CNFA CNFAB DIE;4,;228,70;DIV-1_E.6
154008;KIT BOR MTR ASIA TOWNER 3CIL GAS;0,;25,03;
15403301;KIT BOR MTR BMW 118I 120I E81/E87 318I 320I E90/E9;0,;162,76;
1240162;KIT BOR MTR CHEVROLET CAPTIVA 2.4 16V ECOTEC;0,;145,79;
15408001;KIT BOR MTR CHRYSLER DODGE FIAT JEEP FREEMONT SEBR;0,;112,45;
1540165;KIT BOR MTR CITROEN C2 C3 2002 PEUGEOT206 307 1007;0,;113,58;
1540183;KIT BOR MTR CITROEN C4 C5 PICASSO PEUGEOT 307 807;0,;70,09;
15409602;KIT BOR MTR CITROEN C4 LOUGE C5 DS3 DS4 DS5 PGT 30;0,;159,90;
1240166;KIT BOR MTR CTDI LTZ 2.8 4 CILS 16V DIESEL GM S10;3,;179,98;SAI-B.6
144092;KIT BOR MTR FIAT ARGO CRONOS MOBI UNO MTR FIREFLY;9,;129,91;C9-F.4
144087;KIT BOR MTR FIAT DOBLO GRAND SIENA IDEA PALIO PUNT;6,;112,48;SEL-2_B.5
1540401;KIT BOR MTR FIAT DUCATO 2.5 2.8 TURBO;0,;54,41;
144085;KIT BOR MTR FIAT EVO GRAND IDEA PALIO PUNTO SIENA;6,;83,84;DIV-1_C.7
144065;KIT BOR MTR FIAT MAREA BRAVA 1.8 16 VAL 00;0,;60,01;
144021;KIT BOR MTR FIAT TEMPRA 2.0 16 VAL;0,;12,82;
144094;KIT BOR MTR FIAT TORO JEEP RENEGADE COMPASS MTR MU;3,;108,27;SEL-2_G.3
1440491;KIT BOR MTR FIAT UNO SMART PALIO SIENA IDEIA PUNTO;0,;100,67;
144049;KIT BOR MTR FIAT UNO SMART PALIO SIENA IDEIA PUNTO;14,;40,40;DIV-1_G.2
1317011BN;KIT BOR MTR FORD CORCEL I II ESCORT CHT;6,;13,85;DIV-1_D.3
134083;KIT BOR MTR FORD DURATORQ PUMA TDCI (22DDOP) 2.2 1;0,;94,62;
134092;KIT BOR MTR FORD ECOSPORT 17/... KA KA+ 18/... MTR;2,;213,36;SEL-2_F.4
134073;KIT BOR MTR FORD ECOSPORT FOCUS MONDEO DURATEC 2.0;0,;138,67;
1340491;KIT BOR MTR FORD ESCORT MONDEO ZETEC 1.8 2.0 16 VA;0,;82,22;
1740301;KIT BOR MTR FORD F600 CHEVROLET D65 DODGE D7000 D9;0,;24,22;
174032;KIT BOR MTR FORD F700 750 MASSEY FERGUSON MF400 PE;0,;27,81;
134045;KIT BOR MTR FORD FIESTA ECOSPORT SUPERCHARGER KA Z;4,;80,19;DIV-1_G.1
134008;KIT BOR MTR FORD FIESTA KA COURIER 1.0 1.3 ENDURA;0,;19,28;
134065;KIT BOR MTR FORD FOCUS MONDEO ZETEC 2.0 16V 00/05;0,;99,32;
134090;KIT BOR MTR FORD KAKA+ ECOBOOST TIVCT M2DA M1DA 1.;19,;91,28;DIV-3_A.8
134053;KIT BOR MTR FORD RANGER EXPLORE V6 4.0 12 VAL;0,;86,18;
134089;KIT BOR MTR FORD RANGER MTR POWER-STROKE 3.0 16V;0,;90,11;
1540175;KIT BOR MTR G9U 720/724/730750/754 2.5 16V DSL RN;0,;166,09;
1240161;KIT BOR MTR GM CAPTIVA MTR 10HM 3.6 24V V6;0,;170,10;
1217011;KIT BOR MTR GM CHEVETTE 1.4 1.6 ALC GAS JUNIOR 1.0;44,;3,71;DIV-1_D.4
1217011BN;KIT BOR MTR GM CHEVETTE 1.4 1.6 ALC GAS JUNIOR 1.0;0,;11,03;
124093;KIT BOR MTR GM CORSA 1.0 1.6 16V;47,;40,21;DIV-1_E.2
124005;KIT BOR MTR GM CORSA CELTA PRISMA MERIVA 1.0 1.4 1;9,;31,86;DIV-1_F.3
124004;KIT BOR MTR GM MONZA KADETT S10 VECTRA 1.6 1.8 2.0;0,;31,86;DIV-1_H.3
154009;KIT BOR MTR GM S10 BLAZER M BENS SPRINTER LAND ROV;0,;54,71;
1240105;KIT BOR MTR GM S10 BLAZER VORTEC GAS V6 4.3;0,;83,90;
124075;KIT BOR MTR GM VECTRA ASTRA BLAZER S10 MPFI 1.8 2.;0,;40,55;
124087;KIT BOR MTR GM VECTRA ASTRA S10 2.0 2.2 16V;22,;40,21;DIV-1_F.4
1540112;KIT BOR MTR HONDA CIVIC D15Z3 D15Z6 D15Z8 D16Z6 D1;0,;40,21;
1540169;KIT BOR MTR HONDA FIT CITY JAZZ I-DSI TWIN SPARK 1;0,;149,17;
1540187;KIT BOR MTR HYUNDAI HB20 I30 VELOSTER KIA SOUL;3,;70,09;SEL-2_B.6
1540186;KIT BOR MTR HYUNDAI HB20 KIA PICANTO 1.0 12V KAPPA;4,;63,80;SEL-2_E.2
15405605;KIT BOR MTR HYUNDAI HR 13/... KIA SORENTO 02/... B;0,;70,09;
1540177;KIT BOR MTR HYUNDAI TUCSON I30 KIA SPORTEGECERATO;0,;22,89;
15404001;KIT BOR MTR IVECO 3.0 16V 2008/... F30DT - DUCATO;0,;160,71;
154021;KIT BOR MTR KIA BESTA 2.2;0,;39,70;
154025;KIT BOR MTR KIA BESTA 2.7;0,;35,19;
154023;KIT BOR MTR KIA BESTA 2.7 GS 3.0 16 LUGARES DIESEL;0,;90,27;
15408601;KIT BOR MTR LOGAN SANDERO KWID MTR SCE B4D FLEX 1.;0,;155,67;SEL-2_C.3
154035;KIT BOR MTR M BENS 120D 130D 140D 150D 170D 180D M;0,;52,93;
1640041;KIT BOR MTR M BENS OM314 L608D OM321;0,;46,53;
1640101;KIT BOR MTR M BENS OM314 L608D OM321;0,;41,55;
164020;KIT BOR MTR M BENS OM366 366A 6 CIL TURBO ASPIRADO;0,;43,33;
164028;KIT BOR MTR MB 611 CDI 2.0 16V;0,;174,35;
1540214;KIT BOR MTR MERCEDES CLASSE A 140 160 97/..;0,;41,72;
1540196;KIT BOR MTR MITSUBISHI MONTERO III PAJERO TD TRITO;0,;181,79;
184009;KIT BOR MTR MWM D225 226 227 229 3 4 CIL;0,;12,49;
154058;KIT BOR MTR MWM VOLARE SPRINT;0,;57,92;
15406005;KIT BOR MTR NISSAN BLUEBIRD SYLPHY LIVINA MARCH MI;0,;57,03;
15406003;KIT BOR MTR NISSAN FRONTIER PARTHFINDER 2.5 16V;0,;50,58;
154060;KIT BOR MTR NISSAN SENTRA TIIDA VERSA LIVINA RENAU;0,;113,34;
124003;KIT BOR MTR OHC MONZA 1.6 8V;80,;18,24;
154054;KIT BOR MTR PAJERO;0,;43,43;
1140061;KIT BOR MTR PARCIAL VW GOL PARATI SAVEIRO MI 1000;0,;48,25;
174008;KIT BOR MTR PERKINS 4236 4248 T4236 TRATOR AGRICOL;0,;135,40;
174012;KIT BOR MTR PERKINS 4236 FORD F350 CHEVROLET D10;0,;12,41;
1740011;KIT BOR MTR PERKINS TRATOR 8BR 4203;0,;14,63;
1540134;KIT BOR MTR PEUGEOT 206 307 PARTNER CITROEN SXARA;0,;83,17;
15401001;KIT BOR MTR PEUGEOT 306 405 GRI SRI STI CITROEN XA;0,;93,89;
1540185;KIT BOR MTR R18A1 R18A2 1.8 16V FLEX HD NEW CIVIC;0,;157,99;
154086;KIT BOR MTR RENAULT CLIO KANGOO TWINGO D7D D7F 1.0;0,;65,64;
154087;KIT BOR MTR RENAULT CLIO KANGOO TWINGO PEUGEOT 206;0,;81,92;
154076;KIT BOR MTR RENAULT CLIO SCENIC R11 R19 R21 1.8 2.;0,;17,51;
1540180;KIT BOR MTR RENAULT MASTER III DCI M9T 2 3 16V 4 C;0,;117,67;
154005;KIT BOR MTR RENAULT TRAFIC DIESEL;0,;67,09;
154002;KIT BOR MTR RENAULT TRAFIC GAS;0,;36,98;
1540106;KIT BOR MTR TOYOTA COROLLA 1.6 4AFE 1.8 7AFE 16 VA;0,;45,97;
1540154;KIT BOR MTR TOYOTA COROLLA PRIUS 07/... 2ZR FE 1.8;0,;113,34;
15405013;KIT BOR MTR TOYOTA ETIOS MTR 2NR-FE DUAL VVTI 1.3;0,;88,70;
154050;KIT BOR MTR TOYOTA HILUX 2L 3L 5L 2.5 2.8 3.0 DIES;0,;40,21;
154064;KIT BOR MTR TOYOTA HILUX TD LANDCRUISER 90TD 3.0 1;0,;81,68;
1140101;KIT BOR MTR VW FOX POLO CROSSFOX SPACEFOX MOTOR EA;3,;79,35;DIV-1_E.5
114008;KIT BOR MTR VW FUSCA BRASILIA KOMBI 1300 1500 1600;0,;29,95;
1140062;KIT BOR MTR VW GOL PARATI SAVEIRO MI 1000 AT 8V 97;0,;44,11;
114006;KIT BOR MTR VW GOL PARATI SAVEIRO MI 1000 AT 8V 97;11,;54,71;DIV-1_G.4
114007;KIT BOR MTR VW GOL PARATI SAVEIRO MI AT 1000 16V 9;17,;43,70;DIV-1_H.4
114061;KIT BOR MTR VW GOL SANTANA SAVEIRO PARATI AP MI 1.;24,;21,88;
114095;KIT BOR MTR VW GOLF BORA AZD 1.6 16V 01/...;0,;36,08;
114079;KIT BOR MTR VW GOLF BORA POLO CLASSIC APF 1.6 99/.;30,;109,50;DIV-1_F.7
1140116;KIT BOR MTR VW JETTA PASSAT TIGUAN AUDI Q3 A3 A3 A;0,;117,72;
11401167;KIT BOR MTR VW JETTA PASSAT TIGUAN AUDI Q3 A3 A3 A;0,;113,65;CAM-2_A.3
114083;KIT BOR MTR VW PASSAT ADR AFY 1.8 20V TURBO;0,;30,66;
1140121;KIT BOR MTR VW PASSAT JETTA TIGUAN GOLF 2005/2013;0,;33,57;
1140118;KIT BOR MTR VW UP FOX BLUEMOTION MTR 1.0 CHYA CHYB;3,;173,87;DIV-1_F.5
15401852;KIT BOR PARCIAL TAMPA FRONTAL MTR R18A1 R18A2 1.8 ;0,;17,03;
15401281;KIT BOR PEUGEOT 106 205 306 1.2 1.3 1.4 91/... CIT;3,;31,38;DIV-1_D.7
1117054CB;KIT BOR REP JTA TV COR VW GOL SANTANA SAVEIRO PARA;0,;38,41;
15171063BN;KIT BOR TV 4 PCS TOYOTA COROLLA 1.6 4AFE 1.8 7AFE;0,;13,02;
1517071BN;KIT BOR TV ASIA TOPIC 2.7 MAZDA 3.0 KIA BONGO ASIA;0,;49,57;
1217160BN;KIT BOR TV BOR  GM CAPTIVA MTR 10HM 3.2 24V V6..;0,;233,70;
1317892BN;KIT BOR TV BOR  POWER STROKE 3.0 16V DIESEL FORD R;4,;244,87;TV-13_A.2
12171662BN;KIT BOR TV BOR CTDI LTZ 2.8 4 CILS 16V DIESEL GM S;26,;245,33;TV-12_E.3
1317852BN;KIT BOR TV BOR FORD DURATORQ PUMA TDCI (22DDOP) 2.;0,;187,54;
15171122BNEL;KIT BOR TV ELRING HONDA CIVIC 1.5 1.6 16V 389220;0,;119,60;
12171642SL;KIT BOR TV GM CRUZE TRACKER 1.8 4CIL 16V F18 D4 DO;4,;161,42;TV-11_H.3.A
15171122BNVT;KIT BOR TV HONDA CIVIC 1.5 1.6 D15Z3 D15Z6 D15Z D1;1,;96,49;C30-J.1
15171122BN;KIT BOR TV HONDA CIVIC 1.5 1.6 D15Z3 D15Z6 D15Z D1;3,;175,57;C30-J.1
1517111BN;KIT BOR TV HYUNDAI H100 MITSUBISHI PAJERO MONTERO;11,;10,68;C40-I.1
151760031BN;KIT BOR TV HYUNDAI NISSAN FRONTIER PARTHIFINDER 2.;6,;178,00;C10-D.2.A
1517714BN;KIT BOR TV KIA PREGIO K2500 BONGO HYNDAY HR TERRA;0,;54,62;
1617281BN;KIT BOR TV MB SPRINTER CDI 2.2 16V MB611 960 MB611;3,;41,23;C10-J.1
15171712SL;KIT BOR TV SILIC HONDA CIVIC COUPE STREAM LX FR-VV;6,;187,57;C20-F.2.A
15171062BN;KIT BOR TV TOYOTA COROLLA 1.6 4AFE 1.8 7AFE 16 VAL;3,;162,86;C30-C.2
15171462SL;KIT BOR TV TOYOTA COROLLA VVTI FILDER VVTI RAV4 1Z;3,;69,22;C20-B.3
114057;KIT BOR VW GOL POWER 8V FOX 1.0 8V;1,;27,10;
1640307;KIT BORR INF M BENS SPRINTER CDI LA DIESEL BI TURB;0,;84,19;
15403707;KIT BORR LAND ROVER VOLVO MOTOR B6324S 3.0 3.2 24V;0,;97,12;
164041;KIT BORR MERCEDES MTR OM 904 4.3L 4CIL 12V ELETR 9;0,;110,85;
19401007;KIT BORR MOTOR 6C CT CTA CTAA 8.3 12V DIESEL;0,;4,63;
194010111;KIT BORR MOTOR CUMINS ISC6 ELETRONICO 8.3 24V;0,;5,01;
194010112;KIT BORR MOTOR CUMINS ISC6 ELETRONICO 8.3 24V.;0,;5,08;
1540146;KIT BORR MTR 1ZZFE 3ZZFE 4ZZFE 1.8 1.6 1.4 16V GAS;0,;71,91;
15403408;KIT BORR MTR DODGE JOURNEY DURANGO CHALLENGER CHAR;0,;114,78;
1540193;KIT BORR MTR FIAT DUCATO PEUGEOT BOXER CITROEN JUM;0,;104,68;
1440103;KIT BORR MTR FIAT FASTBACK PULSE ABARTH TORO JEEP ;0,;91,09;
14401031;KIT BORR MTR FIAT FASTBACK PULSE ABARTH TORO JEEP ;0,;99,41;
174026;KIT BORR MTR FORD CARGO FASE II FORD 6.6 7.8 11-86;0,;42,85;
134049;KIT BORR MTR FORD MONDEO ZETEC 2.0 16V 94 99;0,;70,39;
134081;KIT BORR MTR FORD NEW FIESTA ECOSPORT 10/...1.6 16;0,;111,18;
1240173;KIT BORR MTR GM ONIX 2G 20/... TRACKER MTR ECOTEC;0,;108,81;
134003;KIT BORR MTR MAVERICK WILLYS JEEP 58 75 MTR 6CIL;0,;22,84;
184023;KIT BORR MTR MWM X10 X10T X10TCA EURO I II III VOL;0,;75,16;
15409605;KIT BORR MTR PEUGEOT CITROEN 208 C3 PURETECH HMY F;0,;94,94;
1540114;KIT BORR MTR RENAULT CLIO MEGANE SCENIC KANGOO 1.6;0,;16,79;
15403801;KIT BORR MTR SSANGYONG KYRON ACTION KORANDO MTR D2;0,;66,95;
15405016;KIT BORR MTR TOYOTA MTR 1NR FE 1.3 1.5 16V ETIOS 0;2,;137,60;SEL-2_F.6
11401142;KIT BORR MTR VW JETTA PASSAT TIGUAN AUDI Q3 A3 A4;0,;110,67;
134074;KIT BORRACHA FORD MOTOR ECOBOOST 2.0 16V FUSION 12;0,;166,60;
15408004;KIT BORRACHA HYUNDAI KIA MOTOR-G6DB MPI 3.3 24V V6;0,;94,24;
2111013;KIT BUCHA RET TP CAMBIO VW FUSCA BRASILIA KOMBI VA;0,;61,99;
2111063;KIT BUCHA RET TP CAMBIO VW KOMBI CLIPPER 1600 84/.;0,;68,30;
4214115;KIT BUCHAS FIX BICO INJETOR GM OMEGA SILVERADO 4 1;0,;146,52;
411461;KIT BUCHAS FIX BICO INJETOR VW GOL SANTANA SAVEIRO;0,;59,40;
411465;KIT BUCHAS FIX BICO INJETOR VW GOL SAVEIRO PARATI;0,;59,40;
8036WS;KIT CAPA CORR FIAT FIORINO 1.3 16V DEZ 08/... UNO;0,;61,77;
8024WS;KIT CAPA CORR GM CORSA 1.0 1.4 1.6 8V 94/02 CORSA;0,;73,00;
8019WS;KIT CAPA DE CORREIA DENTADA GM CORSA /CORSA SEDAN;0,;100,13;
331106;KIT CARB (DIAF. + MOLA + VÁLV.MAX. ) CORCEL III CA;16,;54,23;INJ-C1_F
341118;KIT CARB (DIAF. + MOLA + VÁLV.MAX. ) FIAT TEMPRA 2;6,;41,36;
321136;KIT CARB (DIAF. + MOLA + VÁLV.MAX. ) MONZA CARB.SO;26,;16,01;INJ-C1_G
341106;KIT CARB (DIAF. + MOLA + VÁLV.MAX. ) UNO MILLE CAR;4,;44,98;INJ-C1_B
341112;KIT CARB (DIAF. + MOLA + VÁLV.MAX. ) UNO MILLE CAR;10,;67,83;INJ-C1_C
341110;KIT CARB (DIAF. + MOLA + VÁLV.MAX. ) UNO-SX CARB.W;8,;41,36;INJ-C1_A
31111402;KIT CARB (DIAF.S/CORTE + MOLA +  BAQUELITE ÁLC/GAS;8,;0,00;
321124;KIT CARB (DIAFRAGMA + MOLA + BAQUELITE) CHEVETTE C;12,;29,39;INJ-C2_A
331114;KIT CARB (DIAFRAGMA + MOLA) CORCEL II CARB.WEBER 4;9,;10,19;INJ-C2_E
331102;KIT CARB (PISTÃO) CORCEL II CARB.228/104/107 GASOL;8,;44,62;
MG110;KIT CARCAÇA VAL TERMOST FORD FIESTA KA ZETEC 1.0 8;0,;6,30;
7032WS;KIT CAVALETE TUBO COTOVELO 3 SAIDAS VW FOX GOLF;0,;70,97;
11086;KIT COIFA CX DIR. COMP. CORCEL/DEL REY/PAMPA;0,;25,03;
1621282;KIT COL ADM  M.BENS SPRINTER CDI 2.2 16V MB611.961;0,;77,62;
3611;KIT COM FILTRO DE COMBUSTIVEL/OLEO/AR, P/ PICK UP;1,;338,83;
AVI202213A;KIT COMANDO/TUCHO/RETENTOR VW POWER 1.0/1.4/1.6;6,;781,25;
352308;KIT COMP CARB AG BOIA ASIA TOWNER 3CIL GAS AG 5035;3,;320,53;CARB-C2_A
312312;KIT COMP CARB SLX 2E7 170 175 AG BOIA GOL MZA 1.8;1,;151,82;CARB-C3_D
3223071;KIT COMP CARB SOLEX 118 34 AG BOIA GM CHEVETTE HAT;0,;108,01;
322313;KIT COMP CARB SOLEX 160 35ALFA1 AG BOIA GM MONZ 1;6,;96,86;
342306;KIT COMP CARB SOLEX 160 ALFA1 AG BOIA FIAT 147 06;0,;101,69;
342307;KIT COMP CARB SOLEX 160 ALFA1 AG BOIA FIAT 147 06;0,;96,86;
3123121;KIT COMP CARB SOLEX 2E7 170 175 AG BOIA VW GOL GM;0,;121,63;
312313;KIT COMP CARB SOLEX 2E7 170 175 AG BOIA VW SANT GO;2,;142,47;CARB-C3_D
312311;KIT COMP CARB SOLEX 2E7 170 175 AG BOIA VW SANTANA;3,;138,22;CARB-C3_B
3123111;KIT COMP CARB SOLEX 2E7 170 175 AG BOIA VW SANTANA;0,;119,44;
342302;KIT COMP CARB SOLEX 32 DIS AG BOIA FIAT 147 FIORIN;0,;165,12;
322318;KIT COMP CARB SOLEX 35 PDSI AG BOIA GM CHEVETTE HA;0,;79,81;
312317;KIT COMP CARB SOLEX 3E 176 BROSOL AG BOIA VW SANT;0,;134,41;
332312;KIT COMP CARB SOLEX 3E ESCORT GAS;0,;80,19;
312308;KIT COMP CARB SOLEX 40 35 PDSIT AG BOIA VW PASSAT;0,;94,61;
322310;KIT COMP CARB SOLEX 40 EIS 185 40 DEIS 186 AG BOIA;2,;157,55;CARB-C4_B
332304;KIT COMP CARB SOLEX DUPL 54 34 SEIE AG BOIA FORD C;12,;136,12;INJ-C10_E
322324;KIT COMP CARB SOLEX DUPLO 30 34 BLFA AG BOIA GM MO;2,;133,37;CARB-C4_C
332310;KIT COMP CARB SOLEX DUPLO 30 34 BLFA AG BOIA GOL F;8,;146,67;CARB-C1_A
322302;KIT COMP CARB SOLEX DUPLO 54 34 AG BOIA GM CHEV HA;1,;157,45;CARB-C1_C
3223021;KIT COMP CARB SOLEX DUPLO 54 34 AG BOIA GM CHEV HA;0,;139,54;
3223011;KIT COMP CARB SOLEX DUPLO 54 34 AG BOIA GM CHEVE H;0,;175,51;
322303;KIT COMP CARB SOLEX DUPLO 54 34 AG BOIA GM CHEVET;0,;152,03;
312303;KIT COMP CARB SOLEX DUPLO AG BOIA VW BRASILIA KOMB;0,;174,36;
312304;KIT COMP CARB SOLEX DUPLO AG BOIA VW BRASILIA KOMB;0,;160,35;
312306;KIT COMP CARB SOLEX DUPLO AG BOIA VW BRASILIA KOMB;0,;171,67;
312301;KIT COMP CARB SOLEX SIMPLES AG BOIA VW SEDAM BRASI;14,;100,86;CARB-C2_F
312302;KIT COMP CARB SOLEX SIMPLES AG BOIA VW SEDAM BRASI;0,;99,11;
3123011;KIT COMP CARB SOLEX SIMPLES AG BOIA VW SEDAM BRASI;0,;99,81;
312316;KIT COMP CARB SOLEX3E 176 BROSOL AG BOIA VW SANT Q;0,;130,67;
312314;KIT COMP CARB WBR 495 TLDZ TLDF AG BOIA VW GOL VOY;2,;134,37;CARB-C1_F
342311;KIT COMP CARB WBRER 495 TLDF AG BOIA UNO R PREMIO;0,;153,28;
322322;KIT COMP CARB WEBER 190 CHEVETTE ALC;0,;95,65;
3423042;KIT COMP CARB WEBER 190 FIAT 147 CARB ALC;0,;80,06;
342303;KIT COMP CARB WEBER 190 PINO FINO AG BOIA FIAT 105;0,;102,36;CARB-C1_C
342304;KIT COMP CARB WEBER 190 PINO FINO AG BOIA FIAT 105;0,;102,36;
3223141;KIT COMP CARB WEBER 190 PINO GROSSO AG BOIA FIAT 1;0,;102,02;
3223151;KIT COMP CARB WEBER 190 PINO GROSSO AG BOIA FIAT 1;0,;98,28;
322308;KIT COMP CARB WEBER 228 DFV AG BOIA GM OPALA CARAV;3,;121,62;CARB-C4_E
322316;KIT COMP CARB WEBER 228 DFV AG BOIA GM VERANEIO 6;0,;111,84;
312309;KIT COMP CARB WEBER 450 M PROG AG BOIA VW PASSAT G;3,;107,94;CARB-C4_C
312310;KIT COMP CARB WEBER 450 M PROG AG BOIA VW PASSAT G;40,;107,81;CARB-C1_B
342312;KIT COMP CARB WEBER 460 AG BOIA FIAT TEMPRA 2.0 92;0,;90,46;
342313;KIT COMP CARB WEBER 460 AG BOIA FIAT TEMPRA 2.0 92;0,;104,92;
342305;KIT COMP CARB WEBER 460 AG BOIA FIAT UNO MILLE BRI;0,;104,75;CARB-C2_D
342308;KIT COMP CARB WEBER 460 AG BOIA FIAT UNO SX ELBA P;5,;104,75;CARB-C2_B
342309;KIT COMP CARB WEBER 460 AG BOIA FIAT UNO SX ELBA P;0,;104,75;
332311;KIT COMP CARB WEBER 460 AG BOIA FORD ESCORT HOBBY;3,;113,90;CARB-C3_E
332306;KIT COMP CARB WEBER 460 AG BOIA FORD TODOS CHT 83;2,;113,90;CARB-C3_C
332307;KIT COMP CARB WEBER 460 AG BOIA FORD TODOS CHT 83;3,;113,90;CARB-C4_E
342310;KIT COMP CARB WEBER 495 TLDF AG BOIA FIAT UNO R PR;4,;139,42;CARB-C3_A
342310E;KIT COMP CARB WEBER 495 TLDF IE AG BOIA FIAT UNO R;0,;152,03;
312315E;KIT COMP CARB WEBER 495 TLDZ IE AG BOIA VW GOL VOY;0,;179,14;
312314E;KIT COMP CARB WEBER 495 TLDZ IE AG BOIA VW LOGUS F;0,;164,74;
312315;KIT COMP CARB WEBER 495 TLDZ TLDF AG BOIA VW GOL V;0,;166,67;
332316;KIT COMP CARB WEBER DFV 228 CORCEL;0,;83,86;
322309;KIT COMP CARB WEBER DFV 446 AG BOIA GM OPALA CARAV;0,;210,84;CARB-C1_E
4411181;KIT COMP ELET FIAT UNO PREMIO ELBA 1.5 1.6 IE UNO;0,;51,70;
441111;KIT COMP INJ ELET MULT POINT FIAT PALIO SIENA 1.6;15,;55,37;INJ-C4_B
4411271;KIT COMP INJ ELET S POINT FIAT MILLE 97 SX EP M MA;9,;46,56;INJ-C6_D
4111011;KIT COMP INJ ELET S POINT VW GOL 1.0 FASE I II GOL;0,;56,18;
312307;KIT COMPLETO CARB 40 35 PDSIT AG BOIA VW PASSAT GO;5,;85,81;CARB-C2_A
322312;KIT COMPLETO CARB SOLEX 160 35 ALFA1 AG BOIA GM MO;22,;99,20;CARB-C2_E
342301;KIT COMPLETO CARB SOLEX 32 DIS AG BOIA FIAT 147 FI;14,;141,75;CARB-C2_C
322317;KIT COMPLETO CARB SOLEX 35 PDSI AG BOIA GM CHEVETT;3,;76,47;CARB-C1_E
312305;KIT COMPLETO CARB SOLEX DUPLO AG BOIA VW KOMBI 91/;2,;180,12;CARB-C3_B
332301;KIT COMPLETO CARB WEBER 228 DFV AG BOIA FORD CORCE;4,;120,47;CARB-C4_D
332302;KIT COMPLETO CARB WEBER 228 DFV AG BOIA FORD CORCE;2,;119,44;CARB-C4_A
322307;KIT COMPLETO CARB WEBER 228 DFV AG BOIA GM CHEVETT;4,;121,62;
3603;KIT COMPLETO DO ESTABILIZADOR, P/ PICK UP RANGER;1,;135,53;
421118;KIT COMPLETO INJ ELET GM CORSA WIND 1.0 GL 1.4 SED;3,;42,47;INJ-C3_F
421111;KIT COMPLETO INJ ELET GM MONZA KADETT IPANEMA S10;3,;51,12;INJ-C8_D
4411011;KIT COMPLETO INJ ELET S POINT FIAT UNO MILLE ELBA;0,;56,23;
4311031;KIT COMPLETO INJ ELET S POINT FORD ESCORT GL GLS V;0,;46,01;
4311011;KIT COMPLETO INJ ELET S POINT FORD VERSAILLES ROYA;0,;46,01;
V7089066;KIT CORR DENT ORIG FIAT FIRE 1.4;0,;150,00;
V7089067;KIT CORR DENT ORIG FIAT FIRE/EVO 1.0;0,;150,00;
7243012;KIT COXIM AMORT BUCHA TRASEIRA DIANTEIRA CHEVETT;0,;6,62;
536004070;KIT DE DISTRIBUICAO COMPLETO FIAT PALIO 1.6/1.8 16;0,;496,27;
536001030;KIT DE DISTRIBUICAO COMPLETO FORD ZETEC ROCAM FOCU;0,;342,62;
536011070;KIT DE DISTRIBUICAO PARCIAL FIAT FIREFLY 1.0L 12V;0,;969,98;
536057031;KIT DE DISTRIBUICAO PARCIAL RENAULT SCE 1.0L 12V L;1,;794,13;
1317856SL;KIT DIAF TAMPA VALV RANGER TRANSIT MTR DURATORQ PU;0,;75,20;
619217400;KIT EMBR CORSA 1.0/1.4 REM 6285;8,;300,00;
618301700;KIT EMBR UNO FIRE 1.0 REM;5,;0,00;
619301500;KIT EMBR UNO FIRE 1.3/1.4 REM;0,;120,06;
12991;KIT ESCAP/ADM. GOLF/FOX 1.6 - KOMBI 1.4 8V;0,;72,49;
V439;KIT ESTIC CORR 129 DENT FIAT 1.4 TENS 55226056;1,;107,06;
V478;KIT ESTIC CORR FIAT EVO 1.0;43,;147,06;
V768;KIT ESTIC CORR FIAT FIRE 1.0 CORR 124 DENTES;35,;107,06;
V848;KIT ESTIC CORR GM 1.8 ACDELCO;0,;147,06;
V876;KIT ESTIC CORR GM 2.2 2.4 16V C/HNBR;8,;200,00;
V874;KIT ESTIC CORR GM CORSA 8V;0,;147,06;
V086;KIT ESTIC CORR PEUGEOT/CITROEN 1.4 8V;12,;205,88;
V119AA;KIT ESTIC CORR VW GOL MI 8V;0,;152,31;
V116SP;KIT ESTICADOR CORREIA FORD 1.0 12V 3CC ;15,;844,18;
AV881;KIT ESTICADOR CORREIA FORD SIGMA 1.5 1.6;14,;888,89;
V866;KIT ESTICADOR+CORREIA CONTITECH GM 1.0/1.8;14,;138,46;
4510146;KIT FILTRO BICO INJ ELE TBI M POINT TOYOTA COROLLA;0,;85,80;
451060;KIT FILTRO BICO INJ FBY2850 H106845;0,;71,59;
4510171;KIT FILTRO BICO INJ HONDA CIVIC FIT 01 05;5,;46,79;SEL2_D.5
4510185;KIT FILTRO BICO INJ NEW CIVIC CITY;3,;78,35;SEL-1_C.3
4510134;KIT FILTRO BICO INJ PEUGEOT;0,;148,67;
4510153;KIT FILTRO BICO INJ SISTEMA DENSO;0,;79,22;
411060;KIT FILTRO BICO INJ SISTEMA GOL FOX M MARELLI .;0,;105,63;
411065;KIT FILTRO BICO INJ SISTEMA GOLF 1.8 96/...;0,;30,51;
4510118;KIT FILTRO BICO INJ SISTEMA MEGANE SCENIC CLIO LAG;0,;46,37;
45106001;KIT FILTRO BICO INJ SISTEMA NISSAN PATHFINDER 06 C;0,;164,39;
4510114;KIT FILTRO BICO INJ SISTEMA RENAULT 19 CLIO;0,;56,01;
45108701;KIT FILTRO BICO INJ SUBARU;0,;135,03;
4510105;KIT FILTRO BICO INJ TOYOTA HILUX DENSO MARRON;0,;141,94;
45105007;KIT FILTRO BICO INJ TOYOTA HILUX DENSO VERMELHO;0,;99,37;
342271;KIT GICLEUR FIAT UNO SX 1.3 8 / 84/.... C FLANGE A;0,;114,15;
332254;KIT GICLEUR SOLEX 2E7 FORD ESCORT 1.8 05-89 A 09-9;0,;107,37;
332212;KIT GICLEUR SOLEX 2E7 FORD ESCORT GUIA GL XR3 VERO;0,;96,63;
332264;KIT GICLEUR SOLEX 2E7 FORD ESCORT XR3 GUIA VERONA;0,;107,37;
332262;KIT GICLEUR SOLEX 2E7 FORD PAMPA 07-90 A 09-90 ALC;0,;107,37;
332265;KIT GICLEUR SOLEX 2E7 FORD PAMPA 1.8 09-93 A 10-95;0,;96,63;
332263;KIT GICLEUR SOLEX 2E7 FORD PAMPA 10-91 A 08-93 ALC;0,;107,37;
322256;KIT GICLEUR SOLEX 2E7 GM CHEVETTE HATCH MARAJO 1.6;0,;107,37;
322219;KIT GICLEUR SOLEX 2E7 GM MONZA 2.0 09-87 A 12-88 G;0,;107,37;
322255;KIT GICLEUR SOLEX 2E7 GM MONZA 2.0 86 A 91 KADETT;0,;107,37;
322213;KIT GICLEUR SOLEX 2E7 GM MONZA KADETT 1.8 2.0 TM 8;0,;107,37;
322254;KIT GICLEUR SOLEX 2E7 GM MONZA KADETT IPANEMA 1.8;0,;107,37;
312205;KIT GICLEUR SOLEX 2E7 VW APOLLO 1.8 07-90 A 01-91;0,;107,37;
312283;KIT GICLEUR SOLEX 2E7 VW GOL GT GTS PARATI VOYAGE;0,;107,37;
312281;KIT GICLEUR SOLEX 2E7 VW PARATI 86 A 10-89 PASSAT;0,;107,37;
312267;KIT GICLEUR SOLEX 2E7 VW SANTANA 07-84 A 89 VOYAGE;0,;107,37;
312268;KIT GICLEUR SOLEX 2E7 VW SANTANA QUANTUM 1.8 07-84;0,;96,63;
312204;KIT GICLEUR SOLEX 2E7 VW SANTANA QUANTUM 1.8 11-89;0,;107,37;
312282;KIT GICLEUR SOLEX 2E7 VW SANTANA QUANTUM 1.8 91/92;0,;107,37;
312284;KIT GICLEUR SOLEX 2E7 VW SANTANA QUANTUM 2.0 05-88;0,;96,63;
312270;KIT GICLEUR SOLEX 2E7 VW SANTANA QUANTUN 1.8 11-89;0,;107,37;
332266;KIT GICLEUR SOLEX 30 34 BLFA FORD BELINA CORCEL II;0,;140,41;
332207;KIT GICLEUR SOLEX 30 34 BLFA FORD ESCORT HOBBY VER;0,;154,62;
322216;KIT GICLEUR SOLEX 30 34 BLFA GM MONZA 1.8 06-85 A;0,;140,41;
322257;KIT GICLEUR SOLEX 30 34 BLFA GM MONZA 1.8 09-85 A;0,;140,41;
312286;KIT GICLEUR SOLEX 30 34 BLFA VW GOL PARATI SAVEIRO;0,;140,41;
312285;KIT GICLEUR SOLEX 30 34 BLFA VW GOL PARATI VOYAGE;0,;140,41;
312272;KIT GICLEUR SOLEX 30 34 BLFA VW GOL VOYAGE SAVEIRO;0,;140,41;
312220;KIT GICLEUR SOLEX 30 PIC VW BRASILIA 1600 10-75 A;0,;59,72;
312217;KIT GICLEUR SOLEX 30 PIC VW FUSCA BRASILIA 1300 68;0,;51,63;
312218;KIT GICLEUR SOLEX 30 PIC VW SEDAN 1300 74 A 83 GAS;0,;51,63;
312275;KIT GICLEUR SOLEX 30 PIC VW SEDAN 1500 11-72 A 04-;0,;51,63;
342201;KIT GICLEUR SOLEX 32 DIS-1 S FIAT 147 76 A 82 GAS;0,;59,27;
342250;KIT GICLEUR SOLEX 32 DIS-2 FIAT 147 TODOS 06-79 A;0,;59,27;
312255;KIT GICLEUR SOLEX 32 PDSI 2 VW GOL 1300 09-80 A 02;0,;83,07;
312276;KIT GICLEUR SOLEX 32 PDSI 2 VW GOL 1600 03-82 A 12;0,;74,75;
312223;KIT GICLEUR SOLEX 32 PDSI 2 VW GOL 1600 08-80 A 12;0,;74,75;
312224;KIT GICLEUR SOLEX 32 PDSI 2 VW GOL 1600 08-84 A 12;0,;83,07;
312252;KIT GICLEUR SOLEX 32 PDSIT 2 VW BRASILIA 1.3 09-79;0,;83,07;
312221;KIT GICLEUR SOLEX 32 PDSIT 2 VW BRASILIA 1.6 05-75;0,;83,07;
312254;KIT GICLEUR SOLEX 32 PDSIT 2 VW KOMBI 1600 01-82 A;0,;83,07;
312256;KIT GICLEUR SOLEX 32 PDSIT 2 VW KOMBI 1600 01-82 A;0,;86,39;
312222;KIT GICLEUR SOLEX 32 PDSIT 2 VW KOMBI 1600 01-84 A;0,;94,70;
312225;KIT GICLEUR SOLEX 32 PDSIT 2 VW KOMBI 1600 10-91/.;0,;78,46;
312253;KIT GICLEUR SOLEX 32 PDSIT 2 VW SEDAN 1600 01-84 A;0,;83,07;
312250;KIT GICLEUR SOLEX 32 PDSIT 2 VW SEDAN BRASILIA 160;0,;74,75;
332222;KIT GICLEUR SOLEX 34 SEIE FORD CORCEL BELINA II DE;0,;59,36;
322264;KIT GICLEUR SOLEX 34 SEIE GM CHEVETTE HATCH MARAJO;0,;75,45;
322204;KIT GICLEUR SOLEX 34 SEIE GM CHEVETTE HATCH MARAJO;0,;67,90;
322201;KIT GICLEUR SOLEX 34 SEIE GM OPALA CARAVAN 09-78 A;0,;67,90;
322265;KIT GICLEUR SOLEX 34 SEIE GM OPALA CARAVAN PICK-UP;0,;67,90;
322266;KIT GICLEUR SOLEX 34 SEIE GM OPALA CARAVAN PICK-UP;0,;55,60;
342258;KIT GICLEUR SOLEX 35 ALFA1 FIAT 147 1300 06-79 A 0;0,;32,07;
322262;KIT GICLEUR SOLEX 35 ALFA1 GM MONZA 1.8 01-84 A 08;0,;44,47;
322209;KIT GICLEUR SOLEX 35 ALFA1 GM MONZA 1.8 09-82 A 12;0,;44,47;
322269;KIT GICLEUR SOLEX 35 PDSI GM CHEVETTE HATCH CHEVY;0,;28,46;
322270;KIT GICLEUR SOLEX 35 PDSI GM CHEVETTE HATCH MARAJO;0,;25,61;
312274;KIT GICLEUR SOLEX 35 PDSI VW PASSAT VOYAGE 1500 07;0,;32,64;
312226;KIT GICLEUR SOLEX 35 PDSIT VW PASSAT VOYAGE 1500 0;0,;32,64;
322271;KIT GICLEUR SOLEX 3E CE GM OPALA CARAVAN MTR 4CIL;0,;107,37;
322263;KIT GICLEUR SOLEX 3E CE GM OPALA CARAVAN TM TA 6 C;0,;107,37;
322220;KIT GICLEUR SOLEX 3E CE GM OPALA CARAVAN TM TA 6 C;0,;107,37;
312273;KIT GICLEUR SOLEX 3E CE VW SANTANA QUANTUM 2.0 09-;0,;107,37;
3122171;KIT GICLEUR SOLEX 3E CE VW SANTANA QUANTUM 2.0 89;0,;86,25;
312207;KIT GICLEUR SOLEX 3E CE VW SANTANA QUANTUM 2.0 92/;0,;107,37;
3222231;KIT GICLEUR SOLEX 40 DEIS GM OPALA CARAVAN 2500 4;0,;25,27;
322223;KIT GICLEUR SOLEX 40 DEIS GM OPALA CARAVAN 4 CIL 0;0,;25,27;
322212;KIT GICLEUR SOLEX GM CHEVETTE HATCH CHEVY 500 1.6;0,;28,46;
342204;KIT GICLEUR WEBER 190 FIAT 1050 77 A 82 GAS;0,;71,70;
342251;KIT GICLEUR WEBER 190 FIAT 1300 PREMIO 83/... ALC;0,;64,53;
342202;KIT GICLEUR WEBER 190 FIAT 1300 UNO 09-85 UNO S CS;0,;73,92;
342261;KIT GICLEUR WEBER 190 FIAT UNO MILLE 10-91 A 12-92;0,;73,92;
342203;KIT GICLEUR WEBER 190 FIAT UNO MILLE 90/91 994 CC;0,;73,92;
322251;KIT GICLEUR WEBER 190 GM MONZA 1.6 82/... ALC;0,;71,70;
322267;KIT GICLEUR WEBER 190 GM MONZA 1.6 82/... GAS;0,;91,21;
322268;KIT GICLEUR WEBER 190 GM MONZA 1.8 ATE 85 ALC;0,;71,70;
332256;KIT GICLEUR WEBER 228 DFV FORD AERO WILLYS PERUA P;0,;80,84;
332201;KIT GICLEUR WEBER 228 DFV FORD CORCEL BELINA 1.4 7;0,;80,84;
332213;KIT GICLEUR WEBER 228 DFV FORD CORCEL BELINA 1.4 8;0,;70,90;
332250;KIT GICLEUR WEBER 228 DFV FORD CORCEL BELINA II 1.;0,;63,81;
332211;KIT GICLEUR WEBER 228 DFV FORD CORCEL BELINA II 1.;0,;63,81;
322221;KIT GICLEUR WEBER 228 DFV GM CHEVETTE 1.4 77 A 81;0,;67,96;
322205;KIT GICLEUR WEBER 228 DFV GM OPALA COUPE SEDAN AP;0,;80,96;
322259;KIT GICLEUR WEBER 446 GM OPALA CARAVAN PICK-UP 4 6;0,;164,93;
322206;KIT GICLEUR WEBER 446 GM OPALA SS 6 CIL CORPO DUPL;0,;164,93;
332206;KIT GICLEUR WEBER 450 FORD CORCEL BELINA II DEL RE;0,;110,40;
322252;KIT GICLEUR WEBER 450 GM CHEVETTE 1.4 80/... ALC;0,;112,86;
322202;KIT GICLEUR WEBER 450 GM CHEVETTE 1.6 80/... GAS;0,;101,57;
312260;KIT GICLEUR WEBER 450 VW PASSAT 1.6 A VACUO ATE 83;0,;120,23;
312257;KIT GICLEUR WEBER 450 VW PASSAT PARATI VOYAGE GOL;0,;120,23;
312211;KIT GICLEUR WEBER 450 VW PASSAT PARATI VOYAGE GOL;0,;110,40;
312216;KIT GICLEUR WEBER 450 VW PASSAT PARATI VOYAGE GOL;0,;110,40;
312201;KIT GICLEUR WEBER 450 VW PASSAT TS 1.6 77 A 82 GAS;0,;110,40;
312258;KIT GICLEUR WEBER 450 VW PASSAT VOYAGE PARATI 1 6;0,;110,40;
312259;KIT GICLEUR WEBER 450 VW PASSAT VOYAGE PARATI 1.6;0,;110,40;
312202;KIT GICLEUR WEBER 450 VW PASSAT VOYAGE PARATI 1.6;0,;110,40;
312210;KIT GICLEUR WEBER 450 VW PASSAT VOYAGE PARATI 1.6;0,;110,40;
342267;KIT GICLEUR WEBER 460 FIAT 1.5 01-89 A 11-89 GAS;0,;127,97;
342259;KIT GICLEUR WEBER 460 FIAT 1.5 ELBA PREMIO 85/...;0,;123,79;
342207;KIT GICLEUR WEBER 460 FIAT 1.5 PREMIO 03-85 A 88 G;0,;111,41;
342264;KIT GICLEUR WEBER 460 FIAT 1.5 UNO 11 86 A 88 ALC;0,;123,79;
342268;KIT GICLEUR WEBER 460 FIAT 1500 PREMIO ELBA 87/...;0,;123,79;
342266;KIT GICLEUR WEBER 460 FIAT 994 CC UNO MILLE 07 91/;0,;131,93;
342254;KIT GICLEUR WEBER 460 FIAT FIORINO 1.5 01-89/... A;0,;132,13;
342262;KIT GICLEUR WEBER 460 FIAT TEMPRA 2.0 06-92 A 01-9;0,;127,88;
342260;KIT GICLEUR WEBER 460 FIAT TEMPRA 2.0 92/... ALC;0,;127,88;
342269;KIT GICLEUR WEBER 460 FIAT TEMPRA 2.0 92/... GAS;0,;127,88;
332208;KIT GICLEUR WEBER 460 FORD CORCEL BELINA ESCORT VE;0,;123,79;
332251;KIT GICLEUR WEBER 460 FORD CORCEL BELINA II DEL RE;0,;127,88;
332204;KIT GICLEUR WEBER 460 FORD CORCEL BELINA II PAMPA;0,;123,79;
332205;KIT GICLEUR WEBER 460 FORD CORCEL DEL REY ESCORT P;0,;121,12;
332260;KIT GICLEUR WEBER 460 FORD ESCORT 1.0 GOL 1000 AE;0,;123,79;
332257;KIT GICLEUR WEBER 460 FORD ESCORT 1.6 01-93/... AL;0,;132,09;
332258;KIT GICLEUR WEBER 460 FORD ESCORT VERONA 1.6 09-91;0,;118,91;
332259;KIT GICLEUR WEBER 460 FORD ESCORT XR3 1.6 86/... A;0,;123,79;
332261;KIT GICLEUR WEBER 460 FORD PAMPA 4X4 1.6 84/... AL;0,;123,79;
322253;KIT GICLEUR WEBER 460 GM CHEVETTE 1.6 09-87/... AL;0,;127,88;
322215;KIT GICLEUR WEBER 460 GM CHEVETTE 1.6 09-87/... GA;0,;129,45;
312279;KIT GICLEUR WEBER 460 VW GOL 1000 AE 09-92 A 05-93;0,;115,17;
312262;KIT GICLEUR WEBER 460 VW VOYAGE GOL PARATI SAVEIRO;0,;127,88;
312277;KIT GICLEUR WEBER 460 VW VOYAGE GOL PARATI SAVEIRO;0,;127,88;
312278;KIT GICLEUR WEBER 460 VW VOYAGE GOL PARATI SAVEIRO;0,;123,79;
312208;KIT GICLEUR WEBER 460 VW VOYAGE GOL PARATI SAVEIRO;0,;123,79;
342257;KIT GICLEUR WEBER 495 FIAT 1.6 R PREMIO ELBA 10-91;0,;130,07;
342270;KIT GICLEUR WEBER 495 FIAT 1.6 UNO ELBA 12-89 A 91;0,;130,05;
342256;KIT GICLEUR WEBER 495 FIAT 1.6 UNO R PREMIO ELBA 1;0,;135,88;
332253;KIT GICLEUR WEBER 495 FORD ESCORT 1.8 TRANSVERSAL;0,;121,19;
332255;KIT GICLEUR WEBER 495 FORD ESCORT VERONA 1.8 10-93;0,;124,01;
332252;KIT GICLEUR WEBER 495 FORD VERSAILLES ROYALE DEL R;0,;121,19;
342263;KIT GICLEUR WEBER 495 TDLF FIAT 994 CC UNO MILLE C;0,;97,53;
312214;KIT GICLEUR WEBER 495 VW GOL VOYAGE PARATI 1.6 92-;0,;117,43;
312266;KIT GICLEUR WEBER 495 VW GOL VOYAGE PARATI 1.8 07-;0,;124,01;
312212;KIT GICLEUR WEBER 495 VW GOL VOYAGE PARATI 1.8 91/;0,;111,61;
312213;KIT GICLEUR WEBER 495 VW GOL VOYAGE PARATI 1.8 92-;0,;124,01;
312247;KIT GICLEUR WEBER 495 VW GOL VOYAGE PARATI SAVEIRO;0,;112,87;
312264;KIT GICLEUR WEBER 495 VW GOL VOYAGE PARATI SAVEIRO;0,;112,87;
312280;KIT GICLEUR WEBER 495 VW SANTANA QUANTUM 1.8 09-89;0,;118,32;
312215;KIT GICLEUR WEBER 495 VW SANTANA QUANTUN 1.8 91/..;0,;118,32;
312206;KIT GICLEUR WEBER 495 VW VOYAGE GOL PARATI SAVEIRO;0,;118,32;
1140024;KIT HOMOGENIZACAO VW PASSAT GOL SANTANA SAVEIRO AP;0,;25,91;
421123;KIT INJ ELET BOSCH MONOT GM ASTRA 1.8 8V 16V GL 99;0,;46,10;
421122;KIT INJ ELET BOSCH MONOT GM VECTRA ASTRA 2.0 16VAL;0,;39,43;
4311141;KIT INJ ELET C COL FD ECOSP FOC MOND DURATEC 2.0 2;0,;154,79;
4511861;KIT INJ ELET C COL RENAULT CLIO KANGOO TWINGO D7D;0,;99,67;
4311691;KIT INJ ELET COM COLETOR FORD NOVO FIESTA ECOSPORT;0,;57,77;
41111031;KIT INJ ELET COM COLETOR MULT POINT VW GOL POWER 1;9,;96,15;INJ-C7_C
431171;KIT INJ ELET COMPLETO S POINT FORD FOCUS MONDEO ZE;0,;85,39;
441122;KIT INJ ELET FIAT PALIO 1.0 1.5 8 VAL SISTEMA IAW;4,;60,21;INJ-C8_D
431169;KIT INJ ELET FORD NOVO FIESTA ECOSPORT ZETEC ROCAM;2,;73,69;INJ-C8_F
411119;KIT INJ ELET GOL PARATI GL SANTANA LOGUS;5,;11,66;INJ-C8_B
41111033;KIT INJ ELET GOL POWER 1.0 KOMBI 1.4 GOLF 1.6 TOTA;0,;57,70;
41111113;KIT INJ ELET GOL POWER 1.0 KOMBI 1.4 GOLF 1.6 TOTA;0,;48,70;
411120;KIT INJ ELET GOLF 1.6 NACIONAL MPFI SR APF APK;3,;72,99;
421114;KIT INJ ELET M POINT BOSCH GM KADETT IPANEMA VECTR;4,;55,37;INJ-C8_B
421108;KIT INJ ELET M POINT BOSCH GM MONZA KADETT GSI 2.0;5,;55,37;INJ-C9_B
421109;KIT INJ ELET M POINT BOSCH GM OMEGA PICK-UP SILVER;0,;60,21;
41111111;KIT INJ ELET M POINT BOSCH GOL POWER 1 0 KOMBI 1.4;10,;60,18;INJ-C5_C
411106;KIT INJ ELET M POINT BOSCH MPFI VW GOLF GLX GTI 2.;6,;46,10;INJ-C8_C
451116;KIT INJ ELET M POINT CHRYSLER STRATUS 95/...;0,;91,47;
441130;KIT INJ ELET M POINT FIAT FIRE 1.0 1.3 16 VAL;2,;60,21;INJ-C.1_D
441149;KIT INJ ELET M POINT FIAT FIRE 1.0 1.3 8 VAL ATE 2;5,;68,46;INJ-C10_C
441126;KIT INJ ELET M POINT FIAT MAREA SW 2.0 5 CIL 20 VA;0,;41,87;
441113;KIT INJ ELET M POINT FIAT PALIO 1.0 1.5 E SW FIORI;8,;53,25;INJ-C9_A
441131;KIT INJ ELET M POINT FIAT PALIO EX WEEKEND 1.0 16V;24,;55,37;INJ-C10_D
441114;KIT INJ ELET M POINT FIAT PALIO SIENA 1 6;18,;46,10;INJ-C5_D
441102;KIT INJ ELET M POINT FIAT TEMPRA 2 0 16 VAL;5,;55,37;
441109;KIT INJ ELET M POINT FIAT TEMPRA 2 0 16 VAL;0,;39,31;
441121;KIT INJ ELET M POINT FIAT TEMPRA 2 0 16 VAL ATE 94;11,;41,87;INJ-C3_C
441105;KIT INJ ELET M POINT FIAT TEMPRA 2.0 16 VAL;5,;60,67;INJ-C7_F
441117;KIT INJ ELET M POINT FIAT TEMPRA 2.0 16 VAL 94/...;6,;46,10;INJ-C3_B
441123;KIT INJ ELET M POINT FIAT TEMPRA SW 2.0 16 VAL MPI;0,;46,10;
441106;KIT INJ ELET M POINT FIAT TIPO 1 6 NACIONAL SISTEM;7,;46,10;INJ-C6_C
441125;KIT INJ ELET M POINT FIAT TIPO 2.0 16 VAL IMPORTAD;0,;52,80;
441107;KIT INJ ELET M POINT FIAT TIPO 2.0 16V;6,;25,41;INJ-C6_F
441124;KIT INJ ELET M POINT FIAT TIPO 2.0 NACIONAL MPI;20,;43,96;INJ-C3_E
4411491;KIT INJ ELET M POINT FIAT UNO MILLE FIRE PALIO SIE;5,;91,97;INJ-C10_B
431147;KIT INJ ELET M POINT FORD COURIER 09/99... ECO SPO;4,;84,18;INJ-C11_E
431109;KIT INJ ELET M POINT FORD ESCORT S WAGON ZETEC 1.8;0,;46,10;
431108;KIT INJ ELET M POINT FORD FIESTA CLX KA COURIER ZE;8,;55,37;
431106;KIT INJ ELET M POINT FORD FIESTA KA 1.O 1.3 ENDURA;17,;60,21;INJ-C11_F
431107;KIT INJ ELET M POINT FORD FIESTA KA CLX NACIONAL E;7,;55,37;INJ-C6_E
431151;KIT INJ ELET M POINT FORD MONDEO 2.0 16 VAL ZETEC.;0,;73,69;
431159;KIT INJ ELET M POINT FORD RANGER 2.3 2.5 GAS 4 CIL;5,;66,92;INJ-C6_A
431110;KIT INJ ELET M POINT FORD RANGER 2.3 2.5 SISTEMA I;0,;46,10;
431114;KIT INJ ELET M POINT FORD RANGER 2.3 GASOLINA;3,;73,69;INJ-C8_F
431112;KIT INJ ELET M POINT FORD RANGER EXPLORE AEROSTAR;1,;136,83;INJ-C6_A
431102;KIT INJ ELET M POINT FORD VERONA VERSAILLES XR3 RO;2,;43,96;
421115;KIT INJ ELET M POINT GM CORSA GSI SEDAN WAGON 16 V;12,;50,12;INJ-C5_B
4211117;KIT INJ ELET M POINT GM CORSA MERIVA 1.0 1.8 FLEX;23,;76,97;INJ-C5_A
421104;KIT INJ ELET M POINT GM KADETT IPANEMA MONZA COM 8;5,;32,74;INJ-C3_D
421106;KIT INJ ELET M POINT GM OMEGA;2,;46,10;
421103;KIT INJ ELET M POINT GM S10 BLAZER 2.0 MULTEC 700;0,;38,98;
4211105;KIT INJ ELET M POINT GM S10 BLAZER VORTEC 4.3 V6 G;0,;374,68;
451115;KIT INJ ELET M POINT HYUNDAI ELANTRA SONATA;4,;47,93;INJ-C11_A
4111103;KIT INJ ELET M POINT M MARELLI VW GOL 8 VAL FLEX;0,;54,71;INJ-C7_B
4511134;KIT INJ ELET M POINT PEUGEOT 206 307 PARTNER CITRO;1,;85,98;INJ-C9_C
451186;KIT INJ ELET M POINT RENAULT CLIO KANGOO TWINGO D7;0,;55,37;
451187;KIT INJ ELET M POINT RENAULT CLIO KANGOO TWINGO PE;14,;122,49;INJ-C7_E
451113;KIT INJ ELET M POINT RENAULT CLIO MEGANE LAGUNA SC;0,;92,32;
451108;KIT INJ ELET M POINT RENAULT LAGUNA 1.8;1,;99,72;INJ-C7_A
451106;KIT INJ ELET M POINT RENAULT MEGANE 1.8;0,;122,33;
45111181;KIT INJ ELET M POINT RENAULT SANDERO LOGAN GRAND T;4,;104,62;INJ-C10_B
4511118;KIT INJ ELET M POINT RENAULT SANDERO LOGAN GRAND T;4,;92,32;INJ-C2_D
421105;KIT INJ ELET M POINT ROCHEST DELPHI GM VECTRA CALI;8,;55,37;INJ-C5_B
421110;KIT INJ ELET M POINT ROCHEST GM CORSA SEDAN GSI 1.;0,;46,10;INJ-C4_F
421116;KIT INJ ELET M POINT ROCHEST GM CORSA SUPER SEDAN;23,;50,12;INJ-C4_A
421113;KIT INJ ELET M POINT ROCHEST GM CORSA WIND 1.0 GL;8,;42,14;INJ-C5_B
421107;KIT INJ ELET M POINT ROCHEST GM OMEGA SUPREMA CD 2;10,;46,10;INJ-C4_A
421112;KIT INJ ELET M POINT ROCHEST GM VECTRA S10 BLAZER;0,;50,72;INJ-C7_C
411104;KIT INJ ELET M POINT SIST BOSCH VW GOL GTI LOGUS P;4,;46,10;INJ-C3_D
451110;KIT INJ ELET M POINT SUZUKI SWIFT;5,;50,27;INJ-C11_C
4511146;KIT INJ ELET M POINT TOYOTA COROLLA 1.6 1.8 BICO D;2,;49,30;INJ-C7_D
411109;KIT INJ ELET M POINT VW GOL 1.6 1.8 MI SANTANA 1.8;6,;60,81;INJ-C9_C
411115;KIT INJ ELET M POINT VW GOL PARATI 1000 16 VAL SIS;3,;50,12;INJ-C8_E
411113;KIT INJ ELET M POINT VW GOL PARATI 1000 MI 8 VAL A;5,;50,12;INJ-C4_C
411111;KIT INJ ELET M POINT VW GOLF SEAT CORDOBA 2.0;9,;46,10;INJ-C3_B
411181;KIT INJ ELET M POINT VW GOLF SR BORA AUDI A3 A4 AE;0,;53,50;
4111811;KIT INJ ELET M POINT VW GOLF SR BORA AUDI A3 A4 AE;0,;138,94;
411116;KIT INJ ELET M POINT VW KOMBI SISTEMA MPFI;7,;46,64;INJ-C3_E
411110;KIT INJ ELET M POINT VW POLO CLASSIC 1.8 MI SISTEM;12,;60,21;INJ-C5_F
4111111;KIT INJ ELET M POINT VW POWER TOTAL FLEX;0,;64,27;
411102;KIT INJ ELET M POINT VW SANTANA QUANTUM POINTER LO;30,;46,10;INJ-C11_A
411108;KIT INJ ELET M POINT VW SANTANA QUANTUM POINTER LO;5,;55,37;INJ-C7_A
41111032;KIT INJ ELET MAGNETI MARELLI VW GOL POWER 1.0 KOMB;0,;42,84;
421117;KIT INJ ELET MONZA/CORSA/IPANEMA SIST.ROCHEST MULT;0,;43,89;
441115;KIT INJ ELET MULT POINT FIAT PALIO SIENA 1.6 16 VA;11,;46,10;INJ-C5_D
4511871;KIT INJ ELET MULT POINT RENAULT CLIO KANGOO TWINGO;4,;161,42;INJ-C4_D
421121;KIT INJ ELET ROCHEST MPFI GM CORSA CELTA CLASSIC P;4,;42,39;INJ-C4_C
4411201;KIT INJ ELET S POINT COMPLETO FIAT TEMPRA 2 0 IE S;20,;51,49;INJ-C7_D
4411161;KIT INJ ELET S POINT COMPLETO FIAT UNO PREMIO ELBA;0,;36,71;
441127;KIT INJ ELET S POINT FIAT MILLE 97/... SX EP M MAR;2,;42,39;INJ-C6_C
441112;KIT INJ ELET S POINT FIAT PALIO 1.6 SIENA INJECAO;11,;38,98;INJ-C9_B
441116;KIT INJ ELET S POINT FIAT PREMIO ELBA 1 5 1 6 IE S;3,;38,97;INJ-C5_E
441120;KIT INJ ELET S POINT FIAT TEMPRA 2 0 IE SISTEMA G8;3,;38,97;INJ-C3_C
441101;KIT INJ ELET S POINT FIAT UNO MILLE ELBA PREMIO 1.;11,;42,39;INJ-C4_B
441110;KIT INJ ELET S POINT FIAT UNO MILLE EP 1000 CC SIS;16,;42,39;INJ-C9_D
431103;KIT INJ ELET S POINT FORD ESCORT GL GLS VERONA 1.6;10,;38,98;INJ-C8_A
431104;KIT INJ ELET S POINT FORD FIESTA 1.3 IMPORTADO SIS;6,;38,98;INJ-C6_E
431101;KIT INJ ELET S POINT FORD VERSAILLES ROYALLE 1.8 S;0,;38,98;
421101;KIT INJ ELET S POINT GM KADETT MONZA IPANEMA 1.8 2;8,;42,39;INJ-C6_B
451102;KIT INJ ELET S POINT PEUGEOT 205 XSI 1.4 SISTEMA B;4,;111,11;INJ-C5_E
451103;KIT INJ ELET S POINT RENAULT 19 C/ANEIS VITON;8,;47,98;INJ-C6_F
451109;KIT INJ ELET S POINT RENAULT 19 CLIO R N MAGNETI M;4,;83,05;INJ-C11_C
451101;KIT INJ ELET S POINT RENAULT CLIO R N ANEIS VITON;12,;83,90;INJ-C11_B
421102;KIT INJ ELET S POINT ROCHEST GM CORSA WIND 1.0 GL;3,;44,81;INJ-C6_B
451114;KIT INJ ELET S POINT TOYOTA COROLLA SEG 1.8 16 VAL;0,;142,47;
411101;KIT INJ ELET S POINT VW GOL 1.0 FASE I II GOL GLI;3,;42,39;INJ-C4_E
411118;KIT INJ ELET S POINT VW GOL 1.0 FASE I II GOL GLI;0,;23,97;
411103;KIT INJ ELET S POINT VW GOL 1000 PLUS AE FIC VISTE;4,;42,39;INJ-C8_C
411112;KIT INJ ELET S POINT VW GOL 1000 PLUS AE SISTEMA F;35,;27,69;INJ-C3_F
411114;KIT INJ ELET S POINT VW GOLF GL POINTER CORDOBA GL;5,;38,98;INJ-C4_F
411105;KIT INJ ELET S POINT VW LOGUS POINTER QUANTUM SANT;4,;25,41;
411107;KIT INJ ELET S POINT VW LOGUS POINTER SANTANA QUAN;0,;43,02;
441118;KIT INJ ELET SINGLE POINT COMPL UNO PREMIO ELBA 1.;0,;38,98;
431105;KIT INJ ELET SINGLE POINT TBI INJECAO I E ELETRONI;3,;24,92;INJ-C8_A
441119;KIT INJ ELET SISTEMA BOSCH MONOT SPI FIAT TIPO IE;9,;46,10;INJ-C9_E
441103;KIT INJ ELET SISTEMA BOSCH MONOT SPI S POINT FIAT;11,;38,98;INJ-C4_D
45111461;KIT INJ ELET TBI  ELET 45111461;0,;223,80;
45111871;KIT INJ ELET TBI C COL HYUNDAI HB20 HB20S I30 VELO;0,;54,47;
45112141;KIT INJ ELET TBI C COL M POINT MERCEDES CLASSE A 1;0,;69,27;
45111141;KIT INJ ELET TBI C COL M POINT RENAULT CLIO MEGANE;0,;127,08;
4111891;KIT INJ ELET TBI C COL M POINT VW BORA NEW BEETLE;0,;85,06;
4111651;KIT INJ ELET TBI C COL M POINT VW GOL PARATI SAVEI;0,;58,93;
4511851;KIT INJ ELET TBI C COL RENAULT CLIO KANGOO 1.0 8V;0,;100,87;
4411492;KIT INJ ELET TBI C COLETOR M POINT FIAT UNO MILLE;13,;95,25;INJ-C10_A
4111091;KIT INJ ELET TBI COMPLETO M POINT VW GOL 1.6 1.8 M;0,;57,61;
4311711;KIT INJ ELET TBI COMPLETO S POINT FORD FOCUS MONDE;0,;156,62;
4411192;KIT INJ ELET TBI DIAF S POINT BOSCH MONOT SPI FIAT;0,;81,18;
4211022;KIT INJ ELET TBI DIAF S POINT ROCHEST GM CORSA WIN;0,;98,53;
4311032;KIT INJ ELET TBI DIAF TRAVA S POINT FORD ESCORT GL;0,;63,12;
4311012;KIT INJ ELET TBI DIAF TRAVA S POINT FORD VERSAILLE;0,;63,12;
4211012;KIT INJ ELET TBI DIAF TRAVA S POINT GM KADETT MONZ;0,;139,82;
4511032;KIT INJ ELET TBI DIAF TRAVA S POINT M MARELLI RENA;0,;72,45;
4111012;KIT INJ ELET TBI DIAF TRAVA S POINT VW GOL 1.0 FAS;6,;89,89;INJ-C8_C
4111032;KIT INJ ELET TBI DIAF TRAVA S POINT VW GOL 1000 PL;0,;70,96;
441187;KIT INJ ELET TBI E-TORQ 1.6 16V FLEX /13 178D20.11;3,;168,24;INJ-C4_E
4411851;KIT INJ ELET TBI M POINT C COL ADM FIAT UNO WAY 1.;0,;104,53;
4211162;KIT INJ ELET TBI M POINT COL ADM CHEVROLET CAPTIVA;0,;118,82;
4411731;KIT INJ ELET TBI M POINT COL ADM FIAT 4411731;0,;85,10;
4311451;KIT INJ ELET TBI M POINT COL ADM FORD COURIER 09/9;0,;103,00;
42111611;KIT INJ ELET TBI M POINT COL ADM GM CAPTIVA MTR 10;0,;121,35;
4311471;KIT INJ ELET TBI M POINT COL ADM KA FIESTA ZETEC R;0,;113,59;
4111531;KIT INJ ELET TBI M POINT COL ADM M MARELLI VW GOL;0,;58,08;
441173;KIT INJ ELET TBI M POINT FIAT 441173;0,;32,74;
441129;KIT INJ ELET TBI M POINT FIAT FIRE 1.0 1.3 8 VAL A;5,;60,21;INJ-C3_A
441185;KIT INJ ELET TBI M POINT FIAT UNO WAY 1.0 1.4 SPOR;3,;82,21;INJ-C10_C
4211161;KIT INJ ELET TBI M POINT GM CAPTIVA MTR 10HM 3.6 2;0,;94,11;
42111241;KIT INJ ELET TBI M POINT GM ONIX PRISMA SPE/4 1.0;0,;73,53;
4111571;KIT INJ ELET TBI M POINT M MARELLI VW GOL PARATI 1;0,;53,70;
4511214;KIT INJ ELET TBI M POINT MERCEDES CLASSE A 140 160;0,;29,69;
4511114;KIT INJ ELET TBI M POINT RENAULT CLIO MEGANE SCENI;0,;60,50;
451185;KIT INJ ELET TBI RENAULT CLIO KANGOO 1.0 8V 00;0,;56,41;
45111651;KIT INJ ELET TBI S POINT COL ADM PEUGEOT 206 1.4 8;0,;87,38;
4111691;KIT INJ ELET TBI S POINT COL ADM VW GOL 1000 PLUS;0,;68,51;
4511031;KIT INJ ELET TBI S POINT COMPLETO M MARELLI RENAUL;0,;45,31;
4511165;KIT INJ ELET TBI S POINT PEUGEOT 206 1.4 8VAL;0,;80,68;
4111031;KIT INJ ELET TBI S POINT TRAVA VW GOL 1000 PLUS AE;0,;56,22;
4511106;KIT INJ ELET TOYOTA COROLLA 1.6 16 VAL 4AFE 1.8 16;6,;60,21;INJ-C11_D
2937;KIT INJ. ELETR. ADM. PARTNER 1.8 8V 98/05;0,;43,42;
12918;KIT INJ. ELETR. CELTA 1.4 8V TODOS FLEX;0,;22,20;
12872;KIT INJ. ELETR. COROLLA 97/... 1.8 GASOLINA;0,;43,41;
2833;KIT INJ. ELETR. FOX 1.0 8V MPFI FLEX;0,;18,15;
12840;KIT INJ. ELETR. GOL POWER PLUS/PARATI 1.0 16V;0,;43,42;
12887;KIT INJ. ELETR. HONDA CIVIC LX 1.6 16V 98/00;0,;20,66;
2733;KIT INJ. ELETR. MILLE/UNO/PREMIO/ELBA/DUNA 1.5;0,;12,71;
2812;KIT INJ. ELETR. PALIO EX/YOUNG 1.0 8V FIRE;0,;19,01;
2754;KIT INJ. ELETR. PALIO WEEK 1.5/PALIO 1.0/1.5 8V;0,;23,19;
2755;KIT INJ. ELETR. PALIO/PALIO WEEKEND 1.6 MPI 16V;0,;13,12;
2802;KIT INJ. ELETR. RENAULT 1.0 16V 2000/...;0,;29,98;
12801;KIT INJ. ELETR. SCENIC/CLIO/KANGOO TDS 1.6 16V;0,;31,12;
2789;KIT INJ. ELETR. SISTEMA MULTI POINT KOMBI 1.6 4CC;0,;18,30;
2903;KIT INJ. ELETR. TBI CITROEN C-3 1.6 16V 04/09;0,;26,12;
12908;KIT INJ. ELETR. TBI GOL/FOX 1.0 8V FLEX;0,;29,22;
12909;KIT INJ. ELETR. TBI GOL/FOX 1.6 8V FLEX;0,;29,34;
12890;KIT INJ. ELETR. TBI KOMBI 1.4 8V FLEX 06/...;0,;28,75;
12916;KIT INJ. ELETR. TBI PALIO/STRADA 1.4 8V FLEX;0,;21,14;
2928;KIT INJ. ELETR. TBI PEUGEOT 307 01/09 1.6 16V;0,;26,12;
12925-A;KIT INJ. ELETR. TBI/ADM IDEA/STILO 1.8 8V FLEX;0,;38,91;
411105B;KIT INJE ELET BAQ TBI S POINT BOSCH MONOT VW LOGUS;0,;28,14;
42111661;KIT INJE ELET GM S10 TRAIL BLAZER 12/... MTR CTDI;3,;277,66;INJ-C6_D
4511601;KIT INJE ELET TBI C COL ADM NISSAN FRONTIER D 2012;0,;250,00;
45111711;KIT INJE ELET TBI C COL HONDA CIVIC NEW CIVIC FIT;0,;140,97;
4211123;KIT INJE ELET TBI GM CORSA AGILE PRISMA MTR 1.0 1.;0,;64,47;
4311091;KIT INJE ELET TBI M POINT COL ADM FORD ESCORT S WA;0,;86,82;
42111181;KIT INJE ELET TBI M POINT MPI C COL ADM GM COBALT ;0,;73,69;
411117;KIT INJE ELET TBI S POINT COMPLETO VW GOL 1.0 FASE;0,;46,10;
1327832;KIT JTA BBA VÁCUO FORD TRANSIT RANGER MTR H9FA H9F;0,;28,52;
151780072BN;KIT JTA BOR PAR HYUNDAI COUPE SANTA FE SONATA TIBU;1,;436,64;C9-E.4
151780092BN;KIT JTA BOR PAR HYUNDAI SANTA FE SORENTO CADENZA M;0,;496,45;C9-I.2
15178009BN;KIT JTA BOR PAR HYUNDAI SANTA FE SORENTO CADENZA M;0,;412,20;
151760032SL;KIT JTA BOR TV BOR NISSAN FRONTIER PARTHFINDER 2.5;5,;388,87;C10-D.3
151760034BN;KIT JTA BOR TV BOR NISSAN FRONTIER PARTHFINDER 2.5;7,;479,89;C10-C.2
1519582PV;KIT JTA CAR PAPELAO MWM VOLARE A6 GM S10 BLAZER VW;0,;43,91;
15191691BN;KIT JTA CARTER BOR HONDA CITY 1.4 1.5 16V VTEC L15;0,;146,40;
1421832;KIT JTA COL ADM ANEL FIAT PUNTO BRAVO LINEA 07/.. ;0,;55,00;
1221752;KIT JTA COL ADM GM VECT AST BLAZ S10 MPFI 1.8 2.0;6,;37,30;COL-P3_C.3
1321872;KIT JTA COL ADM INJ FORD EDGE MTR DURATEC TIVCT 3.;0,;1.171,50;
1421812;KIT JTA COL ADM PALIO SIENA MOTOR 1.4 FIRE 8V TETR;0,;121,30;
11211033;KIT JTA DIAF COL ADM  VW FOX 1.0 1.6 8VAL KOMBI 1.;0,;22,48;
11211033SL;KIT JTA DIAF MEMBR COL ADM VW FOX 1.0 1.6 8V KOMBI;4,;35,94;SAI_B.4
1542175ML;KIT JTA DIST FRONTA SELO ACO RENAULT MASTER MTR G9;0,;301,57;
1542175NA;KIT JTA DIST FRONTA SELO RENAULT MASTER MTR G9U 72;0,;310,52;
144292;KIT JTA ORING ANEL DIST BBA OLEO MODELO AISIN MENO;8,;78,46;RET-7_A.7
15371801;KIT JTA RADIADOR OLEO RENAULT MASTER III DCI M9T 2;3,;156,83;SEL-1_D.8
1537196;KIT JTA RADIADOR OLEO TROCADOR CALOR MITSUBISHI MO;7,;45,86;RET-7_D.2
1837231;KIT JTA RADIADOR OLEO TROCADOR DE CALOR;0,;82,30;
153756051;KIT JTA RADIADOR OLEO TROCADOR DE CALOR HYUNDAI HR;0,;146,83;
1237173;KIT JTA RESF OLEO TROCADOR CALOR GM ONIX 2G 20/...;4,;120,95;DIV-3_F.8
163730;KIT JTA RESFRIADOR DE OLEO TROCADOR DE CALOR;0,;208,28;
163745;KIT JTA RESFRIADOR DE OLEO TROCADOR DE CALOR OM 46;0,;125,54;
15373315;KIT JTA RESFRIADOR ÓLEO TROCADOR CALOR BMW MINI MO;0,;221,43;
133789;KIT JTA RESFRIADOR OLEO TROCADOR CALOR SUPORTE FIL;5,;172,87;INJ-C3_C
15374001;KIT JTA RESFRIADOR RADIADOR OELO TROCADOR CALOR IV;0,;108,77;
15376503;KIT JTA RESFRIADOR RADIADOR OELO TROCADOR CALOR JE;0,;520,15;
15373501;KIT JTA RESFRIADOR RADIADOR OELO TROCADOR CALOR MB;0,;239,82;
153754152;KIT JTA RESFRIADOR RADIADOR ÓLEO TROCADOR CALOR MI;0,;155,49;
112801;KIT JTA RESP MTR VW FUSCA BRASILIA KOMBI GOL AR 13;0,;9,01;
2211081;KIT JTA RET TP CAMBIO GM ASTRA 99/... CORSA CELTA;11,;23,73;CAM-1_C.2
2211051;KIT JTA RET TP CAMBIO GM MONZA KADETT IPANEMA OMEG;0,;39,40;
151760034SL;KIT JTA SILC TV BOR NISSAN FRONTIER PARTHFINDER 2.;0,;528,54;
15373311;KIT JTA SUPORTE FILTRO BMW MOTOR-N20B20A 2.0 16V 4;0,;145,39;
15373701;KIT JTA SUPORTE FILTRO LAND ROVER RANGER ROVER SPO;0,;251,12;
1142793;KIT JTA TENSOR DA CORRENTE VW GOLF SR BORA AUDI A3;0,;39,38;
15423707;KIT JTA TP DIST AÇO LAND ROVER FREELANDER 2 MTR 3.;0,;323,05;
1442872;KIT JTA TP DIST BBA OLEO FIAT DOBLO GRAND SIENA ID;3,;45,28;SAI_B.5
1437947;KIT JTA TROCADOR CALOR BBA VACUO FIAT TORO JEEP RE;0,;194,10;
143794;KIT JTA TROCADOR CALOR FIAT TORO JEEP RENEGADE COM;0,;220,23;SEL-2_F.3
15421285;KIT JTA TU1 TU1M 1.1 TU2.4 1.3 TU3 1.4 8V PG 106 2;0,;12,77;DIV-3_E.1
1601183;KIT JTA TURBINA AUDI A4 VW PASSAT ADR AFY AEB 1.8 ;0,;68,63;
1660008;KIT JTA TURBINA BASE ABERTA M BENS OM352A TURBINAD;0,;34,99;
169001019ML;KIT JTA TURBINA CUMINS ISF 2.8 16V;0,;89,92;
169001019;KIT JTA TURBINA FORD F350 CUMMINS ISF 2.8L 16V 201;0,;346,59;
165006210;KIT JTA TURBINA HONDA CIVIC G10 CR V 2017/... HR V;0,;150,20;
1601131;KIT JTA TURBINA M BENZ MOTOR OM 904 914 94/98 914C;0,;43,70;
1601124;KIT JTA TURBINA MERCEDES OM 449A 5CIL 10VAL;0,;41,71;
160005415;KIT JTA TURBINA MITSUBISHI L200 TRITON 2017/... PA;0,;21,50;
169001209;KIT JTA TURBINA SCANIA L110/111 MTR DN11 VOLVO N12;0,;49,23;
169001205;KIT JTA TURBINA SCANIA SERIE P G R T DC13 XPI D13 ;0,;83,20;
165006801;KIT JTA TURBINA SUZUKI GRAND VITARA GM TRACKER 200;0,;207,96;
11171182SL;KIT JTA TV AÇO DIAF MEMBR SILIC VW UP FOX VOYAGE G;0,;107,15;
1417532PK;KIT JTA TV BASPAK FIAT PALIO FIRE 1.0 1.3 16 VAL;13,;60,01;TV-14_E.6
1217161BN;KIT JTA TV BOR  GM CAPTIVA MTR 10HM 3.6 24V V6;0,;413,05;
15171702BN;KIT JTA TV BOR  HONDA FIT VTEC CITY ZX L15A2 L15A1;4,;185,59;C20-F.1.B
151760038BN;KIT JTA TV BOR  NISSAN (TAMPA PLÁSTICA TORTA) FRON;3,;136,50;C9-D.1
151760032BN;KIT JTA TV BOR (TAMPA ALUMINIO) NISSAN FRONTIER PA;2,;313,10;C20-E.3
12171645BN;KIT JTA TV BOR ANEL DIAF BOR ANEL+DIAFRAGM GM CRUZ;0,;176,95;
151733015BN;KIT JTA TV BOR BMW X3I Z4I 116I 118I 120I 320I MTR;0,;352,36;
1317732BNVT;KIT JTA TV BOR BVT FORD MONDEO ECOSPORT FOCUS FUSI;0,;52,62;
15171712BNVT;KIT JTA TV BOR BVT HONDA CIVIC 1.7 16V D16W7 D17A2;0,;90,61;C20-F.3
1117072BNVT;KIT JTA TV BOR BVT VW GOL PARATI SAVEIRO 1.0 16V M;0,;34,92;
151754032BN;KIT JTA TV BOR CHRYSLER DODGE MITSUBISHI 2 5 3 0 V;1,;312,73;C30_G.2
1317452BN;KIT JTA TV BOR COMPLETO FORD FIESTA KA ECOSPORT 1.;0,;51,00;
11171165BN;KIT JTA TV BOR DIAFRAGMA VW JETTA PASSAT TIGUAN AU;0,;85,36;
151734112BN;KIT JTA TV BOR FIAT TORO 16/... MTR TIGERSHARK 2.4;8,;190,65;C9_C.2
12171644BN;KIT JTA TV BOR GM  SONIC 1.6 CRUZE TRACKER 1.8 4CI;0,;28,85;
12171602BN;KIT JTA TV BOR GM CAPTIVA MTR 10HM 3.2 24V V6.;0,;333,11;
12171612BN;KIT JTA TV BOR GM CAPTIVA OMEGA TRAILBLAZER CAMARO;0,;589,43;
1217012BN;KIT JTA TV BOR GM CHEVETTE 1.4 1.6 ALC GAS JUNIOR;0,;14,71;
12171672BN;KIT JTA TV BOR GM S10 MTR LCV ECOTEC SIDI DOHC VVT;3,;155,76;TV-12_E.1.A
151762022BN;KIT JTA TV BOR HONDA CR-V MTR B20B2 B20B3 B20Z1 B2;0,;487,09;
151780012BN;KIT JTA TV BOR HYUNDAI IX35 SONATA MAGENTIS OPTIMA;1,;279,76;C10-A.1
15178003BN;KIT JTA TV BOR HYUNDAI JAC GPJP1 2.0 16V.;0,;293,16;
151780132BN;KIT JTA TV BOR HYUNDAI TUCSON SANTA FE SONATA KIA;2,;392,92;C40_E.3.B
151780082BN;KIT JTA TV BOR I30 IX35 ELANTRA CRETA KIA SPORTAGE;12,;316,18;C30-D.1
1517702BN;KIT JTA TV BOR KIA  PREGIO K2500  2001/...HR TCI T;4,;89,17;C30-I.1
1517712BN;KIT JTA TV BOR KIA  PREGIO K2500 BONGO HYUNDAI HR;4,;125,91;C9-B.2
1517713BN;KIT JTA TV BOR KIA PREGIO K2500 BONGO HYNDAY HR TE;0,;82,43;
151756022BN;KIT JTA TV BOR KIA SORENTO 02/... MTR D4CB INJ DIR;0,;235,67;
151780162BN;KIT JTA TV BOR KIA SPORTAGE 04/10 HYUNDAI TUCSON 0;0,;445,03;
1617282BN;KIT JTA TV BOR MB SPRINTER CDI 2.2 16V MB611 960 M;8,;118,50;C9-C.3
15171962BN;KIT JTA TV BOR MITSUBISHI MONTERO III PAJERO TD TR;36,;129,08;C20-I.3
1517542BN;KIT JTA TV BOR MITSUBISHI PAJERO ECLIPSE 4M40T 2 5;4,;209,63;C30-E.3
1517592BN;KIT JTA TV BOR MWM VOLARE FORD F250 GM SILVERADO V;0,;193,32;
151760036BN;KIT JTA TV BOR NISSAN (TAMPA PLÁSTICA RETA) FRONTI;0,;441,33;
151760044BN;KIT JTA TV BOR NISSAN CABSTAR MTR YD25DDTI 2.5 16V;4,;374,43;TV-14_I.1
151760042BN;KIT JTA TV BOR NISSAN FRONTIER D 2012/... MTR YO25;0,;208,22;C10-B.2
151796025BN;KIT JTA TV BOR NIT PEU 207 208 308 408 508 2008 30;0,;322,74;
11171145BN;KIT JTA TV BOR NIT VW JETTA PASSAT TIGUAN AUDI Q3;0,;83,52;
12171621BN;KIT JTA TV BOR PARAFUSOS CHEVROLET CAPTIVA 2.4 16V;0,;178,98;
15171802BN;KIT JTA TV BOR RENAULT MASTER III DCI M9T 2.3 16V;2,;356,39;TV-11_F.1.B
151733015SL;KIT JTA TV BOR SILIC BMW X3I Z4I 116I 118I 120I 32;0,;507,63;
1317452SL;KIT JTA TV BOR SILIC COMPLETO FORD FIESTA KA ECOSP;0,;102,09;
191710092SL;KIT JTA TV BOR SILIC CUMMINS VW CONST WORKER 17.25;0,;269,79;
1317832SL;KIT JTA TV BOR SILIC DURATORQ PUMA TDCI (22DDOP) 3;0,;252,56;
1417952SL;KIT JTA TV BOR SILIC FIAT ARGO CRONOS DOBLO GRAND;4,;257,14;C9-F.5
1417912SL;KIT JTA TV BOR SILIC FIAT FREEMONT TORO DODGE JOUR;5,;352,63;TV-14_I.3
1317852SL;KIT JTA TV BOR SILIC FORD RANGER TRANSIT BOR MTR D;0,;481,96;
1317892SL;KIT JTA TV BOR SILIC FORD RANGER TROLLER T4 MTR NG;1,;335,34;TV-13_A.1
12171602SL;KIT JTA TV BOR SILIC GM CAPTIVA MTR 10HM 3.2 24V V;0,;385,79;
12171672SL;KIT JTA TV BOR SILIC GM S10 MTR LCV ECOTEC SIDI DO;0,;203,69;
151780012SL;KIT JTA TV BOR SILIC HYUNDAI KIA IX35 SONATA MAGEN;5,;328,40;C9-F.2
151780132SL;KIT JTA TV BOR SILIC HYUNDAI TUCSON SANTA FE SONAT;0,;430,90;
151760036SL;KIT JTA TV BOR SILIC NISSAN (TAMPA PLÁSTICA RETA);3,;486,69;C40-H.3.B
151760038SL;KIT JTA TV BOR SILIC NISSAN (TAMPA PLÁSTICA TORTA);0,;494,96;
15178009SL;KIT JTA TV BOR SILIC PAR HYUNDAI SANTA FE CARNIVAL;0,;566,77;
151796025SL;KIT JTA TV BOR SILIC PEU 207 208 308 408 508 2008;0,;411,77;
1317862SL;KIT JTA TV BOR SILIC RANGER 13/... TROLLER - T4 MT;0,;496,38;
151750132SL;KIT JTA TV BOR SILIC TOYOTA ETIOS MTR 2NR-FE DUAL;0,;487,64;
151750172BN;KIT JTA TV BOR TOYOTA CAMRY RAV4 SIENNA VENZA MTR;1,;360,67;C20-D.2.B
151750132BN;KIT JTA TV BOR TOYOTA ETIOS MTR 2NR-FE DUAL VVTI 1;13,;192,43;C10-E.1.B
15171772BN;KIT JTA TV BOR TUCSON 16V MOTOR G4GC 2.0 16V;7,;134,30;C20-G.3
1117053CB;KIT JTA TV BOR VW GOL SANTANA SAVEIRO PARATI AP ES;0,;27,77;
1117052BN;KIT JTA TV BOR VW GOL SANTANA SAVEIRO PARATI AP ES;0,;18,26;
11171192BN;KIT JTA TV BOR VW PASSAT AUDI A4 A6 A8 S4 S6 2 4 2;0,;149,64;
1317882BN;KIT JTA TV BORR  MTR FORD TROLLER MTR NGD MWM POWE;6,;569,18;TV-12_E.2
151783012BN;KIT JTA TV BORR CHERY QQ MTR SQR472F 1.1 16V 2011/;4,;240,24;C20_F.2.B
12171682BN;KIT JTA TV BORR CHEVROLET CAPTIVA 2.4 16V ECOTEC I;3,;666,81;TV-12_E.1.B
151734092BN;KIT JTA TV BORR CHRYSLER DODGE MOTOR EER EES 2.7 2;0,;165,35;
151734012BN;KIT JTA TV BORR CHRYSLER PT CRUISER MTR EDZ 2.4 16;0,;218,86;
191710042BN;KIT JTA TV BORR CUMMINS 4B 4BTA 3.9L 6B 6BT 5.9L;0,;23,72;
1417922BN;KIT JTA TV BORR DIAF FIAT ARGO CRONOS MOBI UNO PUL;0,;80,05;
1417932BN;KIT JTA TV BORR DIAF FIAT ARGO MOBI UNO CRONOS PUL;7,;122,00;TV-14_E.2
151737075BN;KIT JTA TV BORR DIAF LAND ROVER FREELANDER 2 MTR 3;0,;270,42;
151768031BN;KIT JTA TV BORR ENTRE CABO VELA SUZUKI GRAN VITARA;0,;32,93;
1417832BN;KIT JTA TV BORR FIAT 500 PUNTO IDEA BRAVO LINEA 20;0,;178,98;C9-F.6
14171042BN;KIT JTA TV BORR FIAT TORO 2016 MTR TIGERSHARK 2.4;5,;196,19;C9_A.1
1317782BN;KIT JTA TV BORR FORD ECOBOOST FOCUS 2014 A 2019 MG;3,;158,87;TV-13_F.1.B
1317922BN;KIT JTA TV BORR FORD ECOSPORT 17/... KA KA+ 18/..;6,;134,46;C9_I.1
15171852BN;KIT JTA TV BORR HONDA NEW CIVIC 2006/ ACCORD 2006/;0,;87,40;
151785012BN;KIT JTA TV BORR JAC MOTORS J2 J3 J5 MTR 4A90 VVT 1;2,;243,08;C9-E2
151756112BN;KIT JTA TV BORR KIA CERATO MTR 1.6 G4ED 2004 2009;0,;191,70;
1317742BN;KIT JTA TV BORR LAND ROVER RANGE ROVER EVOQUE FREE;0,;404,70;
151783062BN;KIT JTA TV BORR LIFAN 30 MTR LF479Q2B 1.5 16V;2,;248,90;C40-F.2.B
1117834BN;KIT JTA TV BORR MEIA LUA JTA TENSOR VW GOLF BORA V;0,;141,37;
1117034BN;KIT JTA TV BORR MEIA LUA MACARAO VW PASSAT GOL SAN;0,;7,72;
151754132BN;KIT JTA TV BORR MITSUBISHI AIRTREK ECLIPSE GRANDIS;1,;188,78;C9-E1
151754082BN;KIT JTA TV BORR MITSUBISHI OUTLANDER AIRTREK LANCE;4,;157,98;C10-G.2.B
151760022BN;KIT JTA TV BORR NISSAN FRONTIER QX4 PATHFINDER QUE;0,;423,57;
1617417SL;KIT JTA TV BORR PARCIAL SILIC MB EURO III ATEGO 24;0,;248,62;
1617317SL;KIT JTA TV BORR PARCIAL SILIC TAMPA PLASTICA MB AT;0,;78,19;
12171712SL;KIT JTA TV BORR SILIC CAMARO SS 6.2L SOHC V8 16V;0,;223,65;
1417832SL;KIT JTA TV BORR SILIC FIAT 500 PUNTO IDEA BRAVO LI;0,;189,24;
1317922SL;KIT JTA TV BORR SILIC FORD ECOSPORT 17/... KA KA+ ;0,;424,42;
1317882SL;KIT JTA TV BORR SILIC FORD TROLLER MTR NGD MWM POW;0,;616,11;
1617412SL;KIT JTA TV BORR SILIC MB EURO III ATEGO 2425 1725 ;0,;166,71;
1617312SL;KIT JTA TV BORR SILIC TAMPA PLASTICA MB ATEGO MTR;0,;93,62;
151750162BN;KIT JTA TV BORR TOYOTA MOTOR 1NR-FE 1.3 1.5 16V TO;16,;223,38;C9-E.5
11171322BN;KIT JTA TV BORR VW AMAROK AUDI Q5 Q7 MTR EA897 DDX;2,;521,97;C20-B.3.B
1117052CBVT;KIT JTA TV BVT VW GOL PASSAT SANTANA 1.6 1.8 2.0 A;0,;10,75;
1217012CB;KIT JTA TV COR GM CHEVETTE 1 4 1 6 ALC GAS JUNIOR;19,;27,02;TV-13_I.1
1317855BN;KIT JTA TV DIAF BOR FORD RANGER TRANSIT BOR MTR DU;0,;704,84;
14171022BN;KIT JTA TV DIAF MEMBR BORR FIAT FASTBACK PULSE  MT;0,;215,40;
14171032BN;KIT JTA TV DIAF MEMBR BORR FIAT FASTBACK PULSE ABA;0,;315,51;
1317865BN;KIT JTA TV DIAF MEMBR BORR FORD RANGER 13/... TROL;0,;287,54;
1317835BN;KIT JTA TV DIAF MEMBR BORR FORD RANGER TRANSIT MTR;0,;300,92;
11171175BN;KIT JTA TV DIAF MEMBR BORR VW AMAROK MTR CNFA CNFA;0,;425,17;
1417922SL;KIT JTA TV DIAF MEMBR SILIC FIAT ARGO CRONOS MOBI;0,;119,90;
1417932SL;KIT JTA TV DIAF MEMBR SILIC FIAT ARGO MOBI UNO CRO;0,;204,66;
151733165SL;KIT JTA TV DIAF MEMBR SILIC MINI ONE COOPER COOPER;0,;423,70;
151733155SL;KIT JTA TV DIAF MEMBR SILIC MINI ONE COOPER COOPER;1,;375,18;C10-B.2.B
11171175SL;KIT JTA TV DIAF MEMBR SILIC VW AMAROK MTR CNFA CNF;0,;493,38;
1517874BN;KIT JTA TV ENTR BOR RENAULT CLIO KANGOO TWINGO PEU;0,;126,13;
151786012NA;KIT JTA TV FIBRA NA RENAULT KWID SCE B4D FLEX 1.0;9,;47,45;C40-B.3.B
151786042NA;KIT JTA TV FIBRA NA RENAULT LOGAN SANDERO SCE B4D;4,;87,69;C-40_A.2.B
1517703BN;KIT JTA TV MEIA LUA KIA  PREGIO K2500  2001/...HR;0,;48,08;
15171872BN;KIT JTA TV NITRIL HB20 I30 VELOSTER KIA SOUL CERAT;0,;97,91;C20-H.3
1317872BN;KIT JTA TV PAR BOR FORD EDGE MTR DURATEC TIVCT 3.5;2,;507,62;TV-13_E.2.B
15173316SL;KIT JTA TV SIL MINI ONE COOPER COOPER ALL4 PACEMAN;2,;317,20;TV-12_C.1.B
12171662SL;KIT JTA TV SILIC CTDI LTZ 2.8 4 CILS 16V DIESEL GM;8,;423,43;TV-11_F.3
191710192SL;KIT JTA TV SILIC CUMMINS ISF 2.8 16V;0,;466,40;
1417072SL;KIT JTA TV SILIC FIAT TEMPRA TIPO 2.0 16 VAL;0,;105,49;
151734112SL;KIT JTA TV SILIC FIAT TORO 16/... MTR TIGERSHARK 2;0,;228,77;
1217160SL;KIT JTA TV SILIC GM CAPTIVA MTR 10HM 3.2 24V V6..;0,;289,94;
12171612SL;KIT JTA TV SILIC GM CAPTIVA MTR 10HM 3.6 24V V6.;0,;630,70;
15171872SL;KIT JTA TV SILIC HB20 I30 VELOSTER KIA SOUL CERATO;4,;188,69;C20-I.1
1517702SL;KIT JTA TV SILIC KIA  PREGIO K2500 BONGO 2001/...H;0,;115,58;
1517712SL;KIT JTA TV SILIC KIA  PREGIO K2500 BONGO HYUNDAI H;0,;161,42;
1617282SL;KIT JTA TV SILIC MB SPRINTER CDI 2.2 16V MB611 960;0,;138,35;
1517703SL;KIT JTA TV SILIC MEIA LUA KIA  PREGIO K2500  2001/;0,;68,76;
15171962SL;KIT JTA TV SILIC MITSUBISHI MONTERO III PAJERO TD;3,;184,92;C9_G.4
151760042SL;KIT JTA TV SILIC NISSAN CABSTAR MTR YD25DDTI 2.5 1;2,;386,71;C10-B.3
151760044SL;KIT JTA TV SILIC NISSAN CABSTAR MTR YD25DDTI 2.5 1;0,;582,70;
151780092SL;KIT JTA TV SILIC PAR HYD SANTA FE CARNIVAL SORENTO;0,;680,10;
15171752SL;KIT JTA TV SILIC RENAULT MASTER 2 5 16 VAL G9U 720;0,;202,76;
15171062SL;KIT JTA TV SILIC TOYOTA COROLLA 1 6 4AFE 1 8 7AFE;9,;141,34;C30-C.3
144594;KIT JTA VAL EGR FIAT TORO JEEP RENEGADE COMPASS CO;10,;123,13;SEL-2_E.4
15354001;KIT JTA VAL EGR IVECO DAILY HYUNDAI HD 78 80 FUC F;0,;90,10;
163530;KIT JTA VAL EGR M BENS SPRINTER CDI LA DIESEL BI T;0,;150,52;
15355415;KIT JTA VAL EGR MITSUBISHI L200 TRITON 2017/... PA;0,;128,34;
15421655;KIT JTA VAL TERMOST BOR  PG 307 1007 2001/...CITRO;3,;70,97;COL-P3_G.2
1535111;KIT JTA VALVULA TERMOSTATICA EGR;0,;91,90;
FT00279440;KIT JUNTA ORING ANEL BOMBA VÁCUO FIAT TORO JEEP RE;0,;65,25;
1537141;KIT JUNTA RADIADOR OLEO  PEUGEOT 307 406 407 607 8;4,;60,12;SEL-2_F.2
153733011;KIT JUNTA RADIADOR TROCADOR CALOR BMW 118I 120I E8;3,;126,27;SEL-2_B.9
133786;KIT JUNTA RADIADOR TROCADOR CALOR MTR FORD RANGER;4,;209,06;SEL-2_G.9
133785BN;KIT JUNTA TROCADOR RANGER TRANSIT DEFENDER CALOR D;0,;292,12;
153758;KIT ORING ANEL JTA RADIADOR OLEO TROCADOR DE CALOR;3,;81,28;SEL-2_D.9
153756052;KIT ORING ANEL JTA RADIADOR OLEO TROCADOR DE CALOR;0,;63,89;
0382ANVM;KIT ORING ANEL MEDIDAS 351 PECAS CAIXA COR VERMELH;0,;305,43;
0382ANAZ;KIT ORING ANEL MEDIDAS 366 PECAS CAIXA COR AZUL BO;0,;436,97;
0404ANAM;KIT ORING ANEL MEDIDAS 374 PECAS CAIXA COR AMARELA;0,;221,76;
1137116;KIT ORING ANEL RADIADOR OELO VW JETTA PASSAT GOLF;0,;77,42;
621304433;KIT PALIO/STILO/DOBLO 1.8 - (REM);4,;0,01;
331112;KIT PARCIAL CAR WEBER 460 FORD CORCEL II DEL REY P;5,;44,98;INJ-C2_G
351108;KIT PARCIAL CARB ASIA TOWNER 3CIL GAS;0,;72,12;
3111146;KIT PARCIAL CARB BAQ SOLEX 2E7 170 175 VW SANTANA;0,;73,22;
311118;KIT PARCIAL CARB BAQ SOLEX 3E 176 VW SANTANA QUANT;41,;80,12;INJ-C2_F
321112;KIT PARCIAL CARB BAQ WEBER DFV 446 GM OPALA CARAVA;0,;71,59;
351110;KIT PARCIAL CARB HYUNDAI EXCEL;0,;258,83;
321108;KIT PARCIAL CARB SOLEX 118 34 GM CHEVETTE HATCH MA;0,;22,66;
321118;KIT PARCIAL CARB SOLEX 160 35 ALFA1 GM MONZA 1 6 1;0,;54,23;
341108;KIT PARCIAL CARB SOLEX 160 ALFA1 FIAT 147 06-79/..;117,;49,25;
331110;KIT PARCIAL CARB SOLEX 185 40 EIS FORD MAVERICK JE;0,;57,69;
3111144;KIT PARCIAL CARB SOLEX 2E7 170 175 VW SANTANA GOL;0,;46,89;
3111145;KIT PARCIAL CARB SOLEX 2E7 170 175 VW SANTANA GOL;0,;62,63;
311114B;KIT PARCIAL CARB SOLEX 2E7 170 175 VW SANTANA GOL;0,;65,04;
311114P;KIT PARCIAL CARB SOLEX 2E7 170 175 VW SANTANA GOL;0,;76,93;
3111142;KIT PARCIAL CARB SOLEX 2E7 170 175 VW SANTANA GOL;0,;39,86;
311114;KIT PARCIAL CARB SOLEX 2E7 170 175 VW SANTANA GOL;2,;54,54;INJ-C2_G
3111143;KIT PARCIAL CARB SOLEX 2E7 170/175 VW SANTANA GOL;0,;57,63;
311114PB;KIT PARCIAL CARB SOLEX 2E7 170175 VW SANTANA GOL G;0,;87,73;
331104;KIT PARCIAL CARB SOLEX 30 PIC 118 FORD CORCEL I BE;0,;18,87;
311108;KIT PARCIAL CARB SOLEX 32 DIDTA VW PASSAT TS;0,;30,05;
341102;KIT PARCIAL CARB SOLEX 32 DIS FIAT 147 FIORINO PIC;0,;22,52;
34110201;KIT PARCIAL CARB SOLEX 32 DIS FIAT 147 FIORINO PIC;0,;31,57;
321125;KIT PARCIAL CARB SOLEX 35 PDSI GM CHEVETTE HATCH M;0,;30,08;
3111182;KIT PARCIAL CARB SOLEX 3E7 176 BAQ VW SANTANA QUAN;0,;70,15;
331120;KIT PARCIAL CARB SOLEX 3E7 176 FORD ESCORT DIAF MO;0,;69,22;
3111183;KIT PARCIAL CARB SOLEX 3E7 176 VW SANTANA QUANTUM;0,;43,60;
3111181;KIT PARCIAL CARB SOLEX 3E7 176VW SANTANA QUANTUM F;0,;51,72;
311110;KIT PARCIAL CARB SOLEX 40 35 PDSIT VW PASSAT GOL V;0,;27,02;
311111;KIT PARCIAL CARB SOLEX 40 35 PDSIT VW PASSAT GOL V;0,;29,43;
321114;KIT PARCIAL CARB SOLEX 40 EIS 185 40 DEIS 186 GM O;0,;68,93;
331116;KIT PARCIAL CARB SOLEX DUPLO 30 34 BLFA VW GOL FOR;0,;46,20;
3111041;KIT PARCIAL CARB SOLEX DUPLO 32 PDSIT VW BRASIL KO;0,;62,66;
311104;KIT PARCIAL CARB SOLEX DUPLO 32 PDSIT VW BRASILIA;0,;42,82;INJ-C2_C
3111043;KIT PARCIAL CARB SOLEX DUPLO 32 PDSIT VW BRASILIA;0,;26,36;
3111044;KIT PARCIAL CARB SOLEX DUPLO 32 PDSIT VW BRASILIA;0,;40,08;
3111045;KIT PARCIAL CARB SOLEX DUPLO 32 PDSIT VW BRASILIA;0,;47,49;
3111046;KIT PARCIAL CARB SOLEX DUPLO 32 PDSIT VW BRASILIA;0,;51,30;
3111047;KIT PARCIAL CARB SOLEX DUPLO 32 PDSIT VW BRASILIA;0,;39,59;
3111048;KIT PARCIAL CARB SOLEX DUPLO 32 PDSIT VW BRASILIA;0,;29,53;
3111049;KIT PARCIAL CARB SOLEX DUPLO 32 PDSIT VW BRASILIA;0,;38,25;
3111042;KIT PARCIAL CARB SOLEX DUPLO 32 PDSIT VW KOMBI 91/;0,;64,31;
321103;KIT PARCIAL CARB SOLEX DUPLO 54 34 GM CHEVETTE HAT;0,;59,64;
321102;KIT PARCIAL CARB SOLEX DUPLO 54 34 GM CHEVETTE HAT;50,;58,97;INJ-C1_F
311121;KIT PARCIAL CARB SOLEX DUPLO IMPORTACAO VW FUSCA 1;0,;25,92;
311120;KIT PARCIAL CARB SOLEX DUPLO VW GOL AR 1.6 81/...;0,;15,78;
3111024;KIT PARCIAL CARB SOLEX SIMPLES 112 30 PIC VW SEDAM;0,;14,17;
311102;KIT PARCIAL CARB SOLEX SIMPLES 112 30 PIC VW SEDAM;4,;18,23;INJ-C2_D
3111021;KIT PARCIAL CARB SOLEX SIMPLES 112 30 PIC VW SEDAM;0,;28,31;
3111022;KIT PARCIAL CARB SOLEX SIMPLES 112 30 PIC VW SEDAM;0,;26,03;
3111023;KIT PARCIAL CARB SOLEX SIMPLES 112 30 PIC VW SEDAM;0,;17,26;
3111025;KIT PARCIAL CARB SOLEX SIMPLES 112 30 PIC VW SEDAM;0,;24,50;
3111026;KIT PARCIAL CARB SOLEX SIMPLES 112 30 PIC VW SEDAM;0,;21,23;
3111027;KIT PARCIAL CARB SOLEX SIMPLES 112 30 PIC VW SEDAM;0,;14,19;
341104;KIT PARCIAL CARB WEBER 190 PINO FINO FIAT 1050 130;13,;30,20;INJ-C1_A
3411041;KIT PARCIAL CARB WEBER 190 PINO GROSSO FIAT 1050 1;0,;33,65;
331103;KIT PARCIAL CARB WEBER 228 DFV FORD CORCEL BELINA;0,;49,67;
321106;KIT PARCIAL CARB WEBER 228 DFV GM CHEVETTE FORD CO;0,;47,27;INJ-C2_F
321110;KIT PARCIAL CARB WEBER 228 DFV GM OPALA CARAVAN GA;0,;44,62;INJ-C2_A
321122;KIT PARCIAL CARB WEBER 228 DFV GM VERANEIO 6 CIL C;0,;41,03;
311112B;KIT PARCIAL CARB WEBER 450 M PROG VW PASSAT GOL PA;0,;57,69;
311112;KIT PARCIAL CARB WEBER 450 M PROG VW PASSAT GOL PA;18,;37,15;
3411181;KIT PARCIAL CARB WEBER 460 DUPLO FIAT TEMPRA 2.0 9;0,;52,28;
341114;KIT PARCIAL CARB WEBER 460 DUPLO FIAT UNO 84 DIAF;0,;79,33;INJ-C1_B
331118;KIT PARCIAL CARB WEBER 460 DUPLO FORD ESCORT HOBBY;0,;44,98;
341112E;KIT PARCIAL CARB WEBER 495 TLDF IE FIAT UNO R MILL;0,;70,78;
311116;KIT PARCIAL CARB WEBER 495 TLDF TLDZ VW GOL VOYAGE;3,;59,09;INJ-C2_E
3111161;KIT PARCIAL CARB WEBER 495 TLDF TLDZVW GOL VOYAGE;0,;54,03;
311116E;KIT PARCIAL CARB WEBER 495 TLDZ IE LOGUS ESCORT XR;0,;79,81;
321113;KIT PARCIAL CARB WEBER DFV 446 GM OPALA CARAVAN PI;0,;71,59;
010978;KIT PISTAO COR CEL CLAS 1.0 8V VHC FP 1015 0,50;0,;488,82;
010986;KIT PISTAO COR CEL PRI 1.0 8V VHC FP 1018 STD;1,;542,90;
011022;KIT PISTAO CORSA 1.4 FP 1404 STD;1,;543,80;
010987;KIT PISTAO CORSA CELT PRIS 1.0 FLEX FP 1018 0,50;1,;542,90;
011016;KIT PISTAO DOB IDE PAL SIE STR 1.4 FLEXFP 1402 STD;1,;499,86;
011010;KIT PISTAO FIES KA ECOS 1.0 8V FLEX FP 1026 STD;0,;531,22;
011046;KIT PISTAO FIES KA ECOS COUR 1.6 FLEX FP 1607 STD;1,;565,26;
011011;KIT PISTAO FIESTA KA ECOSPORT 1.0 8V FP 1026 0,50;1,;531,22;
010940;KIT PISTAO FOX GOL 1.0 FLEX FP 1002 1,00;1,;482,62;
011040;KIT PISTAO FOX GOL SAV VOY 1.6 POW FP 1605 STD;1,;501,22;
010935;KIT PISTAO GOL 1.0 FLEX FP 1001 STD;1,;603,28;
010953;KIT PISTAO GOL 1.0 PLUS FLEX FP 1007 STD;1,;459,64;
011015;KIT PISTAO KOMBI 1.4 FLEX FP 1401 1,00;1,;501,22;
011019;KIT PISTAO MON COB COR PRI AGI  1.4 FP 1403 STD;1,;543,80;
013505;KIT PISTAO ONIX  PRIS 1.4 FLEX FP - 1408 - STD;1,;442,14;
010971;KIT PISTAO PALIO SIENA FIRE 1.0 FP 1013 STD;1,;527,80;
010965;KIT PISTAO PALIO SIENA UNO FIRE 1.0 FP 1011 STD;1,;478,12;
010951;KIT PISTAO VW FOX GOL 1.0 FLEX FP - 1006 - 0,50;1,;482,62;
4512171;KIT PNEUZINHO INJ ELET HONDA CIVIC NEW CIVIC 1.7 1;0,;13,47;
1137122;KIT RADIADOR DE OLEO WW JETTA BORA CBUA CBTA CCCA;0,;136,45;
1237164;KIT RADIADOR OLEO OLEO GM CRUZE TRACKER 1.8 4 CIL;0,;90,06;DIV-3_G.1
133783;KIT RADIADOR OLEO TROCADOR DE CALOR FORD / LAND RO;0,;217,57;
15378004;KIT RADIADOR OLEO TROCADOR DE CALOR HY AZERA SANTA;0,;131,62;
1137121;KIT RESFRIADOR OLEO PASSAT JETTA TIGUAN GOLF 2005/;0,;122,95;
1137126;KIT RESFRIADOR OLEO RADIADOR AUDI A1 A3 A5 A6 TT Q;0,;182,42;
19371004PK;KIT RESFRIADOR OLEO TROCADOR CALOR CUMMINS MTR SER;0,;48,51;
19371008PK;KIT RESFRIADOR OLEO TROCADOR CALOR CUMMINS MTR SER;0,;106,81;
15378009;KIT RESFRIADOR OLEO TROCADOR CALOR HYUNDAI KIA MOT;0,;178,54;
163731;KIT RESFRIADOR OLEO TROCADOR CALOR M BENS MTR OM 9;0,;146,52;
163741;KIT RESFRIADOR OLEO TROCADOR CALOR MERCEDES BENZ M;0,;172,30;
1128611;KIT RESPIRO MTR VW GOL PARATI SAVEIRO APOLLO AP 1.;0,;58,56;
1350021;KIT RET BESTA 2.2;1,;116,46;RET-4_J.1
1350025;KIT RET BESTA 2.7;3,;302,07;RET-4_I.3
1450123;KIT RET CUBO RODA TRASEIRA BESTA GS LISO IMPORTADO;0,;56,71;
1451098;KIT RET DIF SEMI ARV MAIOR MENOR ESQ DIR PEUGEOT 2;1,;38,16;RET-6_C.1
142612370;KIT RET DIF SEMI ARV TULIPA LE GM CORSA AGILE ASTR;3,;29,89;CAM-2_A.1
142610164;KIT RET DIF SEMI ARV TULIPA LE LD CAMBIO 6T30 6T31;0,;64,29;
1350141;KIT RET HASTE 6MM GUIA 10MM MTR PEUGEOT 206 307 40;1,;363,36;RET-4_F.3
14420082;KIT RET HST TRAMBU FIAT 147 PREMIO ELBA PANORAMA U;0,;109,54;
1360028;KIT RET M BENS SPRINTER CDI 2.2 16V MB611.960 MB61;1,;251,40;RET-4_B.4
135005415;KIT RET MTR  MITSUBISHI L200 TRITON 2017/... PAJER;0,;366,23;
13500109;KIT RET MTR  RENAULT CAPTUR DUSTER DUSTER OROCH SA;0,;350,40;
1360032;KIT RET MTR 6B/BT 5.9L 12V DIESEL CUMMINS SERIE B;0,;252,01;
1350008;KIT RET MTR ASIA TOWNER 3CIL GAS;1,;81,00;RET-4_J.4
135003301;KIT RET MTR BMW 118I 120I E81/E87 318I 320I E90/E9;0,;729,43;
13200162;KIT RET MTR CHEVROLET CAPTIVA 2.4 16V ECOTEC;0,;258,71;
13200163;KIT RET MTR CHEVROLET TRACKER SUZUKI AERIO ESTEEM;0,;418,54;
135230250;KIT RET MTR CHRYSLER STRATUS 2.5 V6 24 VAL 95 A 99;0,;855,02;
1350184;KIT RET MTR CIT XANTIA ZX PGT 306 405MI 405TI TURB;0,;402,52;
135009604;KIT RET MTR CITROEN AIRCROSS C3 C4 09/ PEUGEOT 308;0,;335,14;
1350165;KIT RET MTR CITROEN C2 C3 2002/ PEUGEOT 307 1007 1;7,;260,37;RET-4_E.5
1350183;KIT RET MTR CITROEN C4 C5 PICASSO PEUGEOT 307 807;3,;620,76;RET-4_D.3
135009602;KIT RET MTR CITROEN C4 LOUGE C5 DS3 DS4 DS5 PGT 30;0,;427,98;
13200166;KIT RET MTR CTDI LTZ 2.8 4 CILS 16V DIESEL GM S10;0,;459,42;
13500166;KIT RET MTR CTDI LTZ 2.8 4 CILS 16V DIESEL GM S10;0,;0,00;
1350096;KIT RET MTR D8B XUD7 XUD7T 205 305 306 309 405 BOX;0,;207,58;
1350019;KIT RET MTR EFFA CHANA CHANGAN STAR JL465QB 1.0 8;0,;303,43;
1350018;KIT RET MTR EFFA TOWNER SUZUKI SJ410 JIMNY SAMURAI;0,;160,63;
1340001;KIT RET MTR FIAT 147 1050 1300 UNO MILLE PALIO FIA;0,;172,46;
1340092;KIT RET MTR FIAT ARGO CRONOS MOBI UNO MTR FIREFLY;0,;281,95;
1340087;KIT RET MTR FIAT DOBLO GRAND SIENA IDEA PALIO PUNT;2,;234,29;RET-5_I.2
1350193;KIT RET MTR FIAT DUCATO MULTIJET JTD IVECO 2.3 16;6,;626,49;RET-4_C.5
1340081;KIT RET MTR FIAT EVO GRAND IDEA PALIO PUNTO SIENA;0,;135,11;
135004001;KIT RET MTR FIAT IVECO 3.0 16V 2008/... F30DT - DU;0,;638,14;
1354001;KIT RET MTR FIAT IVECO 3.0 16V 2008/... F30DT - DU;0,;500,22;
1350040;KIT RET MTR FIAT IVECO DUCATO 2.5 2.8 DIESEL 4CIL;15,;218,88;RET-4_I.1
1340065;KIT RET MTR FIAT MAREA 1.8 16V ALFA ROM TWIN SPARK;2,;220,85;RET-5_J.2
1340057;KIT RET MTR FIAT MAREA 2.0 2.4 20 VAL 5 CIL;0,;221,77;RET-5_J.4
1340073;KIT RET MTR FIAT PALIO MAREA SIENA DOBLO BRAVO 200;0,;123,50;
1340053;KIT RET MTR FIAT PALIO SIENA DOBLO FIRE 1.0 1.3 16;5,;196,41;RET-5_I.1
1340079;KIT RET MTR FIAT PALIO SIENA PUNTO IDEA DUBLO FIRE;4,;95,00;RET-5_J.3
1340083;KIT RET MTR FIAT PALIO SIENA PUNTO IDEA DUBLO FIRE;0,;77,87;
1340033;KIT RET MTR FIAT PALIO WEEKEND 1.6 16 VAL;8,;158,21;RET-5_I.3
1340021;KIT RET MTR FIAT TEMPRA TIPO 2.0 16 VAL;0,;323,58;
1340025;KIT RET MTR FIAT TEMPRA TIPO 2.0 8 VAL;0,;215,92;RET-5_J.1
1340013;KIT RET MTR FIAT UNO PREMIO ELBA TIPO PALIO 1500 1;0,;170,44;
1340049;KIT RET MTR FIAT UNO SMART PALIO SIENA FIRE 1.0 1.;0,;51,23;
1340086;KIT RET MTR FIATDUBLO EVO GRAND IDEA 500 PALIO PUN;0,;107,84;
1340033F;KIT RET MTR FLANGE 178 182 185 186 BRAVA BRAVO MAR;0,;254,23;
1340081F;KIT RET MTR FLANGE FIAT EVO GRAND IDEA PALIO PUNTO;0,;229,52;
1350040F;KIT RET MTR FLANGE FIAT IVECO DUCATO 2.5 2.8;0,;434,61;RET-1_E.5
1340094F;KIT RET MTR FLANGE FIAT JEEP MOTOR-MULTJET AT9 TUR;0,;470,81;
1340065F;KIT RET MTR FLANGE FIAT MAREA 1.8 16V ALFA ROM TWI;0,;325,85;
1340057F;KIT RET MTR FLANGE FIAT MAREA BRAVA 1.8 16V 00/...;0,;304,29;
1340073F;KIT RET MTR FLANGE FIAT PALIO MAREA SIENA DOBLO BR;0,;279,83;
1340053F;KIT RET MTR FLANGE FIAT PALIO SIENA BRAVA FIRE 16;0,;201,39;
1340049F;KIT RET MTR FLANGE FIAT UNO SMART PALIO SIENA FIRE;0,;119,12;
1330073F;KIT RET MTR FLANGE FORD ECOSPORT FOCUS FUSION MOND;0,;385,15;
1330043F;KIT RET MTR FLANGE FORD FIESTA COURIER ZETEC 1.4 1;0,;414,43;
1330045F;KIT RET MTR FLANGE FORD FIESTA KA ZETEC ROCAM 1.0;0,;455,60;
1330090F;KIT RET MTR FLANGE FORD KA KA+ NEW FIESTA ECOBOOST;0,;726,16;
1330083F;KIT RET MTR FLANGE FORD RANGER TRANSIT 2.2 16V 13/;0,;1.444,14;
13200164F;KIT RET MTR FLANGE GM CRUZE TRACKER 1.8 4CIL 16V F;0,;343,07;
1360028F;KIT RET MTR FLANGE M BENS SPRINTER CDI 2.2 16 VAL;0,;508,36;
13500214F;KIT RET MTR FLANGE MERCEDES CLASSE A 140 160 190 V;0,;454,20;
1350214F;KIT RET MTR FLANGE MERCEDES CLASSE A 140 160 190 V;0,;454,20;
1310079F;KIT RET MTR FLANGE PASSAT AHL ANA ARM AKL GOLF BOR;0,;622,83;
1310053F;KIT RET MTR FLANGE VW GOL MI AT 1.0 8V;0,;285,74;
1310057F;KIT RET MTR FLANGE VW GOL SAVEIRO PARATI AT MI 1.0;0,;287,96;
1330005;KIT RET MTR FORD CORCEL 71 77 MOTOR RENAULT;0,;65,47;RET-5_G.3
1330037;KIT RET MTR FORD CORCEL BELINA II ALC GAS 1.4 1.6;0,;65,77;
1330073;KIT RET MTR FORD ECOSPORT FOCUS FUSION MONDEO RANG;2,;181,67;RET-5_G.4
1330049;KIT RET MTR FORD ESCORT 1.8 MONDEO 2.0 FOCUS 1.8 2;3,;434,28;RET-5_H.1
1330009;KIT RET MTR FORD ESCORT DEL REY CHT RENAULT 1.4 1.;0,;143,61;RET-5_H.3
1330043;KIT RET MTR FORD FIESTA COURIER ZETEC 1.4 16 VAL;2,;274,24;RET-5_G.1
1330029;KIT RET MTR FORD FIESTA KA COURIER 1.0 1.3 ENDURA;0,;178,04;RET-5_G.5
1330045;KIT RET MTR FORD FIESTA KA ZETEC ROCAM 1.0 1.6 8 V;0,;163,81;RET-5_G.2
1370022;KIT RET MTR FORD FNH 268 4.4 8V DIESEL;0,;200,35;
1330090;KIT RET MTR FORD KA KA+ NEW FIESTA ECOBOOST TIVCT;0,;186,59;RET-5_H.4
1330084;KIT RET MTR FORD NEW FIESTA ECOSPORT 13/. FOCUS 07;0,;327,65;
1330086;KIT RET MTR FORD RANGER 13/...TROLLER - T4 MTR DUR;0,;482,97;
1330053;KIT RET MTR FORD RANGER EXPLORE 4.0 V6 12 VAL 6CIL;0,;304,99;
1330089;KIT RET MTR FORD RANGER MTR POWER-STROKE 3.0 16V;1,;181,24;RET-5_C.2
1330083;KIT RET MTR FORD RANGER TRANSIT 2.2 16V 13/.. 2.4;1,;432,30;RET-5_H.2
1310035;KIT RET MTR FORD VW CHT TODOS;0,;88,64;RET-5_E.2
135008101;KIT RET MTR FORTWO MTR 132.910 1.0 12V 3CIL;0,;306,99;
1320087;KIT RET MTR GM ASTRA VECTRA OMEGA 2.0 2.2 16 VAL;1,;160,11;RET-3_I.7
1320001;KIT RET MTR GM CHEVETTE TODOS;2,;200,69;RET-5_F.4
1320093;KIT RET MTR GM CORSA CELTA 1.0 1.6 16 VAL;2,;195,57;RET-5_F.1
1320049;KIT RET MTR GM CORSA CELTA 8 VAL;0,;178,69;
1320136;KIT RET MTR GM CORSA CELTA MONTANA MERIVA PRISMA 1;0,;154,26;RET-5_F.5
13200164;KIT RET MTR GM CRUZ;0,;188,58;
1320119;KIT RET MTR GM MERIVA DOHC 1.8 16 VAL;0,;261,64;
1320029;KIT RET MTR GM MONZA 1.6 1.8 FASE I ANO ATE 86;0,;151,81;RET-5_F.2
1320033;KIT RET MTR GM MONZA FASE II KADETT ASTRA VECTRA O;1,;149,39;RET-5_F.3
13200161;KIT RET MTR GM MTR DOHC 3.2 24V 6V;0,;380,03;
1320121;KIT RET MTR GM OMEGA A CIH 3.0 12 VAL 6 CIL;0,;619,61;
1320115;KIT RET MTR GM OMEGA SILVERADO 4.100 6 CIL 89/...;0,;172,96;
1320021;KIT RET MTR GM OPALA 4 E 6 CIL 89/;0,;184,21;
1350009;KIT RET MTR GM S10 BLAZER M BENS SPRINTER ROVER HS;1,;174,96;RET-4_J.3
1320105;KIT RET MTR GM S10 BLAZER VORTEC 4.3 V6 GAS;2,;330,64;RET-07.G
13200167;KIT RET MTR GM S10 MTR LCV ECOTEC SIDI DOHC VVT 2.;0,;230,44;
1350032;KIT RET MTR GURGEL BR-800 SUPER-MINI;0,;77,73;
1350198;KIT RET MTR HASTE 6MM GUIA 09 MM PEUGEOT 306 406 C;0,;565,41;
1350098;KIT RET MTR HASTE 6MM GUIA 10MM PEUGEOT 306 406 CI;0,;626,00;
135190221;KIT RET MTR HONDA ACCORD SOHC 2.2 16 VAL 94 A 98;0,;195,98;
1356207;KIT RET MTR HONDA CITY  VTEC L15A7 LEA1 1.5 16V;0,;234,55;
1350112;KIT RET MTR HONDA CIVIC D15Z1 D15Z3 6 8 1.5 16 VAL;3,;426,84;RET-4_G.1
1350171;KIT RET MTR HONDA CIVIC NEW CIVIC FIT D17A8 1.7 16;0,;207,22;RET-4_E.2
13500161;KIT RET MTR HONDA D16Y 1.6 16V;0,;391,07;
1350169;KIT RET MTR HONDA FIT CITY JAZZ I-DSI TWIN SPARK 1;3,;184,55;RET-4_E.4
1350170;KIT RET MTR HONDA FIT JAZZ VTEC L15A1 L15A6 1.5 16;1,;272,29;RET-4_E.3
1330159;KIT RET MTR HST VAL 7.00MM FORD RANGER SOHC 2.3 2.;0,;378,42;
1330059;KIT RET MTR HST VAL 9.00MM FORD RANGER SOHC 2.3 8;0,;362,93;
135008001;KIT RET MTR HYUNDAI COUPE SANTA FE SONATA TIBURON;0,;500,51;
1350011;KIT RET MTR HYUNDAI H100 L200 L300;0,;228,60;RET-4_J.2
1350186;KIT RET MTR HYUNDAI HB20 KIA PICANTO 1.0 12V KAPPA;1,;201,18;RET-4_D.2
135005605;KIT RET MTR HYUNDAI HR 13/... KIA SORENTO 02/... B;0,;331,50;
135008008;KIT RET MTR HYUNDAI I30 IX35 ELANTRA CRETA KIA SPO;0,;451,76;
135008004;KIT RET MTR HYUNDAI KIA AZERA SANTA FE GRAND SANTA;0,;553,12;
1350177;KIT RET MTR HYUNDAI TUCSON I30 2.0 16 VAL G4GC;1,;249,11;RET-4_D.5
135000702;KIT RET MTR JIMBEI TOPIC 2.0 16V;0,;243,35;
1350073;KIT RET MTR KIA  PICANTO HYUNDAI ATOS MTR G4HG G4H;0,;381,96;
1350023;KIT RET MTR KIA BESTA GS 3.0 BONGO 2700 DIESEL 4CI;0,;239,19;RET-4_I.4
135100201;KIT RET MTR KIA CLARUS 2.0 16 VAL 96/...;0,;804,14;
1350095;KIT RET MTR KIA SPORTAGE RETONA 2 0 16 VAL FE FE D;0,;224,80;
135008601;KIT RET MTR LOGAN SANDERO KWID MTR SCE B4D FLEX 1.;0,;304,67;
1350035;KIT RET MTR M BENS 120D 130D 140D 150D 170D 180D M;2,;248,99;RET-4_I.2
135006711;KIT RET MTR MAZDA 323 MX3 DOHC 1.6 16V 94/...;0,;957,77;
135220201;KIT RET MTR MAZDA 626 2.0 86/87 TURBO;0,;613,96;
135220200;KIT RET MTR MAZDA 626 MX6 2.0 16 VAL 92 A 95 DOHC;0,;927,96;
135006713;KIT RET MTR MAZDA 626 MX6 2.0 16V 92 A 95 DOHC;0,;988,28;
135220160;KIT RET MTR MAZDA MX3 DOHC 1.6 16 VAL 94/...;0,;899,31;
13500214;KIT RET MTR MERCEDES CLASSE A 140 160 97/..;0,;216,88;
1350214;KIT RET MTR MERCEDES CLASSE A 140 160 97/..;0,;91,79;
1350154;KIT RET MTR MITSUBISHI ECLIPSE MONTERO PAJERO 4M40;0,;321,57;
135110201;KIT RET MTR MITSUBISHI ECLIPSE TURBO 2.0 16 VAL;0,;1.336,30;
1350196;KIT RET MTR MITSUBISHI MONTERO III PAJERO TD TRITO;1,;661,00;RET-4_C.3
1350194;KIT RET MTR MITSUBISHI PAJERO IO 98/ TR4 FLEX 02/;2,;347,30;RET-4_C.4
1350054;KIT RET MTR MITSUBISHI PAJERO NATIVA TDI 2.8 4M40T;1,;321,57;RET-4_H.5
135110301;KIT RET MTR MITSUBISHI PAJERO SOHC 3.0 V6 12 VAL;0,;805,06;
1350059;KIT RET MTR MWM MICRO ONIBUS VOLARE MWM SPRINT DIE;0,;401,97;
1350058;KIT RET MTR MWM MICRO ONIBUS VOLARE MWM SPRINT DIE;0,;389,33;
135006005;KIT RET MTR NISSAN BLUEBIRD SYLPHY LIVINA MARCH MI;1,;434,70;RET-4_B.1
135006003;KIT RET MTR NISSAN FRONTIER PATHFIDER MTR 2.5 16V;1,;426,84;RET-4_C.1
1356003;KIT RET MTR NISSAN FRONTIER PATHFIDER MTR 2.5 16V;0,;0,00;
135006006;KIT RET MTR NISSAN MARCH VERSA HR12DE CVVTCS 1.0 1;0,;343,36;
135280300;KIT RET MTR NISSAN PATHFINDER SOHC 3.0 V6 12 VAL;0,;1.586,16;
135006001;KIT RET MTR NISSAN PATHFINDER SOHC 3.0 V6 12 VAL;0,;528,51;
1350060;KIT RET MTR NISSAN TIDA LIVINA SENTRA MR18 1.8 REN;1,;386,49;RET-4_H.4
1370001;KIT RET MTR PERKINS 4203 4CIL DIESEL;0,;149,48;
1370033;KIT RET MTR PERKINS 6358 MF 400 F7000 GM D70 6CIL;0,;121,73;
1370010;KIT RET MTR PERKINS MAXION 4236 4CIL DIESEL;0,;156,43;
1350128;KIT RET MTR PEUGEOT 106 205 306 309 405 PARTNER 20;0,;226,92;RET-4_B.5
1350134;KIT RET MTR PEUGEOT 206 307 PARTNER CITROEN SXARA;4,;279,83;RET-4_F.4
135009603;KIT RET MTR PEUGEOT 208 2013/....CITROEN C3 PICASS;0,;256,15;
1350100;KIT RET MTR PEUGEOT 306 XSI 405 GRI SRI STI CITROE;0,;300,91;
1350048;KIT RET MTR PEUGEOT 504 505 XD2 XD3 DIESEL 4CIL AP;2,;104,07;RET-4_B.2
135009605;KIT RET MTR PEUGEOT CITROEN 208 C3 PURETECH HMY FL;0,;193,65;
1350087;KIT RET MTR RENAULT CLIO D4D PEUGEOT 206 1.0 16 VA;1,;262,68;RET-4_G.5
13500173;KIT RET MTR RENAULT CLIO KANGOO LOGAN MODUSO TWING;0,;320,04;RET-4_H.5
1350086;KIT RET MTR RENAULT CLIO KANGOO TWINGO D7D D7F 1.0;4,;189,11;RET-4_H.1
1350108;KIT RET MTR RENAULT CLIO MEGANE LAGUNA SCENIC F4P;3,;340,34;RET-4_G.2
1350114;KIT RET MTR RENAULT CLIO MEGANE SCENIC KANGOO K7M;2,;199,13;RET-4_I.4
1350076;KIT RET MTR RENAULT CLIO MEGANE SCENIC LAGUNA F1N;1,;272,10;RET-4_H.2
1350072;KIT RET MTR RENAULT CLIO TWINGO 1.3 1.6 R9 R11 R19;2,;199,39;RET-4_H.3
1350179;KIT RET MTR RENAULT LOGAN 1.6 8 VAL MTR K7J710 K7M;3,;199,13;RET-4_D.4
1350175;KIT RET MTR RENAULT MASTER 2.5 16 VAL G9U 720 724;2,;309,10;RET-4_E.1
13500180;KIT RET MTR RENAULT MASTER III DCI M9T 2 3 16V 4 C;0,;354,70;
1350118;KIT RET MTR RENAULT MEGANE SCENIC LAGUNA K4M 1.6 1;3,;251,57;RET-4_F.5
1350002;KIT RET MTR RENAULT TRAFIC 2.0 2.2 J7T GAS J8S DIE;2,;285,62;RET-4_J.5
1360030;KIT RET MTR SPRINTER CDI LA DIESEL BI TURBO EURO;0,;167,80;
1350163;KIT RET MTR SUZUKI BALENO VITARA 95 03 G16B G16KV;0,;467,61;
135150100;KIT RET MTR SUZUKI SWIFT 1.0 88/...;0,;446,18;
1350104;KIT RET MTR SUZUKI SWIFT SOHC 1.6 8 VAL;0,;263,69;RET-4_G.4
135150101;KIT RET MTR SUZUKI VITARA 1.6 16 VAL 95/...;0,;834,88;
1350106;KIT RET MTR TOYOTA COROLLA 1.6 16 VAL 4AFE 1.8 16;3,;475,85;RET-4_G.3
135130108;KIT RET MTR TOYOTA COROLLA 7AFE 1.8 16 VAL 93 A 98;0,;214,29;
1351154;KIT RET MTR TOYOTA COROLLA PRIUS 07/...2ZR-FE 1.8;3,;491,11;RET-4_C.2
1350146;KIT RET MTR TOYOTA COROLLA VVTI FILDER VVTI RAV4 1;3,;426,84;RET-4_F.2
1350701;KIT RET MTR TOYOTA EMPILHADEIRA JIMBEI TOPIC MTR 4;0,;187,96;
135000701;KIT RET MTR TOYOTA EMPILHADEIRA JIMBEI TOPIC MTR 4;0,;193,60;
1350155;KIT RET MTR TOYOTA HILUX 2KD FTV TURBO DIESEL 2.5;0,;481,35;RET-4_F.1
1350050;KIT RET MTR TOYOTA HILUX 2L 3L 5L 2.5 2.8 3.0 DIES;1,;384,13;
1350064;KIT RET MTR TOYOTA HILUX 3.0 DIESEL 1KZ ANO 97 A 9;0,;330,73;
135005012;KIT RET MTR TOYOTA HILUX SW4 SRV MOTOR-1GD-FTV 2.8;0,;357,12;
13500187;KIT RET MTR VAL RET POLIA RET VOL HYUNDAI HB20 I30;3,;355,12;RET-4_D.1
13100124;KIT RET MTR VW  EA211 VW MSI 1.6 16V GOL VOYAGE SA;0,;459,75;
13100117;KIT RET MTR VW AMAROK 2.0 4 CIL 16V MTR CNFA CNFAB;0,;97,53;
1310043;KIT RET MTR VW AP TODOS 1.6 1.8 2.0;1,;132,28;RET-5_D.1
1310107;KIT RET MTR VW GOL GOLF PARATI PASSAT CORRADO ABF;3,;204,04;
1310053;KIT RET MTR VW GOL MI AT 1.0 8V;0,;80,99;
1310105;KIT RET MTR VW GOL POWER EA111 1.0 16V 02/...;4,;152,84;
1310103;KIT RET MTR VW GOL POWER EA111 BAH 1.0 1.6 8V 01/.;1,;98,25;
1310057;KIT RET MTR VW GOL SAVEIRO PARATI AT MI 1.0 16V 98;17,;153,04;
1310057T;KIT RET MTR VW GOL TURBO 1.0 16V;5,;260,91;
1310085;KIT RET MTR VW GOLF AJH AGU ARY AGN ARZ TURBO VARI;0,;245,59;
1310065;KIT RET MTR VW GOLF GL GLX 1.8 94 A 98 2.0 96 A 98;10,;230,38;RET-5_E.3
1310073;KIT RET MTR VW GOLF MEXICANO 94/95 2.0 8V;4,;113,16;RET-5_E.1
1310069;KIT RET MTR VW GOLF MOTOR ABA AKR 2.0 8V 96/98;0,;107,95;
1310079;KIT RET MTR VW PASSAT AHL ANA ARM AKL GOLF BORA PO;6,;400,78;
1310083;KIT RET MTR VW PASSAT GOLF ADR AFY AEB AUDI A4 A6;0,;251,24;
1310007;KIT RET MTR VW PASSAT VOYAGE ALC GAS 1.5;0,;152,92;
13100118;KIT RET MTR VW UP FOX BLUEMOTION MTR 1.0 CHYA CHYB;0,;417,95;
1380001;KIT RET MWM 225/226/229 TODOS;5,;225,43;RET-4_B.3
1350007;KIT RET TOPIC;0,;110,64;RET-06.M
135005013;KIT RET TOYOTA ETIOS MTR 2NR-FE DUAL VVTI 1.3 1.5;0,;446,41;
135005607;KIT RET TOYOTA ETIOS MTR 2NR-FE DUAL VVTI 1.3 1.5;0,;0,00;
13100116;KIT RET VW JETTA PASSAT TIGUAN 1.8 /2.0 TSI TFSI C;0,;133,53;
13100121;KIT RET VW PASSAT JETTA TIGUAN GOLF 2005/2013 AUDI;0,;186,81;
1556062;KIT RETENTOR DISTRIBUIDOR HONDA D15Y D16Z E EX DX;6,;59,96;SEL-2_D.5.B
1340094;KIT RETENTOR FIT JEEP MOTOR-MULTJET AT9 TURBO DIES;0,;410,54;
135005408;KIT RETENTOR OUTLANDER AIRTREK MTR 4G64 2.4 16V;0,;364,66;
V7088846;KIT REVISAO ORIG PALIO STRADA SIENA 1.0 1.4;5,;316,67;
1512165MP;KIT RTF METALOPACK CITROEN C2 C3 02/... PEUGEOT 20;0,;158,19;
1456118;KIT SELO MOTOR RENAULT MEGANE SCENIC LAGUNA K4M 1.;0,;25,63;SEL-1_B.1
1451175;KIT SELO MOTOR TV 63,2X6 E CORREIA 42,9X9 RENAULT;0,;105,25;
1317772SL;KIT SILIC JTA TV (TP ALUMINIO) FORD ECOSPOST MONDE;0,;395,03;
1317732SL;KIT SILIC JTA TV (TP PLASTICO) FORD ECOSPORT FOCUS;5,;177,81;C30-E.5
1417652SL;KIT SILIC JTA TV FIAT MAREA BRAVA 1.8 16 VAL 00/..;0,;163,49;
1217932SL;KIT SILIC JTA TV GM CORSA 1.6 16V 95/... CORSA 1.0;0,;83,50;
1517092SL;KIT SILIC JTA TV GM S10 BLAZER M BENS SPRINTER LAN;0,;103,57;
12171052SL;KIT SILIC JTA TV GM S10 BLAZER VORTEC GAS V6 4.3;0,;263,72;
1217132SL;KIT SILIC JTA TV GM VECTRA ASTRA 16V 98/...;0,;114,83;
15171122SL;KIT SILIC JTA TV HONDA CIVIC 1.5 1.6 D15Z3 D15Z6 D;11,;230,13;C20-A.3
15171362SL;KIT SILIC JTA TV HONDA CIVIC 16 VAL D15B1 D15B2 D1;0,;263,17;
15171702SL;KIT SILIC JTA TV HONDA FIT VTEC CITY ZX L15A2 L15A;6,;147,03;C20-F.1.A
15171772SL;KIT SILIC JTA TV HYUNDAI TUCSON I30 KIA SPORTAGE C;0,;263,76;
1517115SL;KIT SILIC JTA TV KIA K2500 PREGIO HYUNDAI HR TERRA;0,;72,65;
1517542SL;KIT SILIC JTA TV MITSUBISHI ECLIPSE PAJERO 4M40T 2;0,;289,16;
15171732SL;KIT SILIC JTA TV RENAULT CLIO KANGOO LOGAN MODUSO;5,;138,02;C20-G.1
1517872SL;KIT SILIC JTA TV RENAULT CLIO KANGOO TWINGO PEUGEO;2,;114,60;C30-D.4
15171542SL;KIT SILIC JTA TV TOYOTA COROLLA PRIUS 07/... 2ZR F;0,;142,74;
1117062SL;KIT SILIC JTA TV VW GOL AT 1000 8V 97/...;0,;94,99;
1117072SL;KIT SILIC JTA TV VW GOL PARATI SAVEIRO MI 1.0 16V;0,;126,07;
1617281SL;KIT SILIC TV MB SPRINTER CDI 2.2 16V MB611 960 MB6;0,;48,46;
39120104MLBR;KIT SUP  MOTOCICLETA RET MTR HONDA HONDA 150CC CRF;0,;22,36;
39120201ML;KIT SUP MOTOCICLETA  YAMAHA MOTOR - 125CC;0,;16,00;
39120103MLB;KIT SUP MOTOCICLETA C/ BORRACHA  HONDA MTR CG 125;0,;24,46;
39120103MLBR;KIT SUP MOTOCICLETA C/ BORRACHA C/ RETENTOR HONDA;0,;28,08;
39120101MLBR;KIT SUP MOTOCICLETA C/ BORRACHA C/ RETENTOR HONDA;0,;16,74;
39120101MLB;KIT SUP MOTOCICLETA C/ BORRACHA HONDA MTR CG125CC;0,;11,54;
39120104MLB;KIT SUP MOTOCICLETA C/BORR MTR HONDA 150CC CRF 150;0,;19,57;
39120401PK;KIT SUP MOTOCICLETA DAFRA MOTOR -150CC DAFRA SPEED;0,;17,32;
39120117ML;KIT SUP MOTOCICLETA HONDA CG 160 NXR 160 BROS 2016;0,;15,26;
39120111ML;KIT SUP MOTOCICLETA HONDA MMOTOR NX200 XR 200 HOND;0,;13,55;
39120105ML;KIT SUP MOTOCICLETA HONDA MOTOR - 300CC;0,;45,49;
39120106ML;KIT SUP MOTOCICLETA HONDA MOTOR 250CC;0,;24,82;
39120102PK;KIT SUP MOTOCICLETA HONDA MOTOR -C100;0,;24,39;
39120102ML;KIT SUP MOTOCICLETA HONDA MOTOR C100 DREAM;0,;33,06;
39120110ML;KIT SUP MOTOCICLETA HONDA MOTOR CBX200 HONDA CBX 2;0,;28,26;
39120103ML;KIT SUP MOTOCICLETA HONDA MOTOR -CG 125;0,;13,13;
39120104ML;KIT SUP MOTOCICLETA HONDA MOTOR CG TITAN FAN BROS;0,;16,89;
39120101ML;KIT SUP MOTOCICLETA HONDA SUNDOWN MOTOR - CG 125CC;0,;12,69;
39120108ML;KIT SUP MOTOCICLETA S/ RETENTOR HONDA MOTOR-400CC;0,;63,65;
39120107ML;KIT SUP MOTOCICLETA SUP S BORRACHA HONDA MOTOR 400;0,;80,58;
39120301ML;KIT SUP MOTOCICLETA SUZUKI MOTOR 125CC SUZUKI EN 1;0,;18,04;
15171772BNVT;KIT TP VALV TUCSON / I30 2.0 - 16V MOT G4GC 2004..;0,;87,68;
163744;KIT TROCADOR CALOR M BENS MOTOR OM 457 OM 457LA 24;0,;90,09;
183709;KIT TROCADOR CALOR MWM 229 3.9 4/6CIL DIESEL;0,;83,48;
1600175;KIT TURB MITSUBISHI MONTERO III PAJERO TD;0,;121,13;
1122572;KIT TURB MTR AT TURBO 1.0 16V VW GOL PARATI 98/...;0,;33,99;
1601110;KIT TURBINA 4236 Q20B D20 3 9 8V;0,;61,44;
1600011;KIT TURBINA 4D55T 4D56 HY 2.3 2.4 2.5 8V;3,;54,14;COL-15_G.1
1601111;KIT TURBINA F1000 APL 240;0,;27,72;
1600193;KIT TURBINA FIAT DUCATO MULTIJET JTD IVECO 2.3 16;0,;211,59;
1601142;KIT TURBINA FIAT IVECO DUCATO;0,;34,19;
1601107;KIT TURBINA FORD CARGO FASE I;0,;9,76;
1601383;KIT TURBINA FORD RANGER TRANSIT 2.2 16V 13/.. TRAN;0,;139,08;
1601108;KIT TURBINA FTO 8700 9700 CARGO 6 6 12V;0,;24,60;
1601105;KIT TURBINA GM S10 BLAZER M BENS SPRINTER LAND ROV;0,;77,27;COL-15_G.1
1601101;KIT TURBINA M BENS OM352A TURBINADO;0,;24,22;COL-15_G.1
1601115;KIT TURBINA MB 814 912;0,;23,81;
1600070;KIT TURBINA MITS L200 TD L300 PAJERO TD HPE MONTER;4,;66,79;COL-15_G.1
1600196;KIT TURBINA MITSUBISHI MONTERO III PAJERO TD TRITO;0,;108,57;
16000196;KIT TURBINA MITSUBISHI MONTERO III PAJERO TD TRITO;0,;33,56;
16015196;KIT TURBINA MITSUBISHI MONTERO III PAJERO TD TRITO;0,;57,08;
1601114;KIT TURBINA MWM 4CIL;0,;57,71;
1601113;KIT TURBINA MWM 6 CIL GARRETT 4 B81 LACON 52;0,;36,03;COL-15_G.1
1601102;KIT TURBINA MWM APL SCANIA DSC 124 360;0,;34,82;
1601112;KIT TURBINA MWM F1000;0,;38,58;
1601109;KIT TURBINA MWM F1000 F2000 D20 FLANGE GRANDE;1,;83,87;COL-15_G.1
1606003;KIT TURBINA NISSAN FRONTIER PATHFINDER MTR YD25DDT;1,;78,51;COL-15_G.1
1605605;KIT TURBINA NISSAN MARCH LIVINA TIIDA VERSA MTR  H;0,;65,73;
1601122;KIT TURBINA OM 608 912 914;0,;27,65;
1601103;KIT TURBINA SCANIA 112HW 113 VOLVO N10;0,;33,32;
1601106;KIT TURBINA SCANIA DS 14 V8 142 143;0,;32,64;
1600030;KIT TURBINA SPRINTER CDI LA DIESEL BI TURBO EURO;0,;100,00;
1601630;KIT TURBINA SPRINTER CDI LA DIESEL BI TURBO EURO 5;0,;123,87;
15171412BNVT;KIT TV BOR (2 PEÇAS) BVT PEUGEOT 307 406 806 206 8;0,;80,18;
11171172BN;KIT TV BOR AMAROK 2,0 4CIL 16V MTR CNFA CNFAB DIES;2,;197,96;TV-11_G.2.B
15171554BN;KIT TV BOR ANEL BOR CONICO PROTETOR BICO TOYOTA HI;4,;276,19;C20-E.1
15171554SL;KIT TV BOR ANEL SILIC CONICO PROTETOR BICO TOYOTA;2,;284,52;C20_H.1
12171622BN;KIT TV BOR CHEVROLET CAPTIVA 2.4 16V ECOTEC;3,;400,11;TV-12_C.2
1417952BN;KIT TV BOR FIAT ARGO CRONOS DOBLO GRAND SIENA PALI;19,;126,74;TV-14_I.2
1317832BN;KIT TV BOR FORD DURATORQ PUMA TDCI (22DDOP) 2.2 16;2,;100,37;TV-13_B.3
1317862BN;KIT TV BOR FORD RANGER 13/... TROLLER - T4 MTR DUR;7,;223,95;TV-14_C.3
151756052BN;KIT TV BOR HYUNDAI HR 13/... KIA BONGO 13/... MTR;9,;164,86;C10-D.1
151768032BN;KIT TV BOR SUZUKI GRAN VITARA 2009/... SX4 2010/..;2,;283,57;TV-11_E.1.B
151756072BN;KIT TV BOR TOYOTA ETIOS MTR 2NR-FE DUAL VVTI 1.3 1;0,;238,22;
15171552BN;KIT TV BOR TOYOTA HILUX 16V 2KD FTV TURBO DIESEL 2;6,;222,27;C20-D.1
11171177BN;KIT TV COMPL  BOR AMAROK 2,0 4CIL 16V MTR CNFA CNF;2,;422,41;TV-12_G.2
11171177SL;KIT TV COMPL  SILIC  AMAROK 2,0 4CIL 16V MTR CNFA;0,;497,27;
114004;KIT TV PASSAT TS ATÉ 85 AP 1.6;86,;6,57;
11171172SL;KIT TV SILIC AMAROK 2,0 4CIL 16V MTR CNFA CNFAB DI;0,;390,86;
12171622SL;KIT TV SILIC CHEVROLET CAPTIVA 2.4 16V ECOTEC;0,;560,94;
1417882SL;KIT TV SILIC FIAT DOBLO GRAN SIENA SIENA IDEA PALI;7,;214,93;TV-14_H.3
151756052SL;KIT TV SILIC HYUNDAI HR 13/... KIA BONGO 13/... MT;0,;217,74;
151768032SL;KIT TV SILIC SUZUKI GRAN VITARA 2009/... SX4 2010/;2,;387,03;C30-B.5.B
1517642SL;KIT TV SILIC TOYOTA HILUX TD LANDCRUISER 90TD 3.0;5,;189,60;C.20_D.3
114001;KIT TV VW PASSAT LS AP 1.5;103,;16,37;DIV-1_H.2
15373707;KIT VAL TERMOSTATO TROCADOR CALOR LAND ROVER FREEL;0,;213,58;
134583;KIT VALV EGR FORD TRANSIT RANGER MTR H9FA H9FB H9F;0,;27,57;
L007539;LAMPADA 67 12/5W (10 PCS);4,;24,71;FOR-2_
PH12972;LAMPADA AUTOMOTIVA H7 12V;270,;28,57;
3616;LAMPADA DA LUZ DE RE, P/ PICK UP RANGER;2,;43,99;
3617;LAMPADA DE 1 POLO, MINIMA, P/ FAROL, P/L200;6,;7,13;
3618;LAMPADA DE 2 POLO, P/ VEICULO;2,;7,13;
H4007516;LAMPADA H4 COMUM HALOGENA 12/55 W;53,;15,65;FOR-2_
H7659030;LAMPADA H7 55W SKYWAY/PHILIPS-F 12V;0,;16,67;FOR-2_
H7007515;LAMPADA H7 COMUM HALOGENA 12/55W;0,;20,87;FOR-2_
L007537;LAMPADA PINGAO T10 36MM 12/5W (10 PCS);3,;13,89;FOR-2_
HB3007534;LAMPADA SUPER BRANCA 8.500K HB3 12/55W;14,;70,43;FOR-2_
H17522;LAMPADA SUPER BRANCA 8500K H1 12/55W;0,;41,23;FOR-2_
H37524;LAMPADA SUPER BRANCA 8500K H3 12/55W;21,;33,68;FOR-2_
H47526;LAMPADA SUPER BRANCA 8500K H4 12/55W;0,;68,83;FOR-2_
H77528;LAMPADA SUPER BRANCA 8500K H7 12/55W;-5,;60,53;FOR-2_
HB4007532;LAMPADA SUPER BRANCA 8500K HB4 12/55W;12,;62,09;FOR-2_
H1007501;LAMPADA SUPER BRANCA H 1 12 V 100 W;0,;41,23;FOR-2_
H3007503;LAMPADA SUPER BRANCA H 3 12 V 100 W;22,;49,98;FOR-2_
H4007506;LAMPADA SUPER BRANCA H 4 12 V 90/100 W;0,;61,02;FOR-2_
H7007507;LAMPADA SUPER BRANCA H 7 12 V 100 W;9,;51,89;FOR-2_
HB3007502;LAMPADA SUPER BRANCA H B3 12 V 100 W;25,;70,60;
HB4007504;LAMPADA SUPER BRANCA H B4 12 V 100 W;23,;62,71;FOR-2_
155522;LANT AUX TRAS C LUZ NEBLINA GM MERIVA TODAS TODAS;0,;29,48;
155422;LANT AUX TRAS GM MERIVA TODAS LD RUBI;0,;29,48;
154222;LANT AUX TRAS GM MERIVA TODAS LD RUBI;0,;0,00;
250212;LANT DIANT FIAT PALIO WEEKEND SIENA STRADA 96/00 L;0,;9,24;
250232;LANT DIANT FIAT PALIO WEEKEND SIENA STRADA 96/00 L;0,;9,24;
250242;LANT DIANT FIAT PALIO WEEKEND SIENA STRADA 96/00 L;0,;13,89;
250312;LANT DIANT FIAT PALIO WEEKEND SIENA STRADA 96/00 L;0,;12,83;
250332;LANT DIANT FIAT PALIO WEEKEND SIENA STRADA 96/00 L;0,;12,83;
250342;LANT DIANT FIAT PALIO WEEKEND SIENA STRADA 96/00 L;0,;13,89;
202212;LANT DIANT FORD F1000 93/97 LD AMBAR;0,;17,24;
202242;LANT DIANT FORD F1000 93/97 LD CRISTAL;0,;17,24;
202312;LANT DIANT FORD F1000 93/97 LE AMBAR;0,;23,94;
202342;LANT DIANT FORD F1000 93/97 LE CRISTAL;0,;17,24;
204012;LANT DIANT FORD RANGER 93/97 LD AMBAR;0,;29,46;
204042;LANT DIANT FORD RANGER 93/97 LD CRISTAL;0,;29,46;
204112;LANT DIANT FORD RANGER 93/97 LE AMBAR;0,;29,46;
204142;LANT DIANT FORD RANGER 93/97 LE CRISTAL;0,;29,46;
151642;LANT DIANT GM S10 BLAZER 95/00 LD CRISTAL;0,;51,08;
151712;LANT DIANT GM S10 BLAZER 95/00 LE AMBAR;0,;36,78;
151742J;LANT DIANT GM S10 BLAZER 95/00 LE CRISTAL;0,;36,78;
151612;LANT DIANT GM S10/BLAZER 95/00 LD AMBAR;0,;36,78;
101032;LANT DIANT GM S10/BLAZER 95/00 LD AMBAR;0,;25,02;
100212;LANT DIANT VW 1200 1300/1500 AMBAR;0,;3,11;
103912;LANT DIANT VW BRASILIA 78/... AMBAR;0,;13,06;
103542;LANT DIANT VW KOMBI CLIPPER CRISTAL;0,;12,40;
103512;LANT DIANT VW KOMBI CLIPPER LE AMBAR;0,;18,63;
106241;LANT DIANT VW LOGUS POINTER TODOS LD;0,;28,92;
106341;LANT DIANT VW LOGUS POINTER TODOS LE;0,;28,92;
201922;LANT NEBLINA PARA-CHOQUE TRAS FORD FIESTA;0,;15,61;
201822;LANT NEBLINA PARA-CHOQUE TRAS FORD KA RUBI;0,;15,06;
300022;LANT NEBLINA PEUGEOT 206 RUBI;0,;16,92;
103212;LANT PISCA DIANT VW 1200 1300 1500 AMBAR;0,;25,75;
103242;LANT PISCA DIANT VW 1200/1300/1500 CRISTAL;0,;25,75;
252432;LANT TRAS FIAT PALIO WEEKEND 97/00 LD FUME;0,;85,16;
252532;LANT TRAS FIAT PALIO WEEKEND 97/00 LE FUME;0,;109,31;
254232;LANT TRAS FIAT SIENA 97/00 LD FUME;0,;88,20;
254332;LANT TRAS FIAT SIENA 97/00 LE FUME;0,;113,20;
252821;LANT TRAS FIAT STRADA 01/04 LD RUBI;0,;86,44;
252822;LANT TRAS FIAT STRADA 01/04 LD RUBI;0,;74,84;
252921;LANT TRAS FIAT STRADA 01/04 LE RUBI;0,;86,44;
252922;LANT TRAS FIAT STRADA 01/04 LE RUBI;0,;103,95;
254022;LANT TRAS FIAT STRADA 07/... LD RUBI;0,;106,64;
254122;LANT TRAS FIAT STRADA 07/... LE RUBI;0,;106,64;
252612;LANT TRAS FIAT STRADA 99/00 LD AMBAR;0,;72,08;
252712;LANT TRAS FIAT STRADA 99/00 LE AMBAR;0,;72,08;
253312;LANT TRAS FIAT UNO 84/04 C RE AMBAR LE;0,;33,86;
253332;LANT TRAS FIAT UNO 84/04 C RE LE FUME;0,;24,38;
204221;LANT TRAS FORD ECOSPORT 08/... ADPT MOD 03/07 LD R;0,;92,14;
204321;LANT TRAS FORD ECOSPORT 08/... ADPT MOD 03/07 LE R;0,;92,14;
201612;LANT TRAS FORD KA 97/01 LD AMBAR;0,;44,46;
201632;LANT TRAS FORD KA 97/01 LD FUME;0,;44,46;
201712;LANT TRAS FORD KA 97/01 LE AMBAR;0,;61,75;
201732;LANT TRAS FORD KA 97/01 LE FUME;0,;44,46;
151812;LANT TRAS GM S10 95/00 LD AMBAR;0,;92,47;
151832;LANT TRAS GM S10 95/00 LD FUME;0,;55,48;
151912;LANT TRAS GM S10 95/00 LE AMBAR;0,;77,06;
151932L;LANT TRAS GM S10 95/00 LE FUME;0,;0,00;
101012;LANT TRAS VW FAFA AMBAR;0,;25,02;
103132;LANT TRAS VW GOL 95/99 ADAPÁVEL ARTEB/CIBIÉ LE FUM;0,;32,14;
103032;LANT TRAS VW GOL 95/99 ADAPTÁVEL ARTEB/CIBIÉ FUME;0,;32,14;
103022;LANT TRAS VW GOL 95/99 LD ADAPTÁVEL ARTEB/CIBIÉ RU;0,;32,14;
103122;LANT TRAS VW GOL 95/99 LE ADPTAVÉL ARTEB/CIBIÉ RUB;0,;32,14;
106022;LANT TRAS VW GOL G. IV 2006/20008 LD RUBÍ;0,;58,62;
106132;LANT TRAS VW GOL G. IV 2006/2008 LE FUMÊ;0,;75,22;
106032;LANT TRAS VW GOL IV 06/08 LD FUME;0,;58,62;
106122;LANT TRAS VW GOL IV 06/08 LE RUBI;0,;81,42;
100712;LANT TRAS VW KOMBI CLIPPER AMBAR;0,;38,86;
104412;LANT TRAS VW PAR SAV 83/97 LD AMBAR;0,;29,25;
104512;LANT TRAS VW PAR SAV 83/97 LE AMBAR;0,;29,25;
251642;LENT DIANT FAROL AUX FIAT UNO LD CRISTAL;0,;13,80;
251742;LENT DIANT FAROL AUX FIAT UNO LE CRISTAL;0,;13,80;
100242;LENT DIANT VW 1200/1300/1500 CRISTAL;0,;3,11;
253822;LENT TRAS FIAT BRAVA 99/03 LD RUBI;0,;106,96;
253922;LENT TRAS FIAT BRAVA 99/03 LE RUBI;0,;106,96;
253012;LENT TRAS FIAT UNO 84/04 C RE LD AMBAR;0,;18,78;
253032;LENT TRAS FIAT UNO 84/04 C RE LD FUME;0,;18,78;
253132;LENT TRAS FIAT UNO 84/04 C/RÉ LE FUME;0,;20,31;
154212;LENT TRAS GM D20 A20 C20 85/96 LD AMBAR;0,;0,00;
154912;LENT TRAS GM D20 A20 C20 85/96 LE AMBAR;0,;10,20;
154812;LENT TRAS GM D20/A20/C20 85/96 LD AMBAR;0,;14,17;
100812;LENT TRAS VW FAFA AMBAR;0,;13,92;
100832;LENT TRAS VW FAFA FUME;0,;13,92;
100512;LENT TRAS VW KOMBI CLIPPER AMBAR;0,;11,68;
G3307462;LUB ACD MINERAL SAE 20W-50 API SL;-1,;31,58;
G8550378;LUB ACD SEMISSINT SAE 5W-30 APISN;0,;32,94;
G8553886;LUB ACD SINT.SAE 5W3 P/ CAR TURBOS DEXOS 1 46;4,;71,27;
G8550168;LUB ACD SINTETICO SAE 5W-30 API SN;97,;42,35;
01.06.GAR02PI;"MACACO GARRAFA 02 TON; TOR VALOR APROX. TRIB. R$24";6,;179,26;
01.13.CAM03PI;MACACO HIDRAULICO CAMBIO 01 ESTAGIO 0,5 TON SEM BA;0,;2.123,08;
01.06.GAR12DF240HQ;MACACO HIDRAULICO TIPO GARRAFA 12 TON DOIS ESTAGIO;6,;488,56;
MP01.03.JAC02BOXPI;"MACACO JACARE 02 TON C/ ALCA EM MALETA PLASTICA; T";3,;321,38;
MR5502;MAG SUP RAD FIAT PALIO/WEEKEND SIENA/STRADA 1.6 /;0,;33,06;
MR8005;MANG ADM AR INTERCOOLER (K) MITSUBISHI L200 SPORT/;2,;142,50;
MR1078;MANG AQUECEDOR AO DUTO VW GOL/PARATI AP GII 1.0 8V;8,;39,66;
MR5658;MANG AQUECIMENTO INTERNO FIAT PALIO FIRE / ECONOMY;0,;115,68;
MG013;MANG AR FIAT PALIO FIORINO WEEKEND SIENA NO 1.0 1.;0,;0,00;
MM9184;MANG AR QUENTE MERCEDES SPRINTER 310 312 C/AR COD.;1,;57,68;
MM9185;MANG AR QUENTE MERCEDES SPRINTER 310 312 C/AR COD.;1,;75,24;
41121350;MANG BBA COMB CORRUGADO ENTRE BOMBA ELETRICA FLANG;0,;53,27;
41121351;MANG BBA COMB CORRUGADO ENTRE BOMBA ELETRICA FLANG;0,;47,27;
41121352;MANG BBA COMB CORRUGADO ENTRE BOMBA ELETRICA FLANG;0,;47,89;
41121353;MANG BBA COMB CORRUGADO ENTRE BOMBA ELETRICA FLANG;0,;44,87;
41121354;MANG BBA COMB CORRUGADO ENTRE BOMBA ELETRICA FLANG;0,;35,28;
41121355;MANG BBA COMB CORRUGADO ENTRE BOMBA ELETRICA FLANG;0,;39,95;
41121503;MANG BBA COMB CURRUGADO ENTRE BOMBA ELETRICA FLANG;0,;41,18;
41121504;MANG BBA COMB CURRUGADO ENTRE BOMBA ELETRICA FLANG;0,;42,57;
41121508;MANG BBA COMB CURRUGADO ENTRE BOMBA ELETRICA FLANG;0,;47,89;
MR1100;MANG BOCAL DE TANQUE VW GOL/VOYAGE/PARATI 86/95 /;2,;26,59;
MM3043;MANG BOMBA D'AGUA VW GOL PARATI SAVEIRO SANTANA 86;0,;12,60;
MM9181;MANG BOMBA VACUO AO CARTER MERCEDES SPRINTER 312 C;1,;38,19;
31210100;MANG BOR NIT HIDROVACUO 10.0 X 18.0MM 10 MTS FORD;0,;41,27;
31210121;MANG BOR NIT HIDROVACUO 12.0 X 20.0MM 10 MTS FORD;0,;43,77;
MM10213;MANG CAVALETE D'AGUA FIAT DUCATO TODOS COD. ORIG.;1,;19,53;
MR3048;MANG COLETRO DO FLUXO D'AGUA AO AQUECEDOR GM CELTA;2,;59,49;
312101;MANG COMB FORD FIAT GM VW 3 5X7 25MTS;0,;10,61;
31210500;MANG COMB GASOLINA AMARELA 5.0 X 2.30MM 50 MTS VW;0,;7,17;
41210050;MANG COMB INJE ELET 5.0X11.0MM 10 MTS FORD FIAT GM;0,;34,73;
41210070;MANG COMB INJE ELET 7.0X14.0MM 10 MTS FORD FIAT GM;0,;41,40;
41210080;MANG COMB INJE ELET 8.0 X 15.0 MM 25 MTS FORD FIAT;0,;54,90;
41210090;MANG COMB INJE ELET 9.0X16.0MM 10 MTS FORD FIAT GM;0,;55,67;
31210120;MANG COMB LONADA 12.0 X 17.0MM 25 MTS FORD FIAT GM;0,;30,34;
31210050;MANG COMB LONADA 5.0 X 9.5MM 25 MTS FORD FIAT GM V;0,;13,04;
31210072;MANG COMB LONADA 7.0 X 12.0MM 25 MTS FORD FIAT GM;0,;18,03;
31210090;MANG COMB LONADA 9.0 X 15.0MM 25 MTS FORD FIAT GM;0,;28,27;
31210035;MANG COMB LONADA AVANCO 3.5 X 7.5MM 50MT FORD FIAT;0,;10,70;
31210180;MANG CRISTAL AVANCO 1/8 X 2.0MM 50 MTS VW SEDAN;0,;5,32;
31210123;MANG CRISTAL FILTRO OLEO 1/2 X 2.0MM 50 MTS VW;0,;13,26;
MM3174;MANG DA BOMBA AO CABEÇOTE VW GOL BOLINHA 94 1.6 1.;0,;20,69;
MR1073;MANG DEFLETOR DE OLEO VW GOL GIII 02... PÓLO 02...;0,;112,89;
MM3107;MANG DO RESERV. AO RADIADOR VW SANTANA QUANTUM 84/;0,;11,05;
MMV10313;MANG DO RESERV. C RESPIRO AO RADIADOR FIAT PALIO S;0,;35,73;
MM7589;MANG DO RESERVATORIO À BOMBA HIDRAULICA FORD ESCOR;2,;28,98;
RB3349;MANG DO RESPIRO DA CAIXA DE AR AO SEPARADOR DE OLE;0,;65,04;
RB3351;MANG DO RESPIRO DE OLEO AO ANTICHAMA AUDI A3 VW PO;0,;91,19;
RB3352;MANG DO RESPIRO DE OLEO AO ANTICHAMA VW GOL 1.0 16;0,;86,92;
RB10316;MANG DO RESPIRO DO MTR FIAT PALIO SIENA WEEKEND TO;0,;61,32;
RB10136;MANG DO RESPIRO FIAT UNO MILLE FIORINO 94 COD. ORI;0,;46,73;
RB3346;MANG DO RESPIRO VW GOL 1.0 8V 02/... COD. ORIG. 03;1,;46,38;
RB3344;MANG DO RESPIRO] VW GOL 1.0 16V TURBO COD. ORIG. 3;0,;55,99;
MM7125;MANG DO TUBO À BOMBA D'AGUA GM CORSA CELTA COD. OR;0,;15,54;
MM10236;MANG DO TUBO AO RADIADOR FIAT PALIO SIENA STRADA C;0,;24,35;
MR8009;MANG ENTRADA AR/TURBINA MITSUBISHI L200 GL/GLS ...;4,;153,90;
RB15007;MANG ENTRADA RADIADOR RENAULT CLIO 1.0 16V COD. OR;2,;117,29;
MM10206;MANG ENTRADA SAIDA BOMBA D'AGUA IVECO DAILY TODOS;1,;22,95;
MR5592;MANG ENVIO AGUA AO AQUECEDOR FIAT PALIO FIRE 1.0 T;0,;94,87;
MR5637;MANG ENVIO AGUA DO AR QUENTE FIAT PALIO/WEEKEND/ST;0,;85,94;
MR5633;MANG ENVIO AQUECEDOR FIAT PALIO/SIENA/IDEA TDS 1.8;0,;70,72;
MR5635;MANG ENVIO AQUECEDOR FIAT PALIO/SIENA/STRADA/IDEA;0,;99,21;
RB10304;MANG ENVIO D'AGUA AQUEC. FIAT PALIO SIENA 99/... C;0,;76,78;
MR5608;MANG ENVIO DO AQUECEDOR FIAT PALIO/WEKEEND/SIENA/S;227,;28,29;
MG084;MANG FILTRO AR GM CELTA PRISMA 1.4 09/... COD. ORI;0,;91,30;
MG086;MANG FILTRO AR GM PRISMA 1.0 09/...(RABICHO) COD.;0,;21,37;
MG041;MANG FILTRO AR PALIO WEEKEND SIENA 1.8 COD. ORIG 5;0,;168,88;
MG003;MANG FILTRO DE AR FIAT  1.0 /1.3  UNO 02/... FIRE;0,;77,14;
MG015;MANG FILTRO DE AR FIAT 1.0 8V FIRE PALIO 04/06-SIE;0,;89,00;
MG014;MANG FILTRO DE AR FIAT 1.0 8V PALIO 01/03 - SIENA;0,;36,74;
MG016;MANG FILTRO DE AR FIAT 1.0 8V PALIO 08/...SIENA 08;0,;63,77;
MG008;MANG FILTRO DE AR FIAT 1.0/1.3 8V PALIO 01/06-PALI;0,;43,53;
MG006;MANG FILTRO DE AR FIAT 1.0/1.3 8V/16V PALIO 01/...;0,;49,73;
MG012;MANG FILTRO DE AR FIAT 1.3 16V PALIO01/03-WEEKEND;0,;65,67;
MG007;MANG FILTRO DE AR FIAT 1.4 8V FIRE PALIO-IDEA-WEEK;0,;61,23;
MG002;MANG FILTRO DE AR FIAT 1.5 PALIO96/04-WEEKEND 97/0;0,;70,11;
MG004;MANG FILTRO DE AR FIAT 1.6 PALIO 96/00 8V SPI COD.;0,;81,42;
MG036;MANG FILTRO DE AR FIAT 1.8 PALIO/WEEKEND/SIENA 01/;0,;129,32;
MG001;MANG FILTRO DE AR FIAT PALIO 1.0 96/00 COD. ORIG 4;0,;76,53;
MG032;MANG FILTRO DE AR FIAT SAIDA MENOR 1.5 PALIO 96/00;0,;63,67;
MG026;MANG FILTRO DE AR GM 2.2 S10 98/00-BLAZER 98/00 CO;0,;83,58;
MG010;MANG FILTRO DE AR GM COM BOCAL P/SENSOR CORSA 96/0;0,;14,59;
MG009;MANG FILTRO DE AR GM COM SENSOR CELTA 03/08-CORSA;0,;38,56;
MG011;MANG FILTRO DE AR GM SEM BOCAL P/SENSOR CELTA 03/0;0,;14,90;
MG068;MANG FILTRO FIAT DOBLO 1.8 8V 16V COD. ORIG 552015;0,;74,39;
MR1046;MANG GARGALO AO TANQUE COMB VW GOL / VOYAGE / PARA;15,;24,69;
MR5647;MANG INF RAD FIAT DOBLO 1.3 16V FIRE C/AR QUENTE T;6,;282,89;
MR5523;MANG INF RAD FIAT MILLE FIRE/UNO/FIORINO 1.3 TODOS;5,;130,13;
MR5656;MANG INF RAD FIAT PALIO FIRE ECONOMY 1.0 8V GAS 10;0,;248,01;
MR5560;MANG INF RAD FIAT PALIO TODOS 96/98 / 46416980;4,;23,14;
MR5543;MANG INF RAD FIAT PALIO/SIENA 1.0 16V C/AR COND 01;2,;218,15;
MR5657;MANG INF RAD FIAT PALIO/SIENA ATRACTIVE 1.0 1.4 FI;0,;226,31;
MR5638;MANG INF RAD FIAT PALIO/SIENA FLEX 1.0 8V 06... PA;0,;228,06;
MR5539;MANG INF RAD FIAT PALIO/SIENA/STARDA 1.0 S/AR COND;9,;224,90;
MR5538;MANG INF RAD FIAT PALIO/SIENA/STRADA 1.0 E 1.3 S/A;2,;185,19;
MR5545;MANG INF RAD FIAT PALIO/SIENA/STRADA 1.3 1.5 8V 02;4,;84,87;
MR5542;MANG INF RAD FIAT PALIO/SIENA/STRADA C/AR COND 1.0;0,;205,03;
MR5548;MANG INF RAD FIAT PALIO/SIENA/STRADA FIRE 1.3 TDS;2,;188,50;
MR5558;MANG INF RAD FIAT PALIO/SIENA/WEKEEND 1.0 6 MARCHA;0,;118,81;
MR5508;MANG INF RAD FIAT PALIO/WEEKEND/SIENA STRADA 1.0 1;0,;82,63;
MR5659;MANG INF RAD FIAT PALIO/WEEKEND/SIENA/STRADA TODOS;1,;214,95;
MR5544;MANG INF RAD FIAT PALIO/WEEKEND/STRADA/SIENA 1.6 1;0,;127,30;
MR5555;MANG INF RAD FIAT PALIO/WEKEEND/SIENA/STRADA 1.8 M;0,;175,18;
MR5575;MANG INF RAD FIAT TEMPRA 2.0 8V TODOS 95/99 / 7771;4,;48,09;
MR5529;MANG INF RAD FIAT UNO / ELBA/PICK UP/PREMIO/ TODOS;6,;87,70;
MR5632;MANG INF RAD FIAT UNO 1.3 MILLE 1.0 02/08 WAY 09..;4,;191,81;
MR5518;MANG INF RAD FIAT UNO MILLE / FIORINO. TODOS FIRE;1,;119,05;
MR5559;MANG INF RAD FIAT UNO/PREMIO/MILLE C/AR COND. 93/9;5,;102,52;
MR5520;MANG INF RAD FIAT UNO/UNO MILLE/ PREMIO/ELBA /FIOR;4,;79,37;
MR5038;MANG INF RAD FORD FIESTA/CURRIER S/AR COND. ZETEC;0,;149,93;
MR3071;MANG INF RAD GM CELTA / PRISMA TODOS 07... / 93337;0,;95,85;
MR3064;MANG INF RAD GM CELTA TODOS 01... / 93260412;0,;62,80;
MR3001;MANG INF RAD GM CORSA - WIND - 1.0 - 94/... / 9041;0,;38,37;
MR3156;MANG INF RAD GM CORSA/MONTANA 1.0 1.4 1.8 MPFI 8V;2,;99,21;
MR3102;MANG INF RAD GM MERIVA 1.8 8V 16V 03... / 93399695;6,;72,76;
MR3118;MANG INF RAD GM MERIVA 1.8 8V 16V TOODS 06... / 93;6,;135,79;
MR5581;MANG INF RAD MALHADA MODELADA RAMIFICADA FIAT UNO;5,;224,90;
MR8003;MANG INF RAD MITSUBISHI L200 GL/GLS 2.5 DIESEL 95.;8,;70,72;
MR8001;MANG INF RAD MITSUBISHI L200 SPORT 03/... / CA1400;4,;102,60;
MR8011;MANG INF RAD MITSUBISHI TR4 TODOS 02/... / CH14000;4,;142,50;
MM6101;MANG INF RAD TOYOTA HILUX 2.8 SW4 COD. ORIG. 16571;1,;137,53;
MR1007;MANG INF RAD VW GOL 1000 CHT - 95/... / 377121051B;0,;49,75;
MR1016;MANG INF RAD VW GOL SAVEIRO / 377121051D;1,;34,71;
RB10315;MANG INFERIOR DO RADIADOR FIAT PALIO 1.8 COD. ORIG;0,;195,66;
RB10314;MANG INFERIOR DO RADIADOR FIAT UNO FIRE 1.0 C/AR C;0,;194,63;
RB10281;MANG INFERIOR DO RADIADOR FIAT UNO TODOS S/AR COD.;0,;95,98;
MM6105;MANG INFERIOR DO RADIADOR TOYOTA HILUX 3.0 ANO 05/;0,;82,00;
MM6100;MANG INFERIOR DO RADIADOR TOYOTA HILUX 3.0 ASPIRAD;1,;142,84;
MM6102;MANG INFERIOR DO RADIADOR TOYOTA HILUX 3.0 TURBO D;0,;58,20;
MM10220;MANG INFERIOR INTERCOOLER FIAT DUCATO 2006 2.8 COD;1,;207,35;
MM10218;MANG INFERIOR INTERCOOLER FIAT DUCATO ATE 2005 COD;1,;184,09;
RB14007;"MANG INFERIOR RADIADOR C/AR S S/AR CONJ. SEM"" SEND";1,;207,40;
MM10211;MANG INFERIOR RADIADOR FIAT DUCATO TODOS COD. ORIG;1,;66,59;
RB10277;MANG INFERIOR RADIADOR FIAT PALIO 1.0 16V C/AR COD;0,;190,34;
RB10276;MANG INFERIOR RADIADOR FIAT PALIO 1.0 16V COD. ORI;0,;190,34;
RB10308;MANG INFERIOR RADIADOR FIAT PALIO 1.6 98/... COD.;0,;143,42;
RB10278;MANG INFERIOR RADIADOR FIAT PALIO FIRE EX 1.0 8V C;0,;204,23;
RB10279;MANG INFERIOR RADIADOR FIAT PALIO FIRE EX 1.0 8V C;0,;204,23;
RB10280;MANG INFERIOR RADIADOR FIAT PALIO YANG/FIRE COD. O;0,;149,30;
RB8125;MANG INFERIOR RADIADOR GM CELTA 07 COD. ORIG. 9333;0,;90,64;
MM7224;MANG INFERIOR RADIADOR GM CELTA 1.0 01/... COD. OR;0,;57,88;
MM7121;MANG INFERIOR RADIADOR GM CORSA 1.0 COD. ORIG. 904;0,;34,08;
MM10202;MANG INFERIOR RADIADOR IVECO DAILY 3510 4910 4912;1,;74,64;
MM9167;MANG INFERIOR RADIADOR MERCEDES SPRINTER 180-D COD;1,;57,88;
RB9161;MANG INFERIOR RADIADOR MERCEDES SPRINTER COD. ORIG;1,;376,26;
RB9186;MANG INFERIOR RADIADOR MERCEDES SPRINTER COD. ORIG;1,;115,70;
RB10284;MANG INFERIOR RADIADOR S/AR QUENTE FIAT PALIO 1.0;0,;186,62;
RB14011;"MANG INFERIOR RADIADOR SEM"" SENSOR"" FORD FIESTA CO";0,;163,69;
RB3345;MANG INFERIOR RADIADOR VW GOL 1.0 16V TURBO COD. O;0,;209,00;
MM3112;MANG INFERIOR RADIADOR VW GOL 1.6 CHT COD. ORIG. 3;0,;33,33;
MR8006;MANG INTERCOOLER (K) MITSUBISHI L200 SPORT/OUTDOOR;4,;342,01;
MME9196;MANG INTERCOOLER AO TUBO ADM C SUP (MENOR PARTE) M;1,;114,64;
MME10501;MANG INTERCOOLER IVECO DAILY COD. ORIG. 93826070;2,;287,92;
MME9162;MANG INTERCOOLER MB SPRINTER 310 COD. ORIG. A69052;1,;266,13;
31210122;MANG LEITOSA SILICONE MOLA 1/2 X 1.50MM 50 MTS FOR;0,;12,20;
MM10205;MANG LIGAÇÃO DO DUTO IVECO DAILY TODOS COD. ORIG.;1,;22,95;
MM10207;MANG LIGAÇÃO DULTO DA BOMBA D'AGUA IVECO DAILY TOD;1,;19,53;
MG080;MANG MAIOR C FILTRO FIAT PALIO WEEKEND SIENA STRAD;0,;33,34;
MR21809;MANG MOLDADA MANGUEIRA DE LIGAÇÃO DO DUTO AO RESFR;2,;826,10;
31210400;MANG PRETA EGUINCHO PARABRIZA 4.0 X 1.0MM 50 MTS V;0,;3,32;
MM7594;MANG RESERVATORIO AO RADIADOR FORD KA 1.0 1.6 ZETE;1,;63,67;
MM10204;MANG RESERVATORIO EXPANSAO DO RADIADOR IVECO DAILY;1,;37,89;
MR5533;MANG RESERVATÓRIO RAD TUBO FLEX FIAT PALIO/WEEKEND;3,;82,04;
MR5591;MANG RESP OLEO FIAT PALIO/SIENA/WEEKEND 1.3 16V 02;4,;65,06;
MG035;MANG RESPIRO  VW KOMBI 1.4 COD. ORIG 030103493CE;0,;39,00;
MG031;MANG RESPIRO DE OLEO FIAT 1.0 16V PALIO/SIENA COD.;0,;15,91;
MG030;MANG RESPIRO DE OLEO FIAT 1.3 16V PALIO/SIENA COD.;0,;15,91;
MG042;MANG RESPIRO DE OLEO FIAT 1.9 LINEA 09/11 COD. ORI;0,;33,98;
MG018;MANG RESPIRO DE OLEO VW 1.0 EFI 8V/16V GPL POWER M;0,;20,40;
MG017;MANG RESPIRO DE OLEO VW GOL MIL 98/... COD. ORIG 0;0,;15,91;
RB3347;MANG RESPIRO DO MTR VW FOX 1.0 FLEX 08/... COD. OR;0,;100,25;
RB3350;MANG RESPIRO DO MTR VW FOX 1.6 FLEX 08/... COD. OR;0,;73,59;
RB10188;MANG RESPIRO DO OLEO FIAT PALIO SIENA 1.0 .../00 C;0,;45,33;
RB3301;MANG RESPIRO DO OLEO VW GOL MI 8V 16V COD. ORIG. 0;1,;45,33;
RB3300;MANG RESPIRO DO OLEO VW GOL MI 8V COD. ORIG. 03010;0,;45,33;
RB3302;MANG RESPIRO DO OLEO VW GOL MI 98 COD. ORIG. 03610;7,;45,32;
MM10064;MANG RESPIRO FILTRO AR FIAT UNO PREMIO COD. ORIG.;0,;15,42;
MM7148;MANG RESPIRO GM CORSA 94/96 COD. ORIG. 90325594;0,;13,61;
MM7147;MANG RESPIRO GM CORSA COD. ORIG. 90401191;0,;10,39;
MG073;MANG RESPIRO OLEO FIAT PALIO 1.0 COD. ORIG 4651532;0,;24,83;
MG091;MANG RESPIRO OLEO FIAT UNO VIVACE COD. ORIG 518546;0,;33,78;
MM10214;MANG RESPIRO OLEO INFERIOR FIAT DUCATO TODOS COD.;1,;26,37;
MG074;MANG RESPIRO OLEO PALIO 1.0 COD. ORIG 46449034;0,;27,82;
MG077;MANG RESPIRO OLEO VW FOX 1.6 G5 FOX 08/... COD. OR;0,;16,29;
MG078;MANG RESPIRO OLEO VW GOL AP 1.0 8V EFI COD. ORIG 0;0,;16,29;
MG111;MANG RESPIRO OLEO VW GOL AT 1.0 8V  COD. ORIG 0361;0,;19,20;
MG075;MANG RESPIRO OLEO VW GOL FOX COD. ORIG 030103493DK;0,;28,83;
MR5642;MANG RETORNO AQUECEDOR FIAT PALIO 1.8 OV FLEX 10..;0,;82,68;
MR5541;MANG RETORNO AQUECEDOR FIAT PALIO/SIENA/STRADA 1.8;6,;46,28;
MR3055;MANG RETORNO AQUECEDOR GM CORSA 1.0 1.4 1.6 8V 98/;3,;45,26;
MR8010;MANG SAIDA AR/TURBINA MITSUBISHI L200 GL/GLS .../0;4,;236,56;
RBVB15011;MANG SAIDA DO RADIADOR RENAULT CLIO 1.0 16V C/BOCA;2,;437,08;
MR8004;MANG SAIDA INTERCOOLER (K) MITSUBISHI L200 SPORT/O;2,;228,01;
MM15008;MANG SAIDA RADIADOR RENAULT CLIO 1.0 8V COD. ORIG.;1,;110,03;
MM15009;MANG SAIDA RADIADOR RENAULT CLIO 1.0 8V COD. ORIG.;1,;84,64;
MR3079;MANG SECUNDARIA DA VENTILAÇÃO DO MTR GM CORSA / NO;0,;21,48;
TR3192;MANG SERVO FREIO VW GOL 94 COD. ORIG. ZBA611939C;5,;35,80;
MR8002;MANG SISTEMA INTERCOOLER ADAPTAÇÃO MITSUBISHI L200;4,;399,01;
MM9164;MANG SUCÇÃO INTERCOOLER LD MERCEDES SPRINTER COD.;1,;87,89;
MR5649;MANG SUP RAD FIAT DOBLO 1.6 16V TODOS 02... / 4682;1,;59,54;
MR5646;MANG SUP RAD FIAT DOBLO CARGO 1.3 MPI 16V FIRE GAS;3,;76,07;
MR5506;MANG SUP RAD FIAT PALIO 1.0 8V-96/00 TODOS S/AR CO;0,;23,12;
MR5564;MANG SUP RAD FIAT PALIO/SIENA/WEEKEND/STRADA 1.5 8;11,;49,62;
MR5566;MANG SUP RAD FIAT PALIO/WEEKEND SIENA 1.0 1.3 8V 1;0,;44,72;
MR5563;MANG SUP RAD FIAT PALIO/WEEKEND/STRADA/SIENA TODOS;1,;36,36;
MR5562;MANG SUP RAD FIAT PALIO/WEKEEND/SIENA/STRADA TODOS;5,;42,98;
MR5525;MANG SUP RAD FIAT STILO 1.8 8V TODOS 03... / 46462;6,;127,30;
MR5582;MANG SUP RAD FIAT UNO MILLE 1.0 FIRE 8V 02/04 NOVO;0,;33,95;
MR5576;MANG SUP RAD FIAT UNO/PREMIO/ELBA/FIORINO 1.6 8V T;3,;33,05;
MR5614;MANG SUP RAD FIAT UNO/PREMIO/ELBA/FIORINO TDS 1.5;6,;52,88;
MR5035;MANG SUP RAD FORD ECOSPORT 1.6 SEM AR COND 03... F;0,;62,80;
MR5070;MANG SUP RAD FORD FIESTA 04... ECOSPORT 1.6 05...;1,;112,43;
MR5041;MANG SUP RAD FORD KA ZETEC ROCAN TODOS 99/03... /;0,;67,89;
MR5037;MANG SUP RAD FORD NOVO FIESTA 1.0 1.6 02.. ECOSPOR;0,;105,77;
MR3090;MANG SUP RAD GM CELTA C/AR COND. TODOS 01/06 / 93;1,;49,58;
MR3063;MANG SUP RAD GM CELTA TODOS 01... / 93388859 / 932;0,;46,27;
MR3085;MANG SUP RAD GM CELTA/PRISMA TODOS 07... / 9333757;0,;46,27;
MR3023;MANG SUP RAD GM CORSA - 94/... / 93277135;0,;36,36;
MR3049;MANG SUP RAD GM CORSA / PIC-UP 8V TODOS C/AR 94...;0,;23,14;
MR3065;MANG SUP RAD GM CORSA 1.0 1.4 1.6 1.8 8V TODOS 02.;0,;36,36;
MR3075;MANG SUP RAD GM CORSA 1.0 1.4 1.6 MPFI GAS TODOS 0;0,;46,27;
MR3068;MANG SUP RAD GM CORSA 1.0 MPFI 16V 99/... TODOS S/;3,;62,84;
MR3070;MANG SUP RAD GM CORSA TODOS 1.0 1.4 1.6 MPFI 16V 9;6,;56,19;
MR3103;MANG SUP RAD GM MERIVA 1.8 03/05 / 93296059;1,;72,76;
MR3113;MANG SUP RAD GM MERIVA 1.8 8V GAS. 03... FLEX 05/.;4,;76,07;
MR5561;MANG SUP RAD MALHADA FIAT PALIO / WEEKEND / ADVENT;6,;39,67;
MR5565;MANG SUP RAD MALHADA FIAT PALIO / WEEKEND / SIENA;5,;48,09;
MR8007;MANG SUP RAD MITSUBISHI L200 GL/GLS 2.5 DIESEL 95/;4,;71,25;
MR8000;MANG SUP RAD MITSUBISHI L200 SPORT 03/... / CA1400;5,;85,48;
MR8008;MANG SUP RAD MITSUBISHI TR 4 TODOS 06... / CHI4000;7,;73,16;
MR1087;MANG SUP RAD VW FOX 1.0/1.6 FLEX 04/06 TODOS - POL;4,;62,24;
MR1126;MANG SUP RAD VW FOX TODOS 06... / 5Z0122101F;0,;36,78;
MR1080;MANG SUP RAD VW GOL / PARATI 1.0 16 V TURBO / 3771;5,;131,69;
MM14010;MANG SUP RADIADOR RESERVATORIO FORD FIESTA COURIER;0,;54,50;
RB10282;MANG SUPERIOR DO RADIADOR FIAT DOBLO ADVENTURE 1.8;0,;124,74;
MM6107;MANG SUPERIOR DO RADIADOR TOYOTA HILUX 2.8 SW4 COD;0,;51,83;
MM6106;MANG SUPERIOR DO RADIADOR TOYOTA HILUX 3.0 ANO 02/;0,;97,86;
MM6103;MANG SUPERIOR DO RADIADOR TOYOTA HILUX 3.0 ANO 05/;0,;47,61;
MM6104;MANG SUPERIOR DO RADIADOR TOYOTA HILUX 3.0 ASPIRAD;0,;53,95;
MM10221;MANG SUPERIOR INTERCOOLER FIAT DUCATO 2006 2.8 COD;0,;212,14;
MM10219;MANG SUPERIOR INTERCOOLER FIAT DUCATO ATE 2005 COD;1,;207,35;
MG076;MANG SUPERIOR RADIADOR   COD. ORIG 377121101C;0,;12,26;
MM10210;MANG SUPERIOR RADIADOR FIAT DUCATO TODOS COD. ORIG;0,;58,53;
MM10285;MANG SUPERIOR RADIADOR FIAT PALIO 1.0 FIRE COD. OR;0,;46,00;
RB10302;MANG SUPERIOR RADIADOR FIAT PALIO 1.6 WEEK STRADA;0,;111,97;
MM10139;MANG SUPERIOR RADIADOR FIAT PALIO 8V COD. ORIG. 46;0,;16,78;
MM10183;MANG SUPERIOR RADIADOR FIAT PALIO SIENA STRADA 1.0;0,;43,06;
RB10301;MANG SUPERIOR RADIADOR FIAT SIENA BI FUEL COD. ORI;0,;205,27;
MM10275;MANG SUPERIOR RADIADOR FIAT UNO 1.3 1.5 FIORINO 1.;0,;48,67;
MM7240;MANG SUPERIOR RADIADOR GM CELTA 01/... S/AR COND.;0,;43,40;
MM8123;MANG SUPERIOR RADIADOR GM CELTA 07 COD. ORIG. 9333;0,;37,32;
MM7241;MANG SUPERIOR RADIADOR GM CELTA 1.0 C]/AR 01/... C;1,;37,60;
MM7119;MANG SUPERIOR RADIADOR GM CORSA 1.0 94/98 COD. ORI;0,;22,75;
MM10200;MANG SUPERIOR RADIADOR IVECO DAILY 4912 COD. ORIG.;1,;57,42;
MM9166;MANG SUPERIOR RADIADOR MERCEDES SPRINTER 180-D COD;0,;75,24;
MM9160;MANG SUPERIOR RADIADOR MERCEDES SPRINTER COD. ORIG;0,;67,12;
MM9187;MANG SUPERIOR RADIADOR MERCEDES SPRINTER COD. ORIG;1,;167,80;
MR5578;MANG TUBO A BOMBA D'AGUA FIAT PALIO/SIENA/DOBLO/ST;0,;28,29;
MR3097;MANG TUBO AO COL ADM GM CORSA / PICK UP 1.0 1.4 1.;0,;14,14;
MM8061;MANG TUBO COLETOR DO FLUXO GM CORSA 1.0 1.4 1.6 1.;0,;32,00;
MM9182;MANG VALVULA TERMOSTATICA MERCEDES SPRINTER COD. O;1,;38,19;
TR10714;MANG. COMBUSTÍVEL FIAT PALIO/SIENA - 1.0 E 1.3 FIR;4,;67,17;
TR517;MANG. FILTRO DE AR FIAT  UNO / ELBA / PREMIO / FIO;5,;81,77;
TR518;MANG. FILTRO DE AR FIAT  UNO / FIORINO / PALIO - 1;1,;81,77;
TR519;MANG. FILTRO DE AR FIAT  UNO / FIORINO / PALIO - 1;0,;81,77;
TR512;MANG. FILTRO DE AR FIAT PALIO / SIENA 1.0 FIRE 8V;-1,;72,23;
TR506;MANG. FILTRO DE AR FIAT PALIO / SIENA 1.0 FIRE 8V;0,;36,69;
TR523;MANG. FILTRO DE AR FIAT PALIO / STRADA / SIENA - 1;0,;158,63;
TR509;MANG. FILTRO DE AR FIAT PALIO / WEEKEND / SEINA /;2,;91,27;
TR504;MANG. FILTRO DE AR FIAT PALIO 96/02 - 1.0 FIRE 8V;2,;39,34;
TR507;MANG. FILTRO DE AR FIAT PALIO 96/2004 - 1.5 8V (BO;5,;47,86;
TR525;MANG. FILTRO DE AR FIAT PALIO SIENA STRADA PUNTO 0;0,;181,05;
TR502;MANG. FILTRO DE AR FIAT PALIO/STRADA/SIENA/IDEA 1.;10,;37,94;
TR501;MANG. FILTRO DE AR FIAT UNO / PALIO / SIENA / STRA;0,;28,80;
TR503;MANG. FILTRO DE AR FIAT UNO / UNO MILLE / FIORINO;0,;68,82;
TR510;MANG. FILTRO DE AR FIAT UNO /PALIO / SIENA / FIORI;0,;40,90;
TR556;MANG. FILTRO DE AR GM  CELTA / PRISMA / CORSA CLAS;0,;60,60;
TR558;MANG. FILTRO DE AR GM AGILE / MONTANA -  1.4 ECONO;2,;85,29;
TR552;MANG. FILTRO DE AR GM CELTA / CORSA / PICK-UP - 1.;1,;13,21;
TR551;MANG. FILTRO DE AR GM CELTA / CORSA / PRISMA - 1.0;10,;11,25;
TR553;MANG. FILTRO DE AR GM CELTA / CORSA TODOS - 1.0/1.;18,;38,62;
TR557;MANG. FILTRO DE AR GM PRISMA - 1.4  09/... COD. OR;8,;67,60;
TR601;MANG. FILTRO DE AR VW SAVEIRO / PAMPA/ DEL REY - T;0,;18,56;
TR520;MANG. PALIO WEEKEND 01/08 SIENA 01/ 1.0 1.3 16V;0,;52,31;
TR1503;MANG. RESPIRO DE ÓLEO FIAT PALIO / SIENA - 1.0 E 1;0,;32,89;
TR1504;MANG. RESPIRO DE ÓLEO FIAT PALIO / SIENA  1.0 FIRE;9,;45,77;
TR1505;MANG. RESPIRO DE ÓLEO FIAT PALIO / SIENA / WEEKEND;0,;54,06;
TR1551;MANG. RESPIRO DE ÓLEO GM AGILE / CELTA / MERIVA/ M;10,;21,28;
TR1603;MANG. RESPIRO DE ÓLEO VW  GOL / PARATI - 1.0 8V MI;4,;11,68;
TR1602;MANG. RESPIRO DE ÓLEO VW GOL / PARATI - 1.0 16V 96;1,;19,97;
TR1604;MANG. RESPIRO DE ÓLEO VW GOL / PARATI - 1.0 8V MI;0,;15,26;
TR1605;MANG. RESPIRO DE ÓLEO VW GOL / PARATI - 1.6/1.8 94;4,;31,47;
TR1607;MANG. RESPIRO DE ÓLEO VW GOL / PARATI - 16V GASOLI;15,;46,66;
TR1601;MANG. RESPIRO DE ÓLEO VW GOL / PARATI / 1.0 MI 8V;20,;15,26;
TR1609;MANG. RESPIRO DE ÓLEO VW GOL / POLO -  1.0 8V FLEX;7,;56,93;
TR1606;MANG. RESPIRO DE ÓLEO VW GOL / SANTANA / PARATI -;8,;31,47;
TR1608;MANG. RESPIRO DE ÓLEO VW GOL / SAVEIRO - 1.0 8V AP;16,;48,29;
MG005;MANG.FILTRO DE AR FIAT 1.6 PALIO 96/00-WEEKEND 97/;0,;99,48;
MP01.15.BLMT.500450B;MAQUINA DE BALANCEAR RODAS ACIONAMENTO MOTORIZADO;0,;8.060,11;
902203;MAT PRIMA COR 1/16 1.58MM 60X90 FOLHA.;0,;95,42;
902201;MAT PRIMA COR 1/8 3.17MM 60X90 FOLHA.;0,;190,21;
902202;MAT PRIMA COR 3/32 2.38MM 60X90 FOLHA.;0,;142,98;
902205;MAT PRIMA COR 5/32 3.96MM 60X90 FOLHA.;0,;237,77;
901204;MAT PRIMA FIBRA 0.40 MM 1.00X1.00 MT A FOLHA;0,;197,00;
90120114;MAT PRIMA FIBRA 0.4MM 1.64 0.75X0.80 A FOLHA.;0,;74,74;
9012060;MAT PRIMA FIBRA 0.60MM 1.016 X 425 MTRS BOBINA;0,;67,00;
901207;MAT PRIMA FIBRA 0.70 MM 1.00X1.00 MT A FOLHA;0,;270,55;
90120214;MAT PRIMA FIBRA 0.8MM 1.32 0.75X0.80 A FOLHA.;0,;100,18;
90120314;MAT PRIMA FIBRA 1.6MM 1.16 0.75X0.80 A FOLHA.;0,;523,69;
903303;MAT PRIMA GUARNITAL 0.40 MM 1.64 1X100 METROS.;0,;83,64;
903302;MAT PRIMA GUARNITAL 1 MM 1.32 1X50 METROS.;0,;141,12;
903301;MAT PRIMA GUARNITAL 1.60 MM 1.16 1X25 METROS.;0,;347,33;
401244;ML 2E7 3 SOLEX FORD ESCORT APOLLO VERONA 10-91/...;0,;23,12;
4012119;ML 2E7 3 SOLEX FORD ESCORT GHIA VERONA 1.8 06-89 G;0,;23,12;
401236;ML 2E7 3 SOLEX FORD ESCORT GHIA VERONA 1.8 06-89/.;0,;20,81;
401257;ML 2E7 3 SOLEX FORD ESCORT VERONA APOLLO 1.8 91/..;0,;23,12;
401258;ML 2E7 3 SOLEX FORD ESCORT VERONA LOGUS 2.0 01-93/;0,;23,12;
401247;ML 2E7 3 SOLEX FORD ESCORT VERONA LOGUS POINTER 93;0,;23,12;
401260;ML 2E7 3 SOLEX FORD ESCORT VERONA LOGUS SANTANA 09;0,;23,12;
401248;ML 2E7 3 SOLEX FORD ESCORT VERONA VW APOLLO GM MON;0,;23,12;
401222;ML 2E7 3 SOLEX FORD ESCORT VERONA VW POINTER LOGUS;0,;23,12;
401246;ML 2E7 3 SOLEX FORD PAMPA 1.8 01-93/... GAS 45X135;0,;23,12;
401243;ML 2E7 3 SOLEX FORD PAMPA 1.8 10-91 A 11-92 ALC 62;0,;23,12;
401265;ML 2E7 3 SOLEX FORD PAMPA 1.8 10-92 A 12-92 GAS 45;0,;23,12;
401226;ML 2E7 3 SOLEX FORD PAMPA DEL REY 1.8 10-89/... AL;0,;25,37;
401252;ML 2E7 3 SOLEX FORD PAMPA DEL REY 1.8 10-89/... GA;0,;23,12;
401242;ML 2E7 3 SOLEX FORD PAMPA VERSAILLES ROYALE VW SAN;0,;23,12;
401259;ML 2E7 3 SOLEX FORD VERSAILLES 2.0 09-93/... ALC 8;0,;23,12;
401267;ML 2E7 3 SOLEX FORD VERSAILLES ROYALE 1.8 08-93/..;0,;23,12;
401241;ML 2E7 3 SOLEX FORD VERSAILLES ROYALE 1.8 VW GOL G;0,;23,12;
401254;ML 2E7 3 SOLEX FORD VERSAILLES ROYALE VW SANTANA Q;0,;23,12;
401224;ML 2E7 3 SOLEX GM CHEVETTE 1.6 92 GAS 65X160;0,;23,12;
401228;ML 2E7 3 SOLEX GM CHEVETTE MARAJO CHEVY 500 1.6 92;0,;25,37;
401232;ML 2E7 3 SOLEX GM KADETT MONZA 2.0 89/... ALC 50X1;0,;23,12;
401227;ML 2E7 3 SOLEX GM MONZA 2.0 11-87/... GAS 52.5X145;0,;23,12;
401249;ML 2E7 3 SOLEX GM MONZA KADETT 1.8 09-86/... ALC 5;0,;23,12;
401223;ML 2E7 3 SOLEX GM MONZA KADETT 1.8 2.0 07-86/... G;0,;23,12;
401250;ML 2E7 3 SOLEX GM OPALA 10-89/... ALC 57.5X155.;0,;23,12;
4012118;ML 2E7 3 SOLEX GM OPALA 10-89/... GAS 52.5X150.;0,;20,81;
401251;ML 2E7 3 SOLEX GM OPALA 6 CIL 10-89/... ALC 60X160;0,;23,12;
401256;ML 2E7 3 SOLEX GM OPALA 6 CIL 10-89/... GAS 57X160;0,;23,12;
401255;ML 2E7 3 SOLEX GM OPALA CARAVAN VERANEIO 6CC 90/..;0,;23,12;
401225;ML 2E7 3 SOLEX VW GOL GT SANTANA PASSAT 1.8 QUANTU;0,;25,37;
401229;ML 2E7 3 SOLEX VW GOL GT SANTANA PASSAT GTS QUANTU;0,;23,12;
401230;ML 2E7 3 SOLEX VW GOL GT SANTANA PASSAT GTS QUANTU;0,;23,12;
401239;ML 2E7 3 SOLEX VW GOL GTS PASSAT GLS VOYAGE GLS 11;0,;23,12;
401233;ML 2E7 3 SOLEX VW GOL VOYAGE QUANTUM 92/... GAS 80;0,;23,12;
401231;ML 2E7 3 SOLEX VW PASSAT GTS SANTANA QUANTUM 1.8 0;0,;25,37;
401234;ML 2E7 3 SOLEX VW PASSAT GTS SANTANA QUANTUM1.8 03;0,;23,12;
401237;ML 2E7 3 SOLEX VW SANTANA 1.8 10-89 GAS 67.5X140.;0,;23,12;
401253;ML 2E7 3 SOLEX VW SANTANA 2.0 10-89/... ALC 80X160;0,;23,12;
401268;ML 2E7 3 SOLEX VW SANTANA QUANTUM 1.8 07-93 ALC 82;0,;23,12;
401235;ML 2E7 3 SOLEX VW SANTANA QUANTUM 2.0 05-88 ALC 65;0,;23,12;
401240;ML 2E7 3 SOLEX VW SANTANA QUANTUM 2.0 11-89/... GA;0,;23,12;
401245;ML 2E7 3 SOLEX VW SANTANA QUANTUM GOL GTS PARATI 0;0,;25,37;
401270;ML BLFA SOLEX 30 34 FORD CORCEL BELINA II DEL REY;0,;23,12;
401269;ML BLFA SOLEX 30 34 FORD ESCORT VERONA ESCORT HOBB;0,;23,12;
401277;ML BLFA SOLEX 30 34 FORD ESCORT VERONA HOBBY 1.6 1;0,;23,12;
401273;ML BLFA SOLEX 30 34 GM MONZA 1.8 06-85/... 62.5X14;0,;23,12;
401274;ML BLFA SOLEX 30 34 GM MONZA 1.8 06-85/... ALC 65X;0,;23,12;
401275;ML BLFA SOLEX 30 34 GM MONZA 1.8 06-85/... GAS 67.;0,;23,12;
401276;ML BLFA SOLEX 30 34 VW GOL VOYAGE PARATI SAVEIRO 1;0,;23,12;
401271;ML BLFA SOLEX 30 34 VW PARATI VOYAGE SAVEIRO GOL 1;0,;23,12;
401272;ML BLFA SOLEX 30 34 VW PARATI VOYAGE SAVEIRO GOL 1;0,;23,12;
401264047;ML TLDZ F WEBER 495 FORD ESCORT VERSAILLES DEL REY;0,;11,19;
401264050;ML TLDZ F WEBER 495 FORD ESCORT VERSAILLES DEL REY;0,;11,19;
401264052;ML TLDZ F WEBER 495 FORD ESCORT VERSAILLES DEL REY;0,;11,19;
401264055;ML TLDZ F WEBER 495 FORD ESCORT VERSAILLES DEL REY;0,;11,19;
401264057;ML TLDZ F WEBER 495 FORD ESCORT VERSAILLES DEL REY;0,;11,19;
401264060;ML TLDZ F WEBER 495 FORD ESCORT VERSAILLES DEL REY;0,;11,19;
401264062;ML TLDZ F WEBER 495 FORD ESCORT VERSAILLES DEL REY;0,;11,19;
401264065;ML TLDZ F WEBER 495 FORD ESCORT VERSAILLES DEL REY;0,;12,28;
401264070;ML TLDZ F WEBER 495 FORD ESCORT VERSAILLES DEL REY;0,;11,19;
401264080;ML TLDZ F WEBER 495 FORD ESCORT VERSAILLES DEL REY;0,;11,19;
401263047;ML TLDZ G WEBER 495 FORD ESCORT VERSAILLES DEL REY;0,;11,19;
401263050;ML TLDZ G WEBER 495 FORD ESCORT VERSAILLES DEL REY;0,;11,19;
401263052;ML TLDZ G WEBER 495 FORD ESCORT VERSAILLES DEL REY;0,;11,19;
401263055;ML TLDZ G WEBER 495 FORD ESCORT VERSAILLES DEL REY;0,;11,19;
401263060;ML TLDZ G WEBER 495 FORD ESCORT VERSAILLES DEL REY;0,;11,19;
401263062;ML TLDZ G WEBER 495 FORD ESCORT VERSAILLES DEL REY;0,;11,19;
401263065;ML TLDZ G WEBER 495 FORD ESCORT VERSAILLES DEL REY;0,;11,19;
401263070;ML TLDZ G WEBER 495 FORD ESCORT VERSAILLES DEL REY;0,;11,19;
401263080;ML TLDZ G WEBER 495 FORD ESCORT VERSAILLES DEL REY;0,;11,19;
401263085;ML TLDZ G WEBER 495 FORD ESCORT VERSAILLES DEL REY;0,;11,19;
401263090;ML TLDZ G WEBER 495 FORD ESCORT VERSAILLES DEL REY;0,;11,19;
401263057;ML TLDZ G WEBER 495 ML TLDZ G 495 VAZAO 47 A 62;0,;11,19;
401206010;MLDFV WEBER 228 DFV FORD CORCEL II BELINA DEL REY;0,;8,10;
401206011;MLDFV WEBER 228 DFV FORD CORCEL II BELINA DEL REY;0,;8,10;
401206012;MLDFV WEBER 228 DFV FORD CORCEL II BELINA DEL REY;0,;8,10;
401206013;MLDFV WEBER 228 DFV FORD CORCEL II BELINA DEL REY;0,;8,10;
401206014;MLDFV WEBER 228 DFV FORD CORCEL II BELINA DEL REY;0,;8,10;
401206015;MLDFV WEBER 228 DFV FORD CORCEL II BELINA DEL REY;0,;8,10;
401206016;MLDFV WEBER 228 DFV FORD CORCEL II BELINA DEL REY;0,;8,10;
401206065;MLDFV WEBER 228 DFV FORD CORCEL II BELINA DEL REY;0,;8,10;
401206070;MLDFV WEBER 228 DFV FORD CORCEL II BELINA DEL REY;0,;8,10;
401262047;MLF 32 DIS 2 FIAT 147 1300 TODOS;0,;6,18;
401262050;MLF 32 DIS 2 FIAT 147 1300 TODOS 050;0,;6,87;
401262060;MLF 32 DIS 2 FIAT 147 1300 TODOS 060;0,;6,87;
401262062;MLF 32 DIS 2 FIAT 147 1300 TODOS 062;0,;6,87;
401262065;MLF 32 DIS 2 FIAT 147 1300 TODOS 065;0,;6,18;
312801;MOLA CARB RETORNO SOLEX SIMPLES 112 30 PIC VW SEDA;20,;1,53;DIV-3_E.4
312802;MOLA RETORNO CARB SOLEX DUPLO 32 PDSIT VW BRASILIA;9,;1,67;SEL-1_F.6
151058MLRMWM;MWM JTA MTR CABE AÇO INOX RET TERRA FRONTIER GM S1;0,;213,00;
151059PKRMWM;MWM JTA MTR CABE BASPACK RET MWM VOLARE FORD F250 ;0,;324,83;
181430ML3MWM;MWM JTA MTR SUP CABE AÇO INOX 1.40MM RET POR 2 CIL;0,;63,90;
503-0W20;OLEO 0W20 SINTETICO;24,;32,73;
07693501RM;OLEO 1L 15W40 SEMISINTETICO F1 MASTER;11,;34,28;
07696101RM;OLEO 1L 5W30 SINTETICO CHEV MERC;9,;37,15;
20W50-RA-394;OLEO 20W50 SL;-8,;24,16;
05W40-DR-23;OLEO 5W40 SINTETICO;24,;35,93;
32;OLEO CI-4 15W40 DIESEL;41,;33,95;
12000MT;OLEO COM GRAFITE EM FRASCO DE 100ML CAIXA C/12 UNI;0,;7,00;
28;OLEO GEAR 140 GL-4;6,;38,45;
19;OLEO GEAR 90 GL-4;15,;38,45;
98550378;OLEO SEMI-SINTETICO ACDELCO 5W-30 (24 UN);0,;800,02;
98550862;OLEO SINTETICO GM SAE 5W-30  (24 UN);1,;916,69;
11401173;ORING ANEL BOR BBA DAGUA VW AMAROK MTR CNFA CNFAB;0,;21,04;
154050022;ORING ANEL BORR BICO INJETOR TOYOTA BANDEIRANTE OJ;0,;11,63;
143687BN;ORING ANEL BUJAO CAR FIAT DOBLO GRAND SIENA IDEA P;0,;3,43;
133645BN;ORING ANEL BUJAO CAR FORD FIESTA ECOSPORT 1.0 16V;0,;3,43;
2213166;ORING ANEL CAMBIO CAIXA TRANSFERENCIA ENTRADA GM S;0,;5,85;
221308;ORING ANEL CAMBIO FLANGE LATERAL TULIPA GM ASTRA 9;0,;5,86;
183823;ORING ANEL CAMISA VW 13170 13180 15170 15180 16210;0,;9,50;
15636201;ORING ANEL FILTRO TELA VAL VTEC SOLENOIDE RESPITO;0,;153,15;
15421693;ORING ANEL FLANGE COMANDO 45.00 X 2.00MM HONDA FIT;0,;13,14;
2437103;ORING ANEL RADIADOR ÓLEO CAMBIO FIAT FASTBACK PULS;0,;43,85;
153740;ORING ANEL RADIADOR OLEO FITA DUCATO;0,;21,42;
14421022;ORING ANEL TUBO PESCADOR BBA ÓLEO FIAT FASTBACK G ;0,;13,68;
11421142;ORING ANEL TUBO PESCADOR BBA ÓLEO VW JETTA PASSAT ;0,;1,92;
153562;ORING ANEL VAL TERMOSTATICA FORD HONDA CIVIC;0,;20,50;
1838091;ORING ANEL VITON CAMISA SUPERIOR PARA ADAPTAÇÃO MT;0,;88,01;
4112651;O'RING EM VITON BICO INJ FORD FIESTA 1.0 1.3 IMPOR;0,;9,06;
411245;O'RING VITON BICO INJ FIAT TIPO 1.6 IE VW GOLF GL;0,;7,67;
2119LP;PALH LIMP PAR-BRIS A3 CIVC BORA GOL G3 G4 GOLF POL;0,;23,34;
2018LP;PALH LIMP PAR-BRIS ASTRA ./01 MONTANA CORSA ./12 C;0,;23,34;
1818LP;PALH LIMP PAR-BRIS ASTRA ./97 PALIO ./01 KA ./10;0,;23,34;
2215LP;PALH LIMP PAR-BRIS IDEA TUCSON FIT SPORTAGE FOX;0,;23,34;
2218LP;PALHETA LIMP PARA-BRISA FT DOBLO PALIO FD FIESTA F;0,;23,34;
1616LP;PALHETA LIMP PARA-BRISA GM CHEV FD CORCEL VW GOL K;0,;20,00;
251812;PAR LANT DIANT FIAT UNO FIORINO ELBA PREMIO 84/90;0,;1,59;
125701631;PARAF CABE 108,0MM GM TRACKER SUZUKI GRAND VITARA ;0,;238,24;
15579604;PARAF CABE 117.0MM PEUGEOT 208 3008 CITROEN AIRCRO;0,;305,42;
155780081;PARAF CABE 157.0MM HYUNDAI I30 IX35 ELANTRA CRETA;1,;250,24;FOR-1_F.3
14570102;PARAF CABE 8 PECAS FIAT FASTBACK PULSE ABARTH TORO;0,;95,24;
11570132;PARAF CABE AMAROK MTR EA897 DDXD 3.0 L 24V DOHC V6;0,;469,23;
11570126;PARAF CABE AUDI A1 A3 A5 A6 TT Q3 VW GOLF JETTA PA;0,;388,04;
11570129;PARAF CABE AUDI A1 A3 MTR CAXA CNVA CAVG CTHG CTJA;0,;334,81;
11570119;PARAF CABE AUDI A4 A6 AVAN AJK AGB ARE AZA AZB BES;0,;471,23;
15573302;PARAF CABE BMW 118I 120I E81 E87 318I 320I E90 E91;0,;509,11;
15573301;PARAF CABE BMW 118I 120I E81 E87 318I 320I E90 E91;0,;466,03;
15573318;PARAF CABE BMW X3 X4 X5 X6 GT 135I 335I XDRIVE GT ;0,;726,23;
15573322;PARAF CABE BMW X5 MTR N57D30 3.0 L 24V DOHC L6 201;0,;691,23;
15575414;PARAF CABE C ARRUELA MITSUBISHI OUTLANDER MTR 4HN;0,;586,49;
15579605;PARAF CABE C ARRUELA PEUGEOT 208 CITROEN C3;2,;303,23;FOR-1_F.4
14570091;PARAF CABE CHRYSLER DODGE FIAT JEEP FREEMONT SEBRI;0,;288,23;FOR-1_C.3
15575403;PARAF CABE CRYSLER STEALT MITSUBISHI 3000 GT 3000G;0,;286,23;
19571008;PARAF CABE CUMMINS ISB4 3.9 QSB 3.9 IBSE 4.5 4CIL;0,;656,23;
195710081;PARAF CABE CUMMINS ISB4 3.9 QSB 3.9 IBSE 4.5 4CIL;0,;749,36;
19571009;PARAF CABE CUMMINS ISB6 5.9 QSB 5.9 IBSE 6.7 6CIL;0,;948,79;
195710091;PARAF CABE CUMMINS VW CONST WORKER 17.250E IVECO E;0,;1.079,16;
15570009C;PARAF CABE CURTO 100.0MM GM S10 BLAZER MERCEDES SP;0,;25,24;
15570042C;PARAF CABE CURTO 90.0MM FIAT IVECO TURBO DAILY 2.8;0,;34,24;
135700451;PARAF CABE CURTO FORD ECOSPORT FIESTA KA COURIER Z;0,;20,82;
15573408;PARAF CABE DODGE JOURNEY DURANGO CHALLENGER CHARGE;0,;456,25;
14570021;PARAF CABE ESP FIAT TEMPRA TIPO 2.0 16V;0,;271,75;
14570001;PARAF CABE FIAT 147 OGGI UNO PREMIO ELBA 1050 1300;0,;413,09;
14570092;PARAF CABE FIAT ARGO CRONOS MOBI UNO MTR FIREFLY 1;0,;203,23;PAR_0013
14570093;PARAF CABE FIAT ARGO MOBI UNO CRONOS PULSE MTR FIR;1,;273,23;FOR-1_C.6
14570103;PARAF CABE FIAT FASTBACK PULSE  MTR GSE T200 1.0 1;0,;95,24;
145701021;PARAF CABE FIAT FASTBACK PULSE ABARTH TORO JEEP RE;0,;240,27;
145701031;PARAF CABE FIAT FASTBACK PULSE ABARTH TORO JEEP RE;0,;299,25;
15570040;PARAF CABE FIAT IVECO TURBO DAILY 2.8 RENAULT MAST;0,;445,23;
14570029;PARAF CABE FIAT PALIO MILLE SMART MPI 1.0 FIORINO;0,;413,09;
14570094;PARAF CABE FIAT TORO JEEP RENEGADE COMPASS MTR MUL;0,;440,82;FOR-1_D.7
15570179;PARAF CABE FLANGE 21.2MM RENAULT CLIO MEGANE SCENI;0,;207,25;
13570085;PARAF CABE FORD DURATORQ PUMA TDCI 22DDOP 2.4 16V;0,;380,24;
13570092;PARAF CABE FORD ECOSPORT 17/... KA KA+ 18/... MTR;4,;240,23;FOR-1_C.4
13570090;PARAF CABE FORD KA+ NEW FIESTA ECOBOOST TIVCT M2DA;24,;118,24;PAR_0024
13570086;PARAF CABE FORD RANGER 13/... TROLLER - T4 MTR DUR;0,;556,25;
13570053;PARAF CABE FORD RANGER 4.0 12V BLOCO 244;0,;433,25;
13570098;PARAF CABE FORD TERRITORY MTR DRAGON JX4G15 1.5 16;0,;252,23;
12570075;PARAF CABE GM ASTRA VECTRA ZAFIRA MTR 1.8 8V 2.0 8;3,;360,23;FOR-1_D.8
12570171;PARAF CABE GM CAMARO SS 6.2L SOHC V8 16V;0,;1.241,23;
12570161;PARAF CABE GM CAPITIVA 3.0 3.6 V6;0,;411,23;
12570063;PARAF CABE GM CELTA MPFI 1.0 8V 04-98/...;2,;242,56;PAR_0002
12570136;PARAF CABE GM CORSA EFI MPFI 1.0 1.4 1.8 8VAL;0,;178,23;FOR-1_B.2
12570170;PARAF CABE GM CRUZER TRACKER MTR LE2 TURBO FLEX 1.;0,;395,78;
12570049;PARAF CABE GM EFI MPFI 1.0 1.4 1.6 8V 94 ONIX 13/.;2,;179,23;PAR_0016
12570173;PARAF CABE GM ONIX TRACKER MTR ECOTEC CSS PRIME 1.;0,;369,12;FOR-1_D.4
12570105;PARAF CABE GM S10 BLAZER VORTEC GAS V6 4.3;0,;799,96;
12570166;PARAF CABE GM S10 MTR CTDI LTZ 2.8 4 CILS 16V DIES;2,;659,68;FOR-1_C.9
12570163;PARAF CABE GM TRACKER SUZUKI GRAND VITARA 2.0 16V;0,;248,29;
12570157;PARAF CABE GM VECTRA 2.0 8VAL;2,;398,29;PAR_0006
15570169;PARAF CABE HONDA FIT CITY 1.4 1.5 04/22 9X1.25X155;2,;288,25;FOR-1_A.2
15578009;PARAF CABE HYUNDAI AZERA MTR G6DE 3.0 SANTA FE KIA;0,;155,24;
15570186;PARAF CABE HYUNDAI HB20 KIA PICANTO MTR 1.0 12V KA;4,;148,23;PAR_0019
15578008;PARAF CABE HYUNDAI I30 IX35 ELANTRA CRETA KIA SPOR;0,;300,35;
15578004;PARAF CABE HYUNDAI KIA AZERA SANTA FE GRAND SANTA;0,;546,25;
15578007;PARAF CABE HYUNDAI TUCSON SANTA FE SONATA KIA SPOR;0,;245,98;
15574001;PARAF CABE IVECO DAILY HYUNDAI HD 78 80 FUC F1CDS;10,;808,19;FOR-1_D.3
15576504;PARAF CABE JEEP LIBERTY CHEROKEE EKG 3.7 24V V6  J;0,;1.099,55;
15575608;PARAF CABE KIA PICANTO MTR G4HE 1.0 12V 2008/2012;1,;316,25;FOR-1_F.8
15573707;PARAF CABE LAND ROVER FREELANDER 2 MTR 3.2 B6324S ;0,;722,25;
15573704;PARAF CABE LAND ROVER FREELANDER HSESE 03/07 KIA C;0,;889,46;
15573701;PARAF CABE LAND ROVER RANGE ROVER SPORT DICOVERY 3;0,;442,62;
15570042L;PARAF CABE LONGO 160.0MM FIAT IVECO TURBO DAILY 2.;0,;43,23;
15570035;PARAF CABE M BENS 120D 130D 140D 150D 170D 180D MO;0,;569,24;
15570214;PARAF CABE M BENS CLASSE A 140 160 190;0,;460,87;
16570035;PARAF CABE M BENS E200 C200 SLK200 E200 CLK200 SLK;0,;417,21;
16570036;PARAF CABE M BENS ML 280 ML 320 GL 320 VIANO C 320;0,;495,95;
16570004;PARAF CABE M BENS OM 311 1111 352 1113 1313 1513 2;0,;646,01;
16570010;PARAF CABE M BENS OM314 L608D OM364;0,;433,13;
15573501;PARAF CABE M BENZ A200 A250 B200 CLA200 CLA250 201;0,;526,48;
155701871;PARAF CABE M10 HYUNDAI HB20 HB20S I30 VELOSTER CRE;0,;486,68;FOR-1_A.1
15570187;PARAF CABE M9 HYUNDAI HB20 I30 VELOSTER ELANTRA KI;0,;484,93;PAR_0030
15570009M;PARAF CABE MEDIO 117.0MM GM S10 BLAZER MERCEDES SP;0,;19,24;
15575418;PARAF CABE MITSUBISHI ECLIPSE CROSS MTR 4B40 1.5 1;0,;567,25;
15570194;PARAF CABE MITSUBISHI PAJERO IO 98/.. TR4 02/.. 4G;0,;251,59;FOR-1_D.5
155760031;PARAF CABE NISSAN FRONTIER 07/...PATHIFINDER MTR Y;2,;340,23;FOR-1_D.1
15576027;PARAF CABE NISSAN FRONTIER MTR TD27 2.7 QD32 3.2;0,;828,25;
15576006;PARAF CABE NISSAN MARCH VERSA HR10DE HR12DE CVVTCS;0,;350,06;FOR-1_F.2
15576002;PARAF CABE NISSAN PATHFINDER 3.3 V6 12V VG33E;0,;541,15;
15576011;PARAF CABE NISSAN X-TRAIL ALTIMA MTR QR20DE 2.0 QR;0,;421,35;
15579610;PARAF CABE PEUGEOT CARGO L3H2 MTR DW10FD 2.0 L 16V;0,;331,25;
15579608;PARAF CABE PEUGEOT EXPERT CITROEN JUMPY MTR DV6FCU;0,;451,68;
125701571;PARAF CABE PONTA X35 GM VECTRA 2.0 8V;1,;366,97;FOR-1_E.7
18570009;PARAF CABE POR CIL MTR MWM D225 D226 D229 TODOS CI;0,;142,34;
18570023;PARAF CABE POR CIL MTR MWM X10;0,;141,58;
15570084;PARAF CABE RENAULT CLIO LAGUNA R19 R21 F3P F3R 722;0,;216,95;
15578601;PARAF CABE RENAULT LOGAN SANDERO KWID SCE B4D FLEX;21,;143,87;FOR-1_A.4
12570117;PARAF CABE ROSCA SUP CORSA AGILE 1.0 1.4 MERIVA MO;0,;233,92;PAR_0036
12570017;PARAF CABE SEX GM OPALA 230 250 292 OMEGA 4.1 6 CI;0,;292,92;
12570009;PARAF CABE SEX GM OPALA CARAVAN C10 A10 4CIL;0,;211,28;
15573801;PARAF CABE SSANGYONG KYRON ACTION MTR D20 DT 2.0 1;0,;526,57;
15576804;PARAF CABE SUZUKI JIMNY 98/03 IGNIS SCROSS MTR M13;0,;208,25;
15570104;PARAF CABE SUZUKI MTR G16B G16KC;0,;351,23;
15575017;PARAF CABE TOYOTA CAMRY RAV4 SIENNA VENZA MTR 1ARF;0,;471,23;
15570106;PARAF CABE TOYOTA COROLLA 1.6 4AFE 1.8 7AFE 16 VAL;0,;282,95;
15575013;PARAF CABE TOYOTA ETIOS YARIS MTR 1NR-FE 1.3 2NR-F;1,;477,87;FOR-1_A.6
15570155;PARAF CABE TOYOTA HILUX  HILUX SW4 MTR 2.5 2KD 3.0;0,;912,63;PAR_0035
15575012;PARAF CABE TOYOTA HILUX 2016/... MTR 2.8 16V 1GD-F;0,;513,25;
15575008;PARAF CABE TOYOTA HILUX LANDCRUISER PRADO MTR 2TR;0,;378,28;
11570122;PARAF CABE VW BORA JETTA NEW BEETLE  MTR BGP BGQ B;0,;643,15;
11570124;PARAF CABE VW GOL VOYAGE SAVEIRO FOX CROSS FOX SPA;2,;434,58;FOR-1_F.5
11570140;PARAF CABE VW IBIZA 1.0 16 VAL;0,;349,54;
2102PF;PARAF CROM S10 NOVA TRACKER EQUINOX CH19 M12X1,5;16,;257,14;
14560096BP;PARAF TAMPA DIST BBA OLEIO CABE TAMPÃO NYLON FIAT ;0,;220,48;
14580033;PARAF TAMPA VALVULA COMANDO GAIOLA FIAT BRAVA DOBL;1,;401,47;FOR-1_A.3
145687BP;PARAF TAMPAO CABE NYLON FIAT DOBLO GRAND SIENA IDE;5,;33,52;RET-7_B.6
145653BP;PARAF TAMPAO GAIOLA CABE NYLON M16X1.00 FIAT PALIO;43,;8,31;SEL-1_A.2
11580053;PARAF TV  CABE C DIST VW GOL SAVEIRO PARATI AT MI;0,;36,45;
15580193;PARAF TV COMANDO GAIOLA CABE FIAT DUCATO PEUGEOT B;0,;504,34;
14580094;PARAF TV COMANDO GAIOLA CABE FIAT TORO JEEP RENEGA;0,;293,41;
14580053;PARAF TV COMANDO GAIOLA FIAT PALIO SIENA DOBLO FIR;2,;188,69;FOR-1_F.7
645;PARAF. ACOPLAMENTO VW TODOS;0,;3,79;
15576005;PARAFUSO CAB NISSAN KICKS LIVINA MARCH VERSA RENAU;0,;432,13;FOR-1_E.3
15570021;PARAFUSO CABE BESTA BONGO 2.2 8V;0,;373,82;
15573316;PARAFUSO CABE BMW 316I TOURING EXCLUSIVE 1.6 8V;0,;166,58;
15573303;PARAFUSO CABE BMW 325I 525I 525IX TOURING 2.5 24V;0,;408,02;
15573311;PARAFUSO CABE BMW X1 X3 320IX Z4 328I 16V;0,;665,03;
16570034;PARAFUSO CABE C ARR MERCEDES SLK200 CLK200 C200 CL;0,;458,31;
15570146;PARAFUSO CABE C ARR TOYOTA COROLLA VVTI FIELDER VV;1,;391,55;PAR_0015
12570087;PARAFUSO CABE C ARRUELA GM ASTRA VECTRA ELITE 98..;0,;341,71;FOR-1_D.6
12570057;PARAFUSO CABE C ARRUELA HEXAGONAL EXTERNO GM CORSA;0,;242,56;
15570177;PARAFUSO CABE C ARRUELA HYUNDAI TUCSON I30 KIA SPO;2,;435,41;FOR-1_B.3
11570107;PARAFUSO CABE C ARRUELA VW GOL GOLF PARATI PASSAT;0,;358,66;
12570162;PARAFUSO CABE CHEVROLET CAPTIVA 2.4 16V ECOTEC;0,;522,48;
14570087;PARAFUSO CABE CHRYSLER DODGE FIAT;0,;236,23;FOR-1_B.1
15575603;PARAFUSO CABE CHRYSLER NEON STRATUS MT ECB 2.0 16V;0,;459,77;
15570165;PARAFUSO CABE CITROEN C2 C3 2002/ PEUGEOT206 307 1;1,;210,25;PAR_0008
15570183;PARAFUSO CABE CITROEN C4 C5 PICASSO PEUGEOT 307 80;1,;416,45;FOR-1_E.5
15570144;PARAFUSO CABE CITROEN XM XANTIA XSARA EVASION SYNE;0,;370,35;
15570141;PARAFUSO CABE CITROEN XSARA C5 HIP XSARA PICASSO P;2,;418,84;PAR_0032
15575002;PARAFUSO CABE DAIHATSU DELTA TOYOTA COASTER DYNA 2;0,;799,04;
15573405;PARAFUSO CABE DAKOTA CHEROKEE VOYAGER 2.5 8V;0,;789,34;
15570193;PARAFUSO CABE DUCATO MULTIJET JTD IVECO 2.3 16V DO;0,;520,23;PAR_0034
15570042;PARAFUSO CABE FIAT IVECO TURBO DAILY 2.8 RENAULT M;0,;591,25;
14570057;PARAFUSO CABE FIAT MAREA 2.0 2.4 20V 5 CIL TURBO;0,;639,22;
14570065;PARAFUSO CABE FIAT MAREA BRAVA 1.8 16V 00/...ALFA;0,;542,97;
14570033;PARAFUSO CABE FIAT PALIO SIENA BRAVA 1.6 16 VAL 95;2,;212,95;PAR_0012
14570053;PARAFUSO CABE FIAT PALIO SIENA DOBLO FIRE 1.0 1.3;3,;190,03;PAR_0001
14570025;PARAFUSO CABE FIAT TEMPRA TIPO 2.0 8V;0,;221,52;
14570017;PARAFUSO CABE FIAT UNO PREMIO ELBA 1500 1600 ARGEN;1,;246,67;PAR_0007
14570049;PARAFUSO CABE FIAT UNO SMART PALIO SIENA FIRE 1.0;11,;114,53;PAR_0005
13570083;PARAFUSO CABE FORD DURATORQ PUMA TDCI (22DDOP) 2.2;3,;350,24;FOR-1_F.6
13570045;PARAFUSO CABE FORD ECOSPORT FIESTA KA COURIER ZETE;36,;162,51;PAR_0003
13570073;PARAFUSO CABE FORD ECOSPORT FOCUS MONDEO RANGER 2.;0,;234,23;PAR_0029
13570080;PARAFUSO CABE FORD ENDEAVOUR EVEREST RANGER MAZDA;0,;674,52;
13570013;PARAFUSO CABE FORD ESCORT CORCEL DEL REY VW GOL PA;0,;209,42;
13570029;PARAFUSO CABE FORD FIESTA KA COURIER ENDURA 1.0 1.;0,;263,24;
13570049;PARAFUSO CABE FORD FOCUS MONDEO ESCORT ZETEC 1.8 1;1,;273,78;PAR_0014
13570075;PARAFUSO CABE FORD FORD RANGER TD MOTOR 2.8 POWER;0,;453,70;
13570091;PARAFUSO CABE FORD MONDEO 2.5 24V;0,;733,32;
13570089;PARAFUSO CABE FORD RANGER FULL BR INTERCOOLER TROL;1,;253,24;FOR-1_E.4
13570059;PARAFUSO CABE FORD RANGER SOHC GAS 2.3 2.5 8V 95/9;0,;389,84;
13570043;PARAFUSO CABE FORD ZETEC-SE 1.4 SIGMA 1.5 1.6;0,;260,52;PAR_0022
15570058;PARAFUSO CABE FRONTIER XTERRA GM S10 BLAZER 2000 V;0,;445,89;
12570093;PARAFUSO CABE GM COR CRU MER SON STI TRA 1.0 1.6;3,;241,24;PAR_0004
12570045;PARAFUSO CABE GM MONZA KADETT IPANEMA 91/96 OMEGA;1,;314,14;FOR-1_F.1
15570009;PARAFUSO CABE GM S10 BLAZER M BENS SPRINTER LAND R;0,;616,72;
15570059;PARAFUSO CABE GM SILVERADO 4.2 MTR 6.07 TCA;0,;621,49;
12570150;PARAFUSO CABE GM VECTRA GSI CALIBRA 2.0 16 VAL 94/;0,;265,63;
15576205;PARAFUSO CABE HONDA ACCORD MTR F18 1.8 F20B5 F20B6;0,;515,75;
15570062;PARAFUSO CABE HONDA CIVIC 1.5 16 VAL 91 A 95 1.6 1;0,;326,42;
15570185;PARAFUSO CABE HONDA CIVIC 1.8 16V RA18A1 RA18A2.;2,;555,48;FOR-1_C.1
15570171;PARAFUSO CABE HONDA CIVIC D16Y7 D16Y8 1.6 NEW CIVI;1,;383,36;PAR_0021
15576201;PARAFUSO CABE HONDA CR V EDIX FR V STEPWAGON MTR K;0,;538,03;
15578002;PARAFUSO CABE HYUNDAI ELANTRA MTR G4EK 1 5 12V;0,;349,92;
15570011;PARAFUSO CABE HYUNDAI H1 H100 TD D4BA D4BX MITSU P;2,;387,83;PAR_0017
15575605;PARAFUSO CABE HYUNDAI HR 13/... KIA BONGO 13/... M;1,;991,43;FOR-1_C.7
15578003;PARAFUSO CABE HYUNDAI SANTA FE SONATA EF TRAJET KI;0,;309,03;
15573402;PARAFUSO CABE JEEP GRAND CHEROKEE MTR VMDIESEL EXA;0,;958,86;
16570028;PARAFUSO CABE M BENS 611 CDI SPRINTER CDI C200 C22;0,;429,38;
16570030;PARAFUSO CABE M BENS SPRINTER CDI LA DIESEL BI TUR;1,;752,31;FOR-1_E.1
15570196;PARAFUSO CABE MITSUBISHI L200 TRITON PAJERO FULL M;2,;564,23;PAR_0023
15570054;PARAFUSO CABE MITSUBISHI PAJERO TDI 2.8 4M40T DIES;0,;819,96;
15576003;PARAFUSO CABE NISSAN FRONTIER PARTHFINDER 2.5 16V;2,;387,15;FOR-1_E.6
15570060;PARAFUSO CABE NISSAN SENTRA TIIDA VERSA LIVINA MTR;0,;260,23;
15579602;PARAFUSO CABE PEU 207 208 308 408 508 2008 3008 RC;0,;386,87;
15570096;PARAFUSO CABE PEUGEOT 205 306 309 405 PARTNER BOXE;0,;390,83;
15570134;PARAFUSO CABE PEUGEOT 206 307 PARTNER CITROEN SXAR;2,;331,02;PAR_0026
15579603;PARAFUSO CABE PEUGEOT 208 2013/.... CITROEN C3 PIC;1,;305,42;FOR-1_C.8
15570048;PARAFUSO CABE PEUGEOT 2300 504D XD2 0.79 0.89 505T;0,;653,65;
15570100;PARAFUSO CABE PEUGEOT 306 405 GRI SRI STI CITROEN;0,;489,15;
15579607;PARAFUSO CABE PEUGEOT 306 406 806 BOXER EXPERT GRI;0,;509,26;
15570098;PARAFUSO CABE PEUGEOT 306 406 CITROEN XANTIA XSARA;0,;384,99;
15570087;PARAFUSO CABE RENAULT CLIO D4D D4F 16 VAL;2,;298,94;PAR_0027
15570086;PARAFUSO CABE RENAULT CLIO KANGOO TWINGO D7D D7F 1;1,;248,15;PAR_0033
15570114;PARAFUSO CABE RENAULT CLIO MEGANE SCENIC KANGOO 1.;1,;191,25;FOR-1_B.4
15570072;PARAFUSO CABE RENAULT CLIO R9 R11 R19 R21 C1C C1J;0,;209,42;
15570108;PARAFUSO CABE RENAULT LAGUNA MEGANE SCENIC F4P 1 8;1,;244,25;FOR-1_A.5
15570175;PARAFUSO CABE RENAULT MASTER TRAFIC G9U 720 724 73;1,;336,57;FOR-1_C.5
15570118;PARAFUSO CABE RENAULT MEGANE SCENIC LAGUNA K4M 1.6;0,;166,24;FOR-1_B.5
15570110;PARAFUSO CABE RENAULT TRAFIC CLIO MEGANE SCENIC LA;0,;278,14;
15570002;PARAFUSO CABE RENAULT TRAFIC GAS;0,;577,41;
11570087;PARAFUSO CABE ROSCA AUXILIAR VW GOLF PASSAT VARIAN;1,;358,66;PAR_0031
15575001;PARAFUSO CABE TOYOTA AVENSIS CAMRY CORONA PICNIC R;0,;469,75;
15575003;PARAFUSO CABE TOYOTA CAMRY CARINA E CELICA CORONA;0,;327,01;
15570050;PARAFUSO CABE TOYOTA HILUX 3L 2 8 DIESEL 88 A 01;0,;518,23;
15570064;PARAFUSO CABE TOYOTA HILUX TD 16V 1KZTE ANO 02 A 0;0,;731,23;
11570116;PARAFUSO CABE VW 1.8 2.0 16V TFSI;0,;428,78;
11570117;PARAFUSO CABE VW AMAROK 2.0 4CIL 16V MTR CNFA CNFA;1,;399,52;FOR-1_E.2
11570118;PARAFUSO CABE VW FOX UP MTR 1.0 12 VAL;0,;157,87;PAR_0028
11570105;PARAFUSO CABE VW GOL EA111 1.0 1.6 8V 16V 02/;6,;195,62;FOR-1_D.2
11570103;PARAFUSO CABE VW GOL FOX SPAC POLO POWER 1.0 1.6;0,;157,25;PAR_0011
11570061;PARAFUSO CABE VW GOL SANTANA SAVEIRO PARATI AP MI;3,;207,03;PAR_0020
11570057;PARAFUSO CABE VW GOL SAVEIRO PARATI AT MI 1.0 16V;0,;218,89;PAR_0009
11570053;PARAFUSO CABE VW GOL SAVEIRO PARATI AT MI GASOLINA;4,;233,87;PAR_0025
11570130;PARAFUSO CABE VW IBIZA 1.0 16 VAL;0,;254,81;
11570019;PARAFUSO CABE VW KOMBI SAVERO CADD 1.6 1.8 1.9 2.0;0,;282,54;
11570081;PARAFUSO CABE VW MTR 1.6 AKL;0,;283,23;
11570083;PARAFUSO CABE VW PASSAT ADR AFY AEB 1.8 20V TURBO;0,;234,86;
11570047;PARAFUSO CABE VW PASSAT GOL SAVEIRO MD TS 1.5 1.6;1,;206,23;PAR_0018
145687;PARAFUSO TAMPAO CABECOTE FIAT DOBLO GRAND SIENA ID;0,;59,34;
145653;PARAFUSO TAMPAO CABECOTE M16X1.00 FIAT PALIO SIENA;0,;19,48;SEL-1_A.2
3605;PASTILHA DE FREIO P/ PICK UP RANGER;1,;184,28;
339.225;PB CAMINHAO MB 708/709/710/712C/914C/1214/1215C/L1;2,;169,24;
339.477;PB CAMINHAO VOLVO VM 12> C/FITA ADESIVA;2,;137,84;
337.765;PB CELTA/CORSA/WAGON/SEDAN/PICK-UP/PRISMA TDS ABA;4,;55,59;
339.237;PB MERCEDES ACTROS;2,;265,97;
312902;PENEIRA RABICHO CARBURADOR 2E/3E;24,;6,58;
3005CPF;PF M12 X 1,25 X 26 CH 19 ZINC CASTELO.;82,;74,69;
1807TPF;PF M12 X 1,5 CH 17 ALLEN 16P CROM;4,;226,65;
2001PF;PF M12 X 1,5 X 37 CH 17 ESF 20P CROM;5,;140,74;
2011PF;PF M12X1,25X28 CH19 16P CROMADO CITROËN PICASSO XS;7,;48,24;FOR-5_C.1
5003PF;PF M12X1,5X24,5 CH 17 16P CRO MULT CÔNICO VW GM;19,;88,65;FOR-1_H.1
8003PF;PF M12X1,5X24,5 CH 17 16P CROAMDO GM CORSA CELTA;0,;58,33;
2009PF;PF M12X1,5X27 CH 19 16P CROMADO RENAULT CLIO SCENI;3,;48,24;FOR-5_C.3
5009PF;PF M12X1,5X35 CH 17 16P CROMADO AUDI, BMW SERIE 5,;49,;71,13;
5013PF;PF M12X1,5X37 CH 17 20P CROMADO LONGO P/ AFASTADOR;0,;59,31;
3003PF;PF M14 X 1,5 X 19,5 CH 19 ZINC;18,;53,13;
5012APF;PF M14X1,5X23 CH 17 20P CROMADO FOX POLO NOVO;11,;69,19;
5002PF;PF M14X1,5X25 CH 19 16P CROMADO VW BRASILIA FUSCA;0,;46,64;
4005PF;PF M14X1,5X28 A.F CH 17 CROMADO AUDI GOLF BORA;0,;42,01;
5012BPF;PF M14X1,5X28 CH 17 20P CROMADO AUDI, VW AMAROK GO;47,;78,57;
5011PF;PF M14X1,5X35 CH 19 16P CROMADO LONGO VW BRASILIA;0,;52,20;FOR-5_D.1
4001PF;PF PARAFUSO ANTI-FURTO 4P+CHAVE VW PASSAT GOL VOYA;0,;47,82;
6001PF;PF12X1,25X28 CH 19 16P CRO FIAT ELBA FIOR IDEA P;74,;86,02;FOR-1_{E.1,F1,G1}
6004PF;PF12X1,25X32 CH 19 16P CRO LONG FIAT PALIO WEEK SI;54,;78,57;FOR-5_G.3
6003PF;PF12X1,25X38 CH 19 16P CROMADO SUPERLONGO FIAT;46,;103,83;FOR-5_C.2
5012PF;PF14X1,5X28 CH17 20P VW GOLF JETTA AMAROK FOX AUDI;4,;66,67;FOR-5_E.3
338.992;PING PALIO/WEEK/SIENA 97>13 4 PTAS DIR ( FLEXIVEL;2,;128,16;
338.993;PING PALIO/WEEK/SIENA 97>13 4 PTAS ESQ ( FLEXIVEL;2,;128,16;
4470PT;PISTÃO +0,40 CIL Ø 70,4 MM FIAT PALIO SIENA WEEKEN;0,;109,27;
5470PT;PISTÃO +0,40 CIL Ø 70,4 MM FIAT UNO PALIO SIENA FI;0,;110,84;
7470PT;PISTÃO +0,40 CIL Ø 72,4 MM FIAT PALIO SIENA PUNTO;0,;115,72;
6470PT;PISTÃO +0,40 IL Ø 70,4 MM FIAT UNO PALIO SIENA FIR;0,;107,68;
11510PT;PISTÃO +0,50 CIL Ø 67,61 MM VW GOL FOX AT EA111-RS;0,;112,37;
56010510PT;PISTÃO +0,50 CIL Ø 67,61 MM VW GOL MI AT EA111 1.0;0,;103,03;
56002540PT;PISTÃO +0,50 CIL Ø 71,6 MM GM CORSA 1.0 8V MPFI GA;0,;98,34;
3540PT;PISTÃO +0,50 CIL Ø 71,6 MM GM CORSA MPFI ALC/CELTA;0,;108,01;
16514PT;PISTÃO +0,50 CIL Ø 79 MM PEUGEOT 206 207 307 1.6 1;0,;109,27;
14531PT;PISTÃO +0,50 CIL Ø 80 MM RENAULT CLIO SCENIC 01/..;0,;131,74;
9530PT;PISTÃO +0,50 CIL Ø 82,57 MM FORD FIESTA KA NOVO FI;0,;118,95;
4670PT;PISTÃO +0,60 CIL Ø 70,6 MM FIAT PALIO SIENA WEEKEN;0,;109,27;
56005670PT;PISTÃO +0,60 CIL Ø 70,6 MM FIAT UNO PALIO SIENA FI;0,;110,84;
584027470;PISTAO COM ANEIS FIAT PALIO 1.0 8V FIRE FLEX 73 +0;1,;679,02;
584025070;PISTAO COM ANEIS FIAT PALIO 1.4 8V FI STD FCI 6F13;1,;710,16;
584026540;PISTAO COM ANEIS GM 1.4 8V FLEX +0,5 FCI 19D8AB8B-;1,;690,82;
584026040;PISTAO COM ANEIS GM 1.4 8V FLEX STD FCI 472AB11F-3;1,;701,36;
584006510;PISTAO COM ANEIS GOL 1.0 8V EA111 FLEX +0,50 FCI D;1,;653,16;
584006010;PISTAO COM ANEIS GOL 1.0 8V EA111 FLEX STD FCI 09B;1,;727,67;
584013010;PISTAO COM ANEIS GOL 1.6 8V AP MI STD FCI 52ADC903;1,;671,62;
584005510;PISTAO COM ANEIS GOL G4 +0,50 FCI 70081A15-5B13-44;1,;619,24;
584005010;PISTAO COM ANEIS GOL G4 STD FCI F047FE50-58D0-4A88;1,;619,24;
584022010;PISTAO COM ANEIS GOL G6 1.0 8V FLEX STD FCI 4D2E75;1,;727,67;
584079064;PISTAO COM ANEIS HYUNDAI KAPPA 1.0 12V 75-80 STD F;1,;674,49;
11010PT;PISTÃO STD CIL Ø 67,11 MM VW GOL FOX AT EA111-RSH;0,;112,37;
10010PT;PISTÃO STD CIL Ø 67,11 MM VW GOL MI AT EA111 1.0 8;4,;103,03;
4070PT;PISTÃO STD CIL Ø 70 MM FIAT PALIO SIENA WEEKEND FI;0,;109,27;
5070PT;PISTÃO STD CIL Ø 70 MM FIAT UNO PALIO SIENA FIRE 1;0,;110,84;
6070PT;PISTÃO STD CIL Ø 70 MM FIAT UNO PALIO SIENA FIRE 1;0,;107,68;
7070PT;PISTÃO STD CIL Ø 72 MM FIAT PALIO SIENA PUNTO IDEA;0,;115,52;
15014PT;PISTÃO STD CIL Ø 75 MM PEUGEOT 206 207 CITROEN C3;0,;124,86;
16014PT;PISTÃO STD CIL Ø 78,5 MM PEUGEOT 206 207 307 1.6 1;0,;109,27;
14031PT;PISTÃO STD CIL Ø 79,5 MM RENAULT CLIO SCENIC 01/..;0,;131,74;
9030PT;PISTÃO STD CIL Ø 82,07 MM FORD FIESTA KA NOVO FIES;0,;118,95;
3040PT;PISTÃO STD Ø 71,1 MM GM CORSA MPFI ALC/CELTA VHC G;0,;108,01;
332002C;PISTON INJ CARB WEBER 228 DFV COURO FORD CORCEL BE;0,;22,79;
322006C;PISTON INJ CARB WEBER 228 DFV COURO GM CHEVETTE 1.;0,;16,17;
322001C;PISTON INJ CARB WEBER 228 DFV COURO GM CHEVETTE 1.;0,;22,79;
322002C;PISTON INJ CARB WEBER 228 DFV COURO GM OPALA CARAV;0,;22,79;
322005C;PISTON INJ CARB WEBER 228 DFV COURO GM PICK-UP VER;0,;16,17;
332001;PISTON INJ CARB WEBER 228 DFV FORD CORCEL BELINA 1;0,;21,41;
332002;PISTON INJ CARB WEBER 228 DFV FORD CORCEL BELINA 1;0,;31,95;
322006;PISTON INJ CARB WEBER 228 DFV GM CHEVETTE 1.4 1.6;0,;26,85;
322001;PISTON INJ CARB WEBER 228 DFV GM CHEVETTE 1.4 1.6;0,;31,95;
322002;PISTON INJ CARB WEBER 228 DFV GM OPALA CARAVAN 4 6;0,;31,95;
322005;PISTON INJ CARB WEBER 228 DFV GM PICK-UP VERANEIO;0,;31,95;
322004;PISTON INJ CARB WEBER DUPLO 446 GM OPALA CARAVAN V;0,;57,30;
BPS15031L;"PIVO DE SUSPENSAO 14.9MM VOLKSWAGEN:FOX 03/07;SPAC";18,;48,48;
BPS12004;PIVO DE SUSPENSAO CELTA CORSA CLASSIC PRISMA10/...;0,;72,10;
BPS12007;PIVO DE SUSPENSAO COBALT 11/... ONIX 12/...;0,;48,32;
BPS09006;PIVO DE SUSPENSAO HB20 1.0 1.6 12/...;10,;60,08;
BPS12009;PIVO DE SUSPENSAO MONTANA 11/...;28,;66,61;
BPS20001;PIVO DE SUSPENSAO TORO JEEP RENAGADE 15/..;16,;108,70;
NPE0272;PIVÔ FIAT IDEA ADVENTURE 06... /STRADA ADVENTURE 0;0,;36,64;
NPD0271;PIVÔ FIAT IDEA ADVENTURE 06.....11/ STRADA ADVENTU;0,;36,64;
NPN0283;PIVÔ FIAT PALIO 01...11/PALIO WEEK. 01.09/ DOBLO 0;7,;30,90;
NPN0276;PIVÔ FIAT PALIO 96..99/ PALIO WEEK 97...99/ SIENA;9,;36,79;
NPN0278;PIVÔ FIAT PALIO/ PALIO WEEKEND/ SIENA 97...00 PALI;0,;0,00;
NPN0235;PIVÔ FORD KA 08...11/ FIESTA 02...08/ ECO SPORT 03;0,;36,64;
NPN0232;PIVÔ FORD KA 96..08/ FIESTA 96..07/ COURIER 97...1;0,;36,64;
NPN0250;PIVÔ GM CORSA 02... 1.0 8V VHC E 1.8 8V EXCETO CLA;2,;36,79;
NPN0245;PIVÔ GM CORSA 98..02/ CORSA PICK UP 98..02/ CELTA;28,;36,79;
NPN0257;PIVÔ GM MERIVA 02... ESQ/DIR.;0,;0,00;
3598;PIVO SUPERIOR DE SUSPENSAO, P/ PICK UP RANGER;2,;166,44;
BPS14007;PIVO SUSP LOGAN SANDEIRO 07/13 GRAND SCENIC 07/09;4,;54,12;
BPS16004;PIVO SUSP PALIO/WEEKEND 01/... DOBLO;16,;42,11;
NPE0206;PIVO SUSP VW GOL 12/97...(2.0 16V 1.0/1.6 8V EA 11;8,;24,75;
NPN0263;PIVÔ VW FUSCA/ BRASILIA;5,;36,79;
NPE0208;PIVÔ VW GOL 93..94/ PARATI 93..94/ SAVEIRO 93..97/;0,;36,64;
NPD0209;PIVÔ VW GOL 93..94/ PARATI 93..94/ SAVEIRO 93..97/;0,;36,64;
NPD0205;PIVÔ VW GOL 97.. 07/ PARATI 97...07/ SAVEIRO 97...;0,;36,64;
NPN0207;PIVÔ VW GOL 97...(1.0 8V/ 1.6 8V EA 111) PARATI 06;0,;24,75;
NPD0214;PIVÔ VW SANTANA 83...06/ QUANTUM 88..03/ VERSAILLE;0,;36,64;
NPE0213;PIVÔ VW SANTANA 83...96/ QUANTUM 88...03/ VERSAILL;0,;36,64;
902206;PLACA CORTICO 3MM 41,8X45,8;0,;156,99;
9008VP;PLUG ELETR CONECTOR MARROM FIAT DOBLO PALIO IDEA 0;1,;45,13;
9056VP;PLUG ELETR FIAT BRAVA 1.6 16V 02/03 CONECTOR VERDE;0,;45,13;
9051VP;PLUG ELETR FIAT ELBA FIORINO MAREA STRADA TEMPRA T;0,;25,63;
9053VP;PLUG ELETR FIAT UNO 1.0 1.5 SPI MPI 92/... PALIO 1;0,;23,96;
9037VP;PLUG ELETR FORD ESCORT 1.8 16V 97 FIESTA COURIER 1;1,;35,12;
9067VP;PLUG ELETR FORD FIESTA COURIER KA 1.0 1.6 ZETEC RO;0,;45,13;
9017VP;PLUG ELETR PEUGEOT 106 1.1 1.3 1.4 91/... 205 1.4;6,;50,38;
9300VP;PLUG ELETRÔNICO FORD ECOSPORT NOVO 1.6 16V- > FOCU;0,;164,67;
9059VP;PLUG ELETRÔNICO PEUGEOT PLUG ELETRÔNICO PEUGEOT 20;9,;68,51;
45121712;PNEUZINHO INJ ELET HONDA CIVIC NEW CIVIC 1.7 16V;0,;221,00;
42121172;PNEUZINHO INJ ELET MULTI POINT CORSA MERIVA ZAFIRA;0,;41,15;
4112061;PNEUZINHO INJ ELET MULTI POINT GM CORSA SUPER SEDA;0,;1.964,23;
4112062;PNEUZINHO INJ ELET MULTI POINT GM CORSA SUPER SEDA;0,;226,22;
4112063;PNEUZINHO INJ ELET MULTI POINT GM CORSA SUPER SEDA;0,;17,23;
4112068;PNEUZINHO INJ ELET MULTI POINT GM CORSA SUPER SEDA;0,;19,74;SEL-1_C.8
4112081;PNEUZINHO INJ ELET SISTEMA BOSCH ROCHESTE MAG MARE;0,;1.704,00;
4112082;PNEUZINHO INJ ELET SISTEMA BOSCH ROCHESTE MAG MARE;0,;266,25;
42121173;PNEUZINHO INJ ELET SISTEMA BOSCH ROCHESTE MAG MARE;0,;357,12;
42121174;PNEUZINHO INJ ELET SISTEMA BOSCH ROCHESTE MAG MARE;0,;41,44;
411208;PNEUZINHO INJ ELET SISTEMA BOSCH ROCHESTE MAG MARE;73,;20,57;SEL-1_C.7
441208;PNEUZINHO INJ ELET SISTEMA MULTI POINT TBI FORD FI;0,;16,12;
41171182;PNEUZINHO ORING ANEL 7,59X2,62 INJ ELET VW FOX VIR;0,;175,38;
4517171;PNEUZINHO ORING ANEL INJ ELET HONDA CIVIC NEW CIVI;0,;16,43;
45171712;PNEUZINHO ORING ANEL INJ ELET HONDA CIVIC NEW CIVI;0,;223,21;
4117118;PNEUZINHO ORING ANEL INJ ELET VW FOX VIRTUS 1.0 12;0,;17,82;
7007PO;"PO 1/2 20F CH 19 20P CROMADA"" FORD RANGER CHRYSLER";1,;79,07;
7007APO;PO 1/2 20F CH 19 VAZ 20P CROMADA FORD RANGER CHRYS;0,;81,55;FOR-5_G.1
2008PO;PO M12 X 1,5 CH 21 20P CROM;20,;204,60;
7005PO;PO M12X1,5 CH 19 16P CRO FECHADA FORD KA FIESTA;26,;93,49;FOR-6_F.1
7005APO;PO M12X1,5 CH 19 16P CRO VAZADA FORD KA FIESTA;0,;81,40;
8012PO;PO M12X1,5 CH 19 20P CROMADA GM S10 BLAZER 96/...;16,;81,00;FOR-5_D.3
8009PO;PO M12X1,5 CH 19 24P CROMADO GM PICK-UP D10 D20 BL;28,;120,00;FOR-5_F.2
2005PO;PO M12X1,5 CH CROMADA 24P TOYOTA HILUX;1,;171,43;FOR-5_E.2
3011PO;PO M12X1,5 CH19 24P GM D20 BLACK;0,;129,68;
5008PO;PO M14X1,5 CH 19 20P CROMADA VW KOMBI CAMARO;29,;105,02;
2007CPO;PO12 X 1,5 CH 19 16P CRO HONDA CIVIC FIT;7,;72,00;FOR-5_F.1
8004APO;PO12 X1.5 CH19 VAZADA CRO CHEVETTE CIVIC;72,;103,40;FOR-5_D.2
2013PO;PO12X1,25 CH 21 CRO NISSAN FRONTIER PATHFINDER;30,;148,00;FOR-5_E.1
8004PO;PO12X1,5 CH 19 16P CRO FECHADA GM CHE COBALT HONDA;43,;97,50;FOR-5_G.2
2007PO;PO12X1,5 CH 21 CRO TOYOTA COROLLA;20,;103,75;FOR-5_F.3
90354858;POLIA DENTADA, EXCET;49,;248,64;
13000MT;POLÍMERO SINTÉNTICO EM FRASCO DE TRANSMISSOES CORO;0,;16,00;
411243;PONTA INFERIOR BICO INJ M POINT SISTEMA BOSCH BICO;0,;30,09;
421287;PONTA INFERIOR BICO INJ M POINT SISTEMA BOSCH FORD;0,;29,55;
411242;PONTA INFERIOR BICO INJ M POINT SISTEMA DELPHI BIC;0,;29,21;
411240;PONTA INFERIOR BICO INJ M POINT SISTEMA MARELLI MP;0,;23,74;
45121065;PONTA INFERIOR BICO INJ M POINT TOYOTA TODOS;0,;29,55;
411250;PONTA INFERIOR BICO INJ SISTEMA BOSCH MPFI MULT PO;0,;22,72;
411241;PONTA INFERIOR BICO INJ SISTEMA MAGNETI MARELLI MP;0,;26,16;
4212871;PONTA SUPERIOR BICO INJ M POINT SISTEMA BOSCH FORD;0,;34,57;
10025;PONTEIRA CABO DE ENGATE DO CAMBIO PALIO/STRADA 12M;0,;27,53;
3600;PONTEIRA DE DIRECAO LD, P/ PICK UP RANGER;1,;152,18;
3601;PONTEIRA DE DIRECAO LE, P/ PICK UP RANGER;1,;152,18;
4012105;PORTA GICLEUR PGCHT WEBER 460 FORD CORCEL II DEL R;0,;13,40;
4012102;PORTA GICLEUR PGDFV WEBER 228 DFV FORD CORCEL II B;0,;23,81;
401212;PORTA GICLEUR PGGML WEBER 450 GM CHEVETTE VW PASSA;0,;12,28;
4012104;PORTA GICLEUR PGMLP WEBER 460 PEQ FORD CORCEL II D;0,;10,79;
4012101;PORTA GICLEUR PGMP WEBER 450 M PROG GM CHEVETTE VW;0,;15,08;
401213;PORTA GICLEUR PGPML WEBER 190 450 ANTIGO GM CHEVET;0,;11,19;
4012100;PORTA GICLEUR PGTS SOLEX 30 PIC VW KOMBI 1500 1600;0,;23,81;
2674;PORTA GIGLE M LENTA SOLEX VW;0,;11,76;
4012103;PORTA PGTLDZ WEBER 495 TLDZ FORD ESCORT VERSAILLES;0,;11,08;
333003;PRE FILTRO BBA FORD COURIER ESCORT SW FOCUS 1.6 1.;0,;64,82;
333005;PRE FILTRO BBA FORD FIESTA ECOSPORT FLEX;0,;35,55;
333004;PRE FILTRO BBA FORD FIESTA ECOSPORT FOCUS GAS;0,;33,85;
333002;PRE FILTRO BBA FORD FIESTA KA;0,;37,83;
323004;PRE FILTRO BBA GM BLAZER 2.2 IE 95 A 98;0,;35,85;
323005;PRE FILTRO BBA GM BLAZER V6 4.3L;0,;55,95;
323003;PRE FILTRO BBA GM MONZA 90/... KADETT 92/... OMEGA;0,;43,34;
323007;PRE FILTRO BBA GM S10 BLAZER V6 4 3L;0,;36,81;
353001;PRE FILTRO BBA RENAULT CLIO FASE II 00/... TODOS;0,;41,49;
333001;PRE FILTRO BBA SISTEMA BOSCH 0580453048 FORD ESCOR;0,;33,73;
323002;PRE FILTRO BBA SISTEMA BOSCH 0580453408 417 GM COR;0,;26,47;
323008;PRE FILTRO BBA SISTEMA BOSCH 0580453471 481 GM BLA;0,;41,81;
313003;PRE FILTRO BBA SISTEMA BOSCH VW TODOS C BOMBA BOSC;0,;30,16;
323001;PRE FILTRO BBA SISTEMA MARWAL BOSCH GM CORSA 1.0 1;0,;29,61;
313004;PRE FILTRO BBA SISTEMA MARWAL VW FIAT FORD TODOS C;0,;29,39;
313002;PRE FILTRO BBA SISTEMA MARWAL VW LOGUS POINTER GOL;0,;50,88;
313001;PRE FILTRO BBA SISTEMA MARWAL VW SANTANA QUANTO FO;0,;55,26;
323006;PRE FILTRO BBA SISTEMA ROCHESTTER GM BLAZER S10 95;0,;33,21;
313006;PRE FILTRO BBA VW GOL FLEX FIAT PALIO;0,;74,69;
313005;PRE FILTRO BBA VW GOL PARATI SAVEIRO GAS;0,;60,21;
01010;PRIS M12 X 1,25 X 39 NISSAN DIANT;50,;4,42;
01004;PRIS M12 X 1,5 X 36 COROL TRAS;0,;4,42;
01006;PRIS M12 X 1,5 X 36 L300 TRAS;50,;3,92;
01003;PRIS M12 X 1,5 X 40 COROL DIANT;50,;3,62;
01005;PRIS M12 X 1,5 X 41 L300 DIANT;50,;3,72;
01002;PRIS M12 X 1,5 X 52,5 HILUX 4 X 4 DIANT;100,;4,60;
791069;PRISIONEIRO GM ONIX PRISMA;0,;10,00;
CX002SK;PROD CAIXA EMBALAGEM CHEVETTE 67.5X62X3;0,;9,59;
CX004SK;PROD CAIXA EMBALAGEM PASSAT 66X52.5X2.5;0,;7,88;
831149SK;PROD GAX SAIDA ESCAP FORD ESCORT ZETEC 1.8 MONDEO ;0,;13,83;
152180041;PROD JTA COL BOR ADM HYUNDAI KIA MOTOR-G6DB MPI 3.;0,;170,29;
1520194ML;PROD JTA COL ESCAP MITSUBISHI PAJERO IO 98/ TR4 FL;1,;147,54;COL-15_A.2
1342831;PROD JTA FORD TRANSIT RANGER MTR H9FA H9FB H9FD JX;0,;12,31;
311309;PROD JTA KIT 311003 311005 341011E;0,;0,20;
1600155;PROD JTA KIT TURBINA TOYOTA HILUX;3,;99,60;SAI_C.6
1110122PKR;PROD JTA MTR CABE BASPACK C RET AUDI A4 VW GOLF JE;0,;532,54;
1537583;PROD JTA RADIADOR BORR MWM SPRINTER 4.07 4.08 41.2;0,;0,32;
1537582;PROD JTA RADIADOR BORR MWM SPRINTER 4.07 4.08 60.0;0,;0,29;
152273;PROD JTA SAIDA ESCAP KIA PICANTO HYUNDAI ATOS MTR;0,;62,17;
39170101BN;PROD JTA TAMPA VALVULA MOTOCICLETA/ SUNDOWN MOTOR;0,;5,30;
15178304BN;PROD JTA TV BOR CHERY MOTOR - SQR371F 1.0 12V;0,;227,25;
15411413;PROD JTA(1.5MM) MTR EW10J4(RFN) EW10D(RLZ) 2.0 16;0,;38,29;
431131;PROD JUNTA KIT 441149;0,;9,11;
421243;PROD KIT INJE ELET RENAULT CLIO TWINGO 1.6 16V MTR;0,;0,62;
2113BNSK;PROD ORING ANEL NITRILICA 2113 13,91X2,62;0,;1,22;
2113VSK;PROD ORING ANEL VITON 2113 13,91X2,62;0,;1,54;
1230083SK;PROD RET HAST VAL MTR DURATORQ PUMA TDCI (22DDOP);0,;0,94;
;PRODUCAO JUNTA CARTER;0,;0,00;
15156802PK;PRODUTO 15156802PK;0,;225,45;
4161101;PROLONGADOR BICO INJETOR VW FOX BAH BJA BLH 03 SPA;0,;42,87;
416165;PROLONGADOR BICO INJETOR VW GOL SAVEIRO PARATI SAN;0,;38,43;
338.518;PTA LAT BI-ELAST FIESTA 02> (AMAZON) ECO SPORT G I;2,;71,92;
339.710;PTA LAT BI-ELAST RENAULT CLIO HATCH/SEDAN 2/4 PTAS;2,;61,27;
337.011;PTA LAT BRAS/VARI II/CHEVETTE/HATCH/CHEVY/147/SPAZ;2,;48,76;
339.279;PTA LAT MB 709/912/1214/1414/1714/1718 TDS ROLO 25;21,;20,81;
337.008;PTA MALA MULTI USO C/ABA 4,20 MTS;1,;72,86;
PV3850.80;PV3850.80;0,;174,44;
TR1502;RABICHO TR-513 / 514 FIAT MAREA / WEEKEND - 2.0 E;1,;41,19;
TR1506;RABICHO TR-523 FIAT PALIO / STRADA / SIENA - 1.8 8;0,;34,11;
TR1552;RABICHO TR-556 / 557 / 564 GM CELTA / CORSA CLASSI;-2,;10,38;
3612;RADIADOR DE AGUA, P/ PICK UP RANGER DIESEL;1,;1.664,43;
441633;REFIL DA FLAUTA DA INJECAO FIAT PALIO SIENA BRAVA;0,;89,58;
441649;REFIL DA FLAUTA DA INJECAO FIAT UNO SMART PALIO SI;0,;147,98;
1640011;REFRIGERACAO OLEO M BENS OM352 352A 1113 1313 1513;0,;23,55;
831;REP. CUPULA ALAV. CAMB. CORP. ALTO PALIO;0,;62,93;
11089;REPARO ALAV CAMBIO FIESTA KA ECOSPORT .../09;0,;411,70;
12483;REPARO EMBUCH VEDAÇÃO DA KOMBI;0,;73,85;
F4000;REPARO FIXADOR DA BARRA;0,;117,00;
3610;RESERVATORIO DE AGUA DO RADIADOR P/ PICK UP RANGER;1,;437,51;
193710072;RESFRIADOR OLEO (VEICULAR) CUMMINS 6C;0,;80,01;
191410044;RESFRIADOR OLEO CUMMINS 4B;0,;53,98;
193710044;RESFRIADOR OLEO CUMMINS 4B;0,;53,98;
1942084;RESFRIADOR OLEO CUMMINS ISB4;0,;83,57;
14530187;RET  SEMI ARV SAI TUL HOM LD LE HB20 1.6  TUCSON;10,;77,84;RET-5_B4
1151737;RET BBA INJ BOSCH 11,00 X 17,00 X 4,00;0,;27,63;
151733115;RET BBA VACUO TV BMW 320I 328I 420I 428I 528I X1 X;0,;139,84;
139009127;RET BENGALA GARFO DIANTEIRO YAMAHA XTZ 150 CROSSER;0,;45,05;
14975142;RET BOMBA INJETORA GM S10 D20 MAST TORO COMP RENEG;0,;19,54;
145301574;RET BOMBA OLEO CAMBIO AUTOMATICO HILUX SW4;0,;36,69;
119011020;RET BOMBA OLEO CUMMINS ISF 3.8 16V;0,;166,45;
1161677;RET BOMBA VACO MITSUBSHI L200 BB DAGUA MOTOR OM 31;0,;28,40;
1423101661;RET CAIXA TRANSFERENCIA EIXO ENTRADA GM S10 CABINE;0,;112,06;
14512155;RET CAIXA TRANSFERENCIA LATERAL DIREITO HILUX SW4;0,;149,44;
145313705;RET CAIXA TRANSFERENCIA MAIOR SAIDA CAMBIO 9 MARCH;0,;211,94;
1453137051;RET CAIXA TRANSFERENCIA MENOR SAIDA CAMBIO 9 MARCH;0,;290,02;
145106003;RET CAIXA TRANSFERENCIA NISSAN FRONTIER NAVARA PAT;2,;69,22;SEL-2_G.6
142310167;RET CAIXA TRANSFERENCIA SAÍDA CAMBIO AUTOMÁTICA 4X;0,;223,89;
145101541;RET CAM AUTOMATICO LD COROLLA 02/14 YARIS 18/23;7,;99,97;SEL-1_E.6
14510154;RET CAM AUTOMATICO LE COROLLA 02/14 YARIS 18/23;6,;200,57;RET-3_A.3
14580185;RET CAMBIO AUTOMATICO CONVERSOR DE TORQUE SLXA PX4;8,;42,45;SEL-2_A.7
14977262;RET CAMBIO CLARCK AGRALE FORD CARGO GMC INTERNATIO;0,;59,29;
1411053;RET CAMBIO HASTE DESLIZANTE TACÔMETRO PASSAT GOL V;3,;42,72;RET-2_A.4
1451060031;RET CAMBIO NISSAN FRONTIER NAVARA PATHFINDER MTR Y;2,;56,72;SEL-2_D.4.B
145101545;RET CAMBIO SAIDA AUTOMATICO COROLLA 14/...;10,;201,11;RET-4_A.6
145101572;RET CAMBIO SAIDA CAIXA DE TRANSMISSAO FLANGE HILUX;3,;33,39;RET-6_A.6
1431013;RET CAMBIO SAIDA FORD ESCORT CORCEL DEL REY VW GOL;0,;32,25;
145101551;RET CAMBIO SAIDA TRANSM SW4 05/10 41X59X1,20X18,80;5,;120,67;SEL-1_E.5
14320083;RET CAMBIO SAIDA TRASEIRA TRANSIT 2008/... RANGER;0,;142,07;
1451060032;RET CAMBIO TRANS NISSAN FRONTIER 07/...PATHIFINDER;0,;41,70;
1450121;RET CAMBIO TRASEIRO BESTA / TOPIC TODOS LISO IMPOR;0,;37,88;
1461806;RET CILINDRO FREIO MTR M BENS OM312 321;0,;505,06;
1150193;RET COM AUX ARV MAN DIANT FIAT DUCATO MULTIJET JTD;13,;53,99;RET-2_E.3
1150134;RET COM AUX ARV MAN DIANT PGT 206 307 POL TOYOTA C;20,;29,42;RET-2_J.5
1150008;RET COM AUX ASIA TOWNER KIA BESTA 32X48X7;0,;12,00;
1150021;RET COM AUX BBA INJ KIA BESTA ESPORTAGE 2.0 2.2 DI;0,;25,94;
1150140;RET COM AUX BBA OLEO FIAT DUCATO ASIA TOPIC KIA BE;5,;88,46;RET-2_I.5
1150311;RET COM AUX BBA OLEO HYUNDAI H100;30,;25,00;RET-2_H.9
1150364;RET COM AUX BBA OLEO TOYOTA HILUX 3.0 1KZTE;6,;61,81;RET-2_C.3
1150411;RET COM AUX BOMBA OLEO EIX BAL HYUNDAI H100;13,;20,63;RET-2_H.4
1150183;RET COM AUX CITROEN C4 C5 PICASSO PEUGEOT 307 807;3,;42,72;RET-2_G.1
1140157;RET COM AUX DE ADMISSAO MAIOR FIAT MAREA 1.8 16V 2;0,;67,62;
1150076;RET COM AUX F3R 742 768 769 796 991 996 997 998 2;0,;46,13;
1145246;RET COM AUX FIAT 1.3 16V 99/. POLIA PEUG CITR HOND;14,;21,38;RET-3_D.2
1142006;RET COM AUX FIAT 1050 1.3 1.5 1.6 1.8 2.0;6,;27,15;RET-3_C.6
1150040;RET COM AUX FIAT DUCATO POLIA FORD KA K+ NEW FIEST;11,;37,95;RET-2_E.1
1145202;RET COM AUX FIAT PALIO 1.6 16V;19,;42,85;RET-3_C.3
1145808;RET COM AUX FIAT PALIO PUNTO SIENA FIRE TETRA FUEL;25,;38,86;RET-3_C.2
1130149;RET COM AUX FORD ESCORT MONDEO ZETEC 1.8 2.0 16V;6,;61,37;RET-3_E.6
1130043;RET COM AUX FORD FIESTA COURIER ZETEC 1.4 16V ZETE;10,;54,10;RET-3_E.4
1130084;RET COM AUX FORD NEW FIESTA ECOSPORT 13/. FOCUS 07;10,;56,36;RET-3_F.4
1130189;RET COM AUX FORD RANGER FULL BR INTERCOOLER TROLLE;0,;82,98;
1122178;RET COM AUX GM MONZA 1.6 1.8 2.0 82/... KADETT VEC;9,;28,12;RET-3_H.5
1150009;RET COM AUX GM S10 BLAZER M BENS SPRINTER LANDER R;7,;47,00;RET-2_J.8
1150227;RET COM AUX HONDA ACCORD 2 3 16VAL VTEC F23A3 F23A;0,;62,64;
1150159;RET COM AUX HONDA ACCORD VEC SOHC F18B2 F18B3 F22B;0,;34,91;
1150112;RET COM AUX HONDA CIVIC D15Z3 8 D16Z6 7 9 D16Y2 5;11,;36,60;RET-2_J.7
115008007;RET COM AUX HYUNDAI COUPE SANTA FE SONATA TIBURON;0,;75,31;
1150011;RET COM AUX HYUNDAI H100 L200 L300;0,;56,43;
11200166;RET COM AUX MTR CTDI LTZ 2.8 4CIL 16V DIESEL GM S1;3,;27,60;RET-3_H.2
1150100;RET COM AUX PEUG 405 406 XU5JP 1.6 XU7JP 1.8 8V EW;6,;45,48;RET-2_I.3
1150196;RET COM AUX POLIA MITSUBISHI PAJERO TD TRITON 3.2;11,;65,90;RET-2_C.2
1151535;RET COM AUX RENALT TRAFIC POLIA VW UP GOL MSI 1.6;8,;64,12;RET-2_C.8
1150087;RET COM AUX RENAULT CLIO SANDERO 1.0 D4D D4F HIFLE;9,;27,09;RET-2_H.5
1150376;RET COM AUX RENAULT F3R 750 2.0 8V;4,;48,12;RET-2_B.4
1152108;RET COM AUX RENAULT LAGUNA MEGANE SCENIC F4P 1.8 1;11,;17,58;RET-2_F.1
1154108;RET COM AUX RENAULT LAGUNA MEGANE SCENIC F4P 1.8 1;3,;36,73;RET-2_H.7
1150118;RET COM AUX RENAULT MEGANE SCENIC LAGUNA K4M 1.6 2;8,;18,93;RET-2_G.2
1150104;RET COM AUX SUZUKI G10A G10B  G13BA G13K TOY HILUX;3,;39,97;RET-2_D.4
1151106;RET COM AUX TOYOTA COROLLA 1.6 16V 4AFE 7AFE 1.8 1;2,;40,94;RET-2_I.2
1150050;RET COM AUX TOYOTA HILUX 2L 3L 5L 2.5 2.8 3.0 1KZT;6,;19,69;RET-2_I.7
1145093;RET COM AUX VIR DT POLIA FIAT TEMPRA MAREA 1.8 16V;7,;22,56;RET-3_C.7
115009608;RET COM AUX VIR DT POLIA PEUGEOT EXPERT CITROEN JU;0,;47,18;
1112842;RET COM AUX VIR DT POLIA VW GOL SANTANA QUANTUM PA;0,;20,97;
1115269;RET COM AUX VW GOL POWER 1.0 16V;10,;33,45;RET-3_J.8
1115363;RET COM AUX VW GOL TURBO 1.0 16V;4,;25,77;RET-3_J.7
111001181;RET COM AUX VW UP FOX BLUEMOTION MTR 1.0 CHYA CHYB;2,;77,76;RET-3_I.2
11100118;RET COM TRAZ VW UP FOX BLUEMOTION MTR 1.0 CHYA CHY;4,;82,01;RET-3_J.4
1111942;RET COM/POLIA VW GOL SANTANA QUANTUM PARATI SAV;10,;16,64;RET-3_J.6
145510060;RET CONVERSOR TORQUE CAMBIO AUTOMATICO NISSAN SENT;0,;130,89;
145516027;RET CONVERSOR TORQUE CAMBIO NISSAN PATHFINDER TERR;0,;179,99;
145516005;RET CONVERSOR TORQUE CAMBIO NISSAN SENTRA TIIDA VE;0,;110,00;
14377552;RET CUBO RODA CARGO F100 F1000 F250 F75 F350 F2000;0,;37,15;
14510155;RET CUBO RODA DIANTEIRO INTERNO TOYOTA HILUX 05/..;2,;20,00;SEL-2_A.5
1457699;RET CUBO RODA EXTERNO KIA BESTA 2 7 BONGO CERES KI;0,;52,70;
1450023;RET CUBO RODA EXTERNO KIA BESTA GS 2.7 BONGO K2700;0,;38,58;
14570009;RET CUBO RODA FORD RANGER 97/...;0,;42,01;
1457695;RET CUBO RODA INTERNO KIA BESTA 2.7 BONGO CERES KI;0,;34,15;
145101571;RET CUBO RODA PINHAO DIANTEIRO TOYOTA HILUX 05/...;2,;20,00;SEL-2_A.3
14570070;RET CUBO RODA TRASEIRA(INTERNO) HYUNDAI HR H100;0,;19,62;
1457199;RET CX MUD EIXO SECUNDARIO DA TRANSMISSAO MWM SPRI;0,;123,08;
1450098;RET CX MUD PEUGEOT BOXER RENAULT MASTER TRAFIC FIA;0,;72,37;
146300281;RET CX MUD SAIDA DIFERENCIAL EIXO PILOTO (ANTIGO);0,;42,27;
14630028;RET CX MUD SAIDA DIFERENCIAL EIXO PILOTO (MODERNO);0,;30,76;
14602100;RET CX MUD SAIDA DIFERENCIAL PINHAO FLANGE TRASEIR;0,;30,93;
146302557;RET CX MUD SAIDA DIFERENCIAL PINHAO M BENS OM 904;0,;83,50;
1450176;RET CX MUD SAIDA DIFERENCIAL RENAULT MEG SCEN LAG;9,;67,69;RET-6_F.9
146303501;RET CX MUD SAIDA DIFERENCIAL TRAS MERCEDES C200 C-;0,;88,39;
13900414;RET DA BENGALA DO GARFO DIANTEIRO C100 BIZ DREAM 1;0,;16,89;
13907597;RET DA BENGALA DO GARFO DIANTEIRO HONDA/CBX 250/XL;0,;23,09;
13907651;RET DA BENGALA DO GARFO DIANTEIRO RDZ 125/RX125/TT;0,;19,31;
13907684;RET DA BENGALA DO GARFO HONDA - CBX 150 AERO CBX 2;0,;19,64;
14137451;RET DA CAIXA DE MUDANÇA - EIXO PILOTO - TRANSMISSÃ;0,;25,31;
14510106;RET DI SEMI ARV SAI TUL LE TOY COR 1.8 2.0 ETIOS M;11,;56,24;RET-6_F.6
119011004;RET DIANT CUMMINS 4B COMPLETO;0,;47,13;
1120036;RET DIANT CUMMINS 6C;0,;81,72;
119011008;RET DIANT CUMMINS ISB4;0,;67,00;
119011007;RET DIANT CUMMINS ISC6 8.3 24 6CIL 6C/CT/CTA/CTAA;0,;247,61;
1182871;RET DIANT MWM X10 X10T X10TCA EURO I II III VOLARE;0,;93,71;
14570196;RET DIF ARV SAIDA TULIPA SEMI EIXO CAMBIO DIFERENC;1,;30,04;RET-5_D.4
145500621;RET DIF CAM TUL ESQ HND CIV 1.6 1.7 1.8 2.0 AUT/MA;33,;57,00;RET-6_E.3
141801171;RET DIF CONVERSOR DE TORQUE VW VW AMAROK 2.0 LD DI;0,;141,01;
145101552;RET DIF DIANT LE HILUX 05/...;4,;213,47;RET-6_E.9
141301172;RET DIF EIXO TRASEIRO CARDAN  AMAROK;2,;200,82;RET-7_C.7
141301171;RET DIF EIXO TRASEIRO CARDAN AMAROK;2,;151,90;SEL-2_H.5
145301579;RET DIF MANCAL CARDAN HILUX 16/..;0,;35,95;
145301578;RET DIF MANCAL DIANTEIRO TRANSMISSÃO HILUX 15/...L;0,;27,42;
142201641;RET DIF SAID LD AUTOM GM ONI CRUZ TRAC 1.0 1.4 1.8;0,;141,78;RET-3_B.7
14220164;RET DIF SAID LE TUL DIANT AUTO GM ONI PRI 1.0 1.4;5,;111,76;RET-5_D.2
145101095;RET DIF SAIDA EIXO DIREITO RENAULT DUSTER 2015/...;8,;212,57;RET-3_B.6
145101543;RET DIF SAIDA LD TOYOTA COROLLA 10/14;22,;182,42;RET-6_F.1
145101542;RET DIF SAIDA LE TOYOTA COROLLA 10/14 ETIOS AUTOMA;0,;185,17;RET-6_E.4
145101061;RET DIF SEMI A TUL LD TOY COROLLA- LE ETIOS MANUAL;7,;58,05;RET-6_E.2
145301577;RET DIF SEMI ARV DIANTEIRO DIREITO HILUX 13...;2,;158,04;RET-7_D.3
145301576;RET DIF SEMI ARV DIANTEIRO ESQUERDO HILUX 13...;1,;156,70;DIV-3_A.7
145301575;RET DIF SEMI ARV DIFERENCIAL TRASEIRO COM BLOQUEIO;0,;106,31;
145500623;RET DIF SEMI ARV DIR CAM TUL AUTOMATICO HDA CIV FI;6,;74,98;RET-3_A.2
142301661;RET DIF SEMI ARV PINHÃO DIFERENCIAL DIANTEIRO S10;4,;94,34;RET-5_B.6
145300070;RET DIF SEMI ARV PINHAO DIFERENCIAL L200 4X4 96/..;0,;18,00;
145300058;RET DIF SEMI ARV PINHAO DIFERENCIAL S10 ATÉ 2012;0,;140,00;
145500624;RET DIF SEMI ARV SAI LD CAM COROA TULIPA MAN/ALT;32,;75,38;RET-3_E.7
1451060051;RET DIF SEMI ARV SAI LE RENAULT DUS SAN OROC 1.6;4,;97,95;RET-4_A.5
1455506;RET DIF SEMI ARV SAI MAIOR LAT ESQ PGT CT 1.4/5/6/;29,;21,90;RET-6_F.8
14480089;RET DIF SEMI ARV SAI PIN CONVER TOR 1.3 1.6 1.8 FL;2,;96,05;SEL-2_B.8
145105013;RET DIF SEMI ARV SAI TUL CONV TORQ TOY COR 2.0 FIA;3,;123,43;RET-7_A.5
1442007BAGP;RET DIF SEMI ARV SAIDA BUCHA FIAT 147 ELBA 76 A 81;0,;12,24;
14510054;RET DIF SEMI ARV SAIDA CAIXA REDUCAO L200 TRITON P;0,;36,00;
141301178;RET DIF SEMI ARV SAIDA CAMBIO TULIPA CAMBIO AMAROK;0,;128,23;
14550042;RET DIF SEMI ARV SAIDA CAMBIO TULIPA EIXO PILOTO I;0,;65,48;
1455519;RET DIF SEMI ARV SAIDA DAILY IVECO;3,;164,69;SEL-1_C.5
14530050;RET DIF SEMI ARV SAIDA DIANT LATERAL TULIPA SEMI E;0,;46,41;
144200941;RET DIF SEMI ARV SAIDA DIANT LD TULIPA AUT 1.8 2.0;1,;99,94;RET-5_D.5
14420094;RET DIF SEMI ARV SAIDA DIANT LE TULIPA AUT 1.8 2.0;0,;251,70;SEL-2_F.1
143700752;RET DIF SEMI ARV SAIDA DIANT TULIPA SEMI EIXO CAMB;0,;123,84;
143300811;RET DIF SEMI ARV SAIDA DIANT TULIPA TRANSMISSÃO FI;4,;109,51;SEL-2_G.1
14330079;RET DIF SEMI ARV SAIDA DIFERENCIAL EIXO DIANTEIRO;0,;97,77;
143300791;RET DIF SEMI ARV SAIDA DIFERENCIAL EIXO DIANTEIRO;2,;101,18;RET-7_C.5
145308601;RET DIF SEMI ARV SAIDA DIFERENCIAL LD LE KWID;6,;49,59;RET-5_D.6
1450240;RET DIF SEMI ARV SAIDA DIR FIAT DUCATO 06/... MULT;48,;22,93;SEL-2_H.1
1450040;RET DIF SEMI ARV SAIDA ESQ FIAT DUCATO 2006/ MULTI;52,;32,06;SEL-2_H.6
1432201;RET DIF SEMI ARV SAIDA EXCETO FORD F1000;0,;45,95;
1442007BAG;RET DIF SEMI ARV SAIDA FIAT 147 ELBA 76 A 81 PANOR;0,;16,62;
1442467;RET DIF SEMI ARV SAIDA FIAT UNO ELBA PREMIO;0,;30,70;
1431765;RET DIF SEMI ARV SAIDA FORD CORCEL I II CHT PAMPA;0,;24,13;
1417459;RET DIF SEMI ARV SAIDA FORD ESCORT VERONA 92/... V;0,;76,23;
1422370;RET DIF SEMI ARV SAIDA GM CEL COR MON SPI ZAF;37,;20,68;RET-6_D.6
1422374;RET DIF SEMI ARV SAIDA GM MONZA KADET VECTRA 1.6 1;5,;43,76;RET-5_A.4
1457299;RET DIF SEMI ARV SAIDA GM S10 MWM SPRINTER 4.3L;0,;85,85;
14530062;RET DIF SEMI ARV SAIDA HONDA ACCORD CIVIC 1.6 16V;2,;39,32;RET-4_A.3
1455507;RET DIF SEMI ARV SAIDA LAT DIR MEN PGT CT 1.4/5/6/;1,;21,90;RET-6_E.7
14130116;RET DIF SEMI ARV SAIDA LD CAMBIO TULIPA EIXO AUDI;0,;73,19;
149307365;RET DIF SEMI ARV SAIDA LD CAMBIO TULIPA EIXO CAIXA;0,;46,56;
1447139;RET DIF SEMI ARV SAIDA LD FIAT 147 BRAVA BRAVO DOB;4,;40,51;RET-3_B.3
14137452;RET DIF SEMI ARV SAIDA LD TULIPA VW FOX CAMBIO MQ2;2,;21,60;DIV-3_A.6
145500169;RET DIF SEMI ARV SAIDA LE CAMBIO TULIPA MANUAL EIX;0,;128,34;
1447138;RET DIF SEMI ARV SAIDA LE FIAT 147 BRAVA BRAVO DOB;7,;50,91;SEL-1_D.3
14330073;RET DIF SEMI ARV SAIDA LE LD FORD ECOSPORT FUSION;0,;140,00;
145300179;RET DIF SEMI ARV SAIDA LE NISSAN KICKS VERSA MARCH;0,;34,00;
14137453;RET DIF SEMI ARV SAIDA LE TULIPA VW FOX CAMBIO MQ2;3,;51,57;SEL-1_E.8
1160500;RET DIF SEMI ARV SAIDA M BENS 1214 1218 1313 1314;0,;135,47;
1160047;RET DIF SEMI ARV SAIDA M BENS OM352 355 366;0,;103,92;
1450106803;RET DIF SEMI ARV SAIDA PILOTO SUZUKI GRAN VITARA J;1,;69,23;SAI-B.8
14280164;RET DIF SEMI ARV SAIDA PINHAO CONVERSOR TORQUE ONI;0,;109,24;RET-6_A.4
143710075;RET DIF SEMI ARV SAIDA PINHAO DIANTEIRO TROLLER T4;0,;57,12;
145010018;RET DIF SEMI ARV SAIDA PINHAO EFFA;0,;43,12;
14732686;RET DIF SEMI ARV SAIDA PINHAO FORD CARGO FTO 6,6 6;0,;75,57;
14370089;RET DIF SEMI ARV SAIDA PINHAO FORD RANGER 97/07 08;0,;79,32;
1421851;RET DIF SEMI ARV SAIDA PINHAO GM CHEVETTE 74/... 4;0,;16,92;
1455513;RET DIF SEMI ARV SAIDA PINHAO M BENS SPRINTER ROVE;0,;198,71;
145715012;RET DIF SEMI ARV SAIDA PINHAO TOYOTA HILUX 2.8 16V;0,;31,00;
1430059;RET DIF SEMI ARV SAIDA PINHAO TOYOTA HILUX 2.8 3.0;2,;21,00;RET-7_A.9
1451710;RET DIF SEMI ARV SAIDA PINHAO TOYOTA HILUX BANDEIR;0,;16,00;
1451060034;RET DIF SEMI ARV SAIDA PINHAO TRASEIRO FRONTIER SE;4,;206,71;RET-6_A.3
14171117;RET DIF SEMI ARV SAIDA PINHAO VW AMAROK TDS GM S10;0,;86,00;
1450076;RET DIF SEMI ARV SAIDA RENAULT CLIO SCENIC R11 R19;2,;144,31;RET-6_E.1
1463000301;RET DIF SEMI ARV SAIDA TRAS CAMBIO MERCEDES SPRINT;0,;107,99;
145301552;RET DIF SEMI ARV SAIDA TULIP DIANT LD TOYOTA HILUX;9,;20,00;RET-5_I.4
14530194;RET DIF SEMI ARV SAIDA TULIPA AUTOMATICO L200 TRIT;2,;25,23;RET-4_A.7
14350083;RET DIF SEMI ARV SAIDA TULIPA AUTOMATICO SEMI EIXO;0,;59,76;
14130117;RET DIF SEMI ARV SAIDA TULIPA CAMBIO AMAROK;0,;181,80;
144300951;RET DIF SEMI ARV SAIDA TULIPA CAMBIO LD FIAT 500 1;6,;99,87;RET-5_B.3
1456150131;RET DIF SEMI ARV SAIDA TULIPA DIANT LD ETIOS AUTOM;5,;40,44;RET-7_A.2
145615013;RET DIF SEMI ARV SAIDA TULIPA DIANT LE ETIOS AUTOM;5,;30,78;SEL-2_E.3
145101553;RET DIF SEMI ARV SAIDA TULIPA DIANT LE TOYOTA HILU;10,;51,96;SEL-1_E.7
149301004;RET DIF SEMI ARV SAIDA TULIPA LATERALTRANSMISSAO D;0,;47,12;
14430094;RET DIF SEMI ARV SAIDA TULIPA LD TRAZEIRO 4X4 FIAT;2,;134,04;RET-7_A.8
145306207;RET DIF SEMI ARV SAIDA TULIPA LE AUTOMATICO HONDA ;0,;176,79;
145305001;RET DIF SEMI ARV SAIDA TULIPA LE CAMBIO TOYOTA RAV;0,;150,00;
145305411;RET DIF SEMI ARV SAIDA TULIPA LE LD MITSUBISHI ASX;0,;166,14;
141300118;RET DIF SEMI ARV SAIDA TULIPA LE LD VW BORA GOL VO;3,;97,77;RET-7_D.4
144300941;RET DIF SEMI ARV SAIDA TULIPA LE TRASEIRO 4X4 FIAT;4,;108,87;RET-7_B.4
145305415;RET DIF SEMI ARV SAIDA TULIPA SAIDA DIFERENCIAL MI;4,;19,17;SEL-2_H.4
14530186;RET DIF SEMI ARV SAIDA TULIPA SEMI EIXO CAM LD-LE;36,;46,97;RET-3_A.1
145301945;RET DIF SEMI ARV SAIDA TULIPA TRANSMISSAO CAIXA RE;4,;34,49;RET-6_A.7
14530064;RET DIF SEMI ARV SAIDA TULIPA TRANSMISSAO CAIXA TR;0,;33,15;
145301573;RET DIF SEMI ARV SAIDA TULIPA TRANSMISSAO CAIXA TR;0,;43,00;
14330083;RET DIF SEMI ARV SAIDA TULIPA TRASE LATERALTRANSMI;0,;113,59;
143300861;RET DIF SEMI ARV SAIDA TULIPA TRASE LATERALTRANSMI;0,;36,00;
1432741;RET DIF SEMI ARV SAIDA VW GOLF PASSAT IMPORTADO LO;4,;29,39;RET-6_C.3
1412068;RET DIF SEMI ARV SAIDA VW KOMBI 1600 KOMBI CLIPPER;0,;28,26;
1421834;RET DIF SEMI ARV SECUNDARIA GM CHEVETTE MARAJO GUR;0,;64,59;
142301663;RET DIF SEMI SAIDA DIANTEIRA CAIXA TRANSFERÃŠNCIA;2,;133,39;RET-6_A.5
142300157;RET DIF SEMI SAIDA DIANTEIRA CAIXA TRANSFERÊNCIA S;0,;36,00;
14208322;RET DIF SEMI SAIDA PINHÃO DANA RANGER HS S10 TROLL;0,;74,71;
1550062;RET DIST HONDA D15Y D16Z EIXO DE ACIONAMENTO;2,;56,08;SEL-1_C.4
1151191;RET DISTRIBUI FORD MAX FALCON F 100 F 1000 FAIRLAN;0,;57,82;
13900512;RET DO PEDAL DO CAMBIO HONDA/CBX  750 HONDA CBX 25;0,;7,47;
13900114;RET DO PINHAO CBX/NX/XR 200CC CBX/CG/TITAN/NX 150C;0,;18,58;
115018101;RET DO VIRABREQUIM DIANTEIRO MOTOR 132.910  1.0  1;0,;177,00;
1155548;RET EIXO ALTERNADOR MR SPRINTER;0,;72,20;
111030116;RET EIXO BALANSEIRO VW FUSCA GOLF JETTA 04/2016/..;0,;68,00;
111030114;RET EIXO BALANSEIRO VW FUSCA GOLF JETTA PASSAT TIG;0,;88,98;
1150112VT;RET EIXO COM AUX 29X45X8 0,76MM HONDA CIVIC D15Z3;0,;23,23;
149700188;RET EIXO CUBO RODA DIANTEIRO F1000 F250 RANGER CAR;0,;35,14;
1497000188;RET EIXO CUBO RODA DIANTEIRO F1000 F250 RANGER CAR;0,;31,45;
143700751;RET EIXO CUBO RODA SEMI EIXO DIANTEIRO TROLLER T4;0,;65,27;
145700058;RET EIXO CUBO RODA TRASEIRO FRONTIER 02/07;0,;21,00;
1441805;RET EIXO DIAN RODA FIAT CAMINHAO;0,;142,05;
1431764;RET EIXO DIAN RODA FORD CORCEL 71 A 74;0,;12,27;
1430849;RET EIXO DIAN RODA FORD DODGE D100 69/... F100 57;0,;20,00;
1430181;RET EIXO DIAN RODA FORD DODGE D900 F600 11000 1300;0,;174,55;
1432392;RET EIXO DIAN RODA FORD ESCORT 83/... VERONA DEL R;0,;25,54;
1432442;RET EIXO DIAN RODA FORD ESCORT VERONA VERSAILLES V;0,;33,07;
1450272;RET EIXO DIAN RODA GM A10 A13 A20 A40 C10 C13 C20;0,;22,92;
1432262;RET EIXO DIAN RODA GM A10 C10 D10 A20 C20 D20 C14;0,;27,08;
1420474;RET EIXO DIAN RODA GM C60 D60 66 A 79 D70 D90 67/.;0,;107,01;
1421850;RET EIXO DIAN RODA GM CHEVETTE 73/...;10,;44,45;RET-6_C.6
1421899;RET EIXO DIAN RODA GM CHEVY 500 OPALA;0,;70,90;
1421918;RET EIXO DIAN RODA GM OPALA 05-75 A 92;0,;28,56;
1420171;RET EIXO DIAN RODA GM S10 BLAZER M BENS SPRINTER L;2,;84,00;RET-4_A.1
1451783;RET EIXO DIAN RODA HYUNDAI H100;0,;46,98;
1457700;RET EIXO DIAN RODA KIA BESTA 2.2 2.7 BONGO KIA TOP;0,;55,57;
1460598;RET EIXO DIAN RODA M BENS 120D 130D 140D 150D 170D;0,;39,61;
1461828;RET EIXO DIAN RODA M BENS OM314 L608D 708 709;0,;116,69;
1450007;RET EIXO DIAN RODA TOPIC BESTA;0,;32,59;
1412324;RET EIXO DIAN RODA VW SEDAN KOMBI 82/... DISCO MB;10,;62,93;RET-6_B.2
14601884;RET EIXO DIANT CUBO RODA FREIO AR EIXO MERCEDES BA;0,;78,63;
146701549;RET EIXO DIANT CUBO RODA FREIO AR EIXO V4 V7 DL7 V;0,;43,90;
146703682;RET EIXO DIANT CUBO RODA MERCEDES AXOR O500A O500M;0,;80,09;
1450440;RET EIXO DIANT RODA IMPORTADO FIAT DUCATO TODOS;0,;83,01;
1410979;RET EIXO DIANT RODA INTERNO VW SEDAN BR A DISCO VA;0,;21,33;
1411109;RET EIXO DIANT RODA VW 74 RODA C 5 FUROS;0,;19,48;
1411711;RET EIXO DIANT RODA VW KOMBI 1500 1600 76/...;0,;22,28;
1411095JG;RET EIXO DIANT RODA VW KOMBI 50 A 74 SEDAN VARIANT;3,;32,92;RET-7_B.8
1410904;RET EIXO DIANT RODA VW SEDAN 1300 1500 1600 BR VAR;0,;16,61;
14630029;RET EIXO FLANGE TRASEIRA TRANSMISSAO SPRINTER B10;0,;84,98;
1452365;RET EIXO LATERAL CAMBIO RENAULT MASTER MTR 2.3 16V;5,;95,65;RET-6_F.3
1452364;RET EIXO LATERAL SEMI EIXO TULIPA LD COROA REN FLU;4,;95,65;RET-6_F.7
1152310;RET EIXO PEDAL DE PARTIDA BIZ 125CG 125 TITAN/CARG;0,;28,80;
13900510;RET EIXO PEDAL PART HONDA CG125CC TUR;0,;9,33;
1452594;RET EIXO PILOTO ASIA TOWNER EIXO BALANCEIRO H100;0,;40,80;
1432740;RET EIXO PILOTO AUDI A3 VW APOLLO POINTER POLO LOG;0,;94,75;
145508014;RET EIXO PILOTO AUTOMATICO HYUNDAI TUCSON I30 SANT;4,;91,83;RET-7_C.2
145510109;RET EIXO PILOTO AUTOMATICO RENAULT DUSTER LOGAN SA;0,;110,00;
14350086;RET EIXO PILOTO CAMBIO CAIXA TRANSFERENCIA SAIDA D;0,;48,00;
145100194;RET EIXO PILOTO CAMBIO TULIPA PRIMARIO L200 PAJERO;0,;16,64;
1450508;RET EIXO PILOTO EIXO BALACEIRO H100;0,;9,68;
1442009;RET EIXO PILOTO FIAT 147 UNO PANORAMA OGGI FIORINO;4,;30,43;RET-5_A.2
1447309;RET EIXO PILOTO FIAT PALIO TODOS ETORQ;53,;18,66;RET-6_D.5
1432418;RET EIXO PILOTO FORD ESCORT;2,;48,77;RET-3_I.6
1437351;RET EIXO PILOTO FORD KA FOCUS ZETEC 1.8 FIESTA COU;0,;27,61;RET-6_C.5
1421833;RET EIXO PILOTO GM CHEVETTE 74 4 MARCHAS CLARK;0,;38,22;
1432371;RET EIXO PILOTO GM CORSA;0,;18,16;
1422371;RET EIXO PILOTO GM CORSA CELTA MERIVA;5,;29,80;SEL-1_D.2
1422837;RET EIXO PILOTO GM KADET MONZA VECTRA;0,;23,33;
1422372;RET EIXO PILOTO GM MONZA KADETT 82;0,;72,22;
142500166;RET EIXO PILOTO GM S10 TRAILBLAZER MTR DURAMAX CTD;0,;235,17;
14550177;RET EIXO PILOTO HYUNDAI TUCSON HB20 SONATA ELANTRA;5,;70,44;RET-5_A.5
145505013;RET EIXO PILOTO MANUAL ETIOS 2016/... COROLLA 2008;4,;67,01;RET-7_A.4
145508601;RET EIXO PILOTO MANUAL KWID SANDERO 3 CIL;0,;16,19;
146500030;RET EIXO PILOTO MERCEDES SPRINTER 314 315 416 117 ;0,;80,41;
1470734;RET EIXO PILOTO PERKINS TRATOR 4203 8BR MF 50 55 6;0,;44,36;
1457696;RET EIXO PILOTO PINHAO KIA BESTA ANTIGA DIREITA ES;0,;44,89;
1431837;RET EIXO PILOTO RENAULT KWID FORD CORCEL II;0,;38,15;
145100175;RET EIXO PILOTO RENAULT MASTER II III FLUENCE DUST;6,;90,27;RET-5_D.7
1410224AZ;RET EIXO PILOTO S ABA AZUL VW BRASILIA FUSCA KOMBI;0,;34,35;
1410224;RET EIXO PILOTO VW KOMBI GOL BR VARIANT II 1300 15;13,;14,13;RET-05_A.1
1412075;RET EIXO PILOTO VW SANTANA QUANTUM GOL SAVEIRO VOY;4,;18,63;RET-2_A.7
14510177;RET EIXO SAIDA CAIXA TUCSON ESQUERDO IX35 SONATA C;2,;202,89;SEL-2_B.7
145101771;RET EIXO SAIDA CAIXA TULIPA CAMBIO DIREITO TUCSON;3,;149,69;RET-4_A.8
146707319;RET EIXO TRAS CUBO RODA ALTA TEMPERATURA MERCEDES;0,;160,05;
146702941;RET EIXO TRAS CUBO RODA BAIXA TEMPERATURA GAX MERC;0,;79,25;
1437425;RET EIXO TRAS CUBO RODA DIANT F75 F250 F350 F600 F;0,;27,38;
14777552;RET EIXO TRAS CUBO RODA FORD CARGO FTO 6,6 6CT 6T;0,;76,99;
14672941;RET EIXO TRAS CUBO RODA GAX M BENS OM449 OM352 352;0,;70,95;
145701552;RET EIXO TRAS CUBO RODA HILUX 09/...;0,;30,02;RET-5_B.7
142701661;RET EIXO TRAS CUBO RODA S10 12/...;4,;64,66;SEL-2_A.4
14370075;RET EIXO TRAS CUBO RODA TRASEIRA RANGER 97/...;0,;62,33;
14972713;RET EIXO TRAS CUBO RODA VEDACAO GRAXA EIXO MERITOR;0,;159,84;
1411988BRGE;RET EIXO TRAS RODA C ABA VW PASSAT GOL PARATI VOYA;2,;25,85;RET-2_A.3
1460269;RET EIXO TRAS RODA CUBO M BENS LO 610 708 709 712;0,;43,71;
1450050;RET EIXO TRAS RODA EXTERNO LISO IMPORTADO TOYOTA H;5,;63,10;RET-6_F.5
1442033;RET EIXO TRAS RODA FIAT CAMINHAO 120 130 BASEIXO 8;0,;219,34;RET-1_E.4
1442321;RET EIXO TRAS RODA FIAT TODOS 82/;0,;33,47;
1431832;RET EIXO TRAS RODA FORD CORCEL I II 72 A 83 PAMPA;0,;24,22;
1431923;RET EIXO TRAS RODA FORD DODGE D400 FIAT CAMINHAO 7;0,;25,00;
1432972;RET EIXO TRAS RODA FORD ESCORT VERONA VW APOLLO LO;0,;53,20;
1431880;RET EIXO TRAS RODA FORD F8000 F8500 F100 F1000 F11;0,;138,49;
1421100;RET EIXO TRAS RODA GM A C D10 14 20 VERANEIO;0,;27,46;
1421849;RET EIXO TRAS RODA GM CHEVETTE 73/...;0,;23,55;
1422212;RET EIXO TRAS RODA GM KADETT MONZA 82/... CORSA;0,;17,94;
1421004;RET EIXO TRAS RODA GM OPALA 69 A 92;0,;53,23;
1450207;RET EIXO TRAS RODA INT TOPIC BESTA 35X55X8;0,;35,73;
1451905;RET EIXO TRAS RODA INTERNO HYUNDAI H100;0,;55,33;
1450150;RET EIXO TRAS RODA INTERNO TOYOTA HILUX;0,;31,24;RET-6_D.1
145705012;RET EIXO TRAS RODA INTERNO TOYOTA HILUX CD;0,;21,00;
1460599;RET EIXO TRAS RODA M BENS 120D 130D 140D 150D 170D;0,;46,04;
1461829;RET EIXO TRAS RODA M BENS OM314 L608D 708 709;0,;154,39;
1460516;RET EIXO TRAS RODA M BENS OM321 ATE 64 OM352;0,;121,62;
1462693;RET EIXO TRAS RODA MB SPRINTER;4,;20,00;RET-6_D.4
1460750;RET EIXO TRAS RODA MB SPRINTER TDS 00/02 60X73X10,;0,;68,43;RET-6_D.3
1457689;RET EIXO TRAS RODA TOYOTA BANDEIRANTE;0,;29,81;
1411095;RET EIXO TRAS RODA VW;10,;11,32;RET-6_B.7
1412139;RET EIXO TRAS RODA VW KOMBI 78/...;5,;19,48;RET-2_A.6
1411988BRGN;RET EIXO TRAS RODA VW PASSAT GOL PARATI VOYAGE SAV;0,;5,94;
1421119;RET EIXO TRASEIRO PINHAO GM A 10 / C 10 / D 10 70/;0,;35,21;
1130245;RET FLANGE TRAS (VOLANTE) FORD FIESTA KA ZETEC ROC;0,;281,86;RET-1_D.1
1150250;RET GIR TRAS HILUX;0,;71,90;
1150063;RET GIRAB DIANT NISSAN FRONTIER PARTHIFINDER 2.5 1;0,;0,00;
115013407;RET GIRABREQUIM DIANT JEEP CHEROKEE 3.7 V6 4.7 V8;0,;86,48;
1150209;RET GUARDA PO TAMP DIST HS BLAZER RANGER SPRINTER;0,;29,02;
1422495;RET HST ACIONA TRANS VW APOLLO FORD ESCORT VERONA;0,;38,44;
1453134;RET HST SELETORA PEUGEOT 106 205 206 306 307 405 P;5,;22,70;RET-6_E.8
1411929;RET HST TRAMBU AGRALE VW SANTANA QUANTUM PASSAT 74;10,;16,03;SEL-2_C.1
1442008;RET HST TRAMBU FIAT 147 PREMIO ELBA PANORAMA UNO F;0,;104,03;
1431074;RET HST TRAMBU FORD CORCEL I II 69 A 83 DEL REY;0,;37,55;
1437457;RET HST TRAMBU FORD ESCORT 92 VERONA VW APOLLO 90/;0,;18,82;
1432420;RET HST TRAMBU FORD ESCORT TODOS COURIER FIESTA KA;13,;89,64;RET-6_B.6
14340081;RET HST TRAMBU FORD NEW FIESTA KA 1.5 13/... ECOSP;0,;51,04;SEL-2_C.5
1422373;RET HST TRAMBU GM MONZA CORSA ASTRA VECTRA;7,;42,72;RET-6_D.8
98WZ7288AA;RET HST TRAMBU ORIGINAL FORD 98WZ/7288/AA;0,;93,24;FOR-1_D.1
1450072;RET HST TRAMBU RENAULT CLIO R9 R11 R19 R21 C1C C1J;2,;72,22;RET-3_A.9
14540194;RET HST TRAMBU SELETORA CAMBIO EIXO ACIONAMENTO MI;0,;23,69;
14540062;RET HST TRAMBU SELETORA CAMBIO HONDA CIVIC MANUAL;5,;28,20;SEL-2_H.3
1412319;RET HST TRAMBU VW KOMBI SEDAN GOL;0,;34,85;
1410344;RET HST TRAMBU VW SEDAN 1300 L 1500 1600 GOL BRASI;0,;27,46;
1230073;RET HST VAL (16 PCS) FORD ECOSPORT FOCUS RANGER MO;48,;10,41;RET-6_H.8
1250146;RET HST VAL ADM 4.5MM TOYOTA COROLLA VVTI FILDER V;88,;5,81;RET-6_I.3
1230045;RET HST VAL ADM ESC FORD FIESTA JIMBEI TOP GM S10;104,;8,68;RET-6_J.2
1250155;RET HST VAL ADM ESC TOY HILUX 2KD TURBO HYU TUCSON;16,;5,47;RET-6_L.6
1230159;RET HST VAL ADM ESCAP 7.00MM FORD RANGER SOHC GAS;0,;7,65;
1230059;RET HST VAL ADM ESCAP 9.00MM FORD RANGER SOHC 2.3;0,;24,45;
1250007;RET HST VAL ADM ESCAP ASIA TOPIC 2.7 MAZDA 3.0 KIA;0,;12,99;
1250008;RET HST VAL ADM ESCAP ASIA TOWNER 3CIL;30,;7,65;RET-3_B.5
125003301;RET HST VAL ADM ESCAP BMW 116I 316I 1.6 16V 2006/2;0,;8,89;
1272513BN;RET HST VAL ADM ESCAP COPINHO FORD CARGO 1415 1416;0,;3,09;
1220061;RET HST VAL ADM ESCAP COPINHO GM C10 CHEVROLET BRA;0,;2,12;
1260004;RET HST VAL ADM ESCAP COPINHO GUIA 17.00MM M BENS;0,;4,86;
1270030;RET HST VAL ADM ESCAP COPINHO PERKINS 6357 5.9 12V;0,;9,06;
1272663NF;RET HST VAL ADM ESCAP COPINHO PERKINS Q20B 4236 63;0,;3,50;
129001019;RET HST VAL ADM ESCAP CUMMINS FORD F350 F4000 SERI;0,;10,59;
1250018;RET HST VAL ADM ESCAP EFFA TOWNER SUZUKI SJ410 JIM;56,;8,32;RET-3_B.8
1213044P11;RET HST VAL ADM ESCAP EMB 1100 PCS VW GOL 1.0 MI 8;0,;1,99;
1219203P13;RET HST VAL ADM ESCAP EMB 1300 PCS VW GOL 1.0 GM V;0,;2,49;
1250173P16;RET HST VAL ADM ESCAP EMB 1600 PCS RENAULT CLIO KA;0,;4,75;
1240079P18;RET HST VAL ADM ESCAP EMB 1800 PCS FIAT PALIO SIEN;0,;3,53;
1230049P02;RET HST VAL ADM ESCAP EMB 200 PCS FORD ESCORT MOND;0,;7,72;
1230045P02;RET HST VAL ADM ESCAP EMB 200 PCS FORD ZETEC ROCAM;0,;7,83;
125008001P02;RET HST VAL ADM ESCAP EMB 200 PCS HYUNDAI IX35 201;0,;11,18;
1250086P02;RET HST VAL ADM ESCAP EMB 200 PCS RENAULT CLIO D7D;0,;6,54;
1250108P02;RET HST VAL ADM ESCAP EMB 200 PCS RENAULT MEGANE S;0,;7,45;
12100118P02;RET HST VAL ADM ESCAP EMB 200 VW UP CROSS UP FOX V;0,;7,47;
1250193P03;RET HST VAL ADM ESCAP EMB 300 PCS FIAT DUCATO MULT;0,;7,07;
1240079P03;RET HST VAL ADM ESCAP EMB 300 PCS FIAT PALIO SIENA;0,;3,56;
1230043P03;RET HST VAL ADM ESCAP EMB 300 PCS FORD FIESTA KA C;0,;7,20;
1222509P03;RET HST VAL ADM ESCAP EMB 300 PCS GM CORSA VECTRA;0,;2,78;
1222396P03;RET HST VAL ADM ESCAP EMB 300 PCS GM MONZA ALC GAS;0,;4,15;
1250098P03;RET HST VAL ADM ESCAP EMB 300 PCS PEUGEOT 306 406;0,;6,34;
1250173P03;RET HST VAL ADM ESCAP EMB 300 PCS RENAULT CLIO KAN;0,;5,13;
1250087P03;RET HST VAL ADM ESCAP EMB 300 PCS RENAULT CLIO PEU;0,;7,20;
125008601P03;RET HST VAL ADM ESCAP EMB 300 PCS RENAULT LOGAN SA;0,;8,21;
1212544P03;RET HST VAL ADM ESCAP EMB 300 PCS VW 1.5 1.6 2.0 F;0,;2,22;
1219203P03;RET HST VAL ADM ESCAP EMB 300 PCS VW GOL 1.0 GM VE;0,;2,55;
1213044P03;RET HST VAL ADM ESCAP EMB 300 PCS VW GOL 1.0 MI 8V;0,;2,03;
1222509P04;RET HST VAL ADM ESCAP EMB 400 PCS GM CORSA  VECTRA;0,;2,78;
1250086P04;RET HST VAL ADM ESCAP EMB 400 PCS RENAULT CLIO D7D;0,;6,36;
1212544P04;RET HST VAL ADM ESCAP EMB 400 PCS VW 1.5 1.6 2.0 F;0,;2,21;
1230049P05;RET HST VAL ADM ESCAP EMB 500 PCS FORD ESCORT MOND;0,;7,28;
1230045P05;RET HST VAL ADM ESCAP EMB 500 PCS FORD ZETEC ROCAM;0,;6,93;
125008001P05;RET HST VAL ADM ESCAP EMB 500 PCS HYUNDAI IX35 201;0,;10,55;
1250108P05;RET HST VAL ADM ESCAP EMB 500 PCS RENAULT MEGANE S;0,;7,28;
1213044P05;RET HST VAL ADM ESCAP EMB 500 PCS VW GOL 1.0 MI 8V;0,;2,01;
1230043P06;RET HST VAL ADM ESCAP EMB 600 PCS FORD FIESTA KA C;0,;6,36;
1222396P06;RET HST VAL ADM ESCAP EMB 600 PCS GM MONZA ALC GAS;0,;4,04;
1250098P06;RET HST VAL ADM ESCAP EMB 600 PCS PEUGEOT 306 406;0,;6,69;
1250087P06;RET HST VAL ADM ESCAP EMB 600 PCS RENAULT CLIO PEU;0,;6,36;
1219203P06;RET HST VAL ADM ESCAP EMB 600 PCS VW GOL 1.0 GM VE;600,;2,52;
1222509P07;RET HST VAL ADM ESCAP EMB 700 PCS GM CORSA VECTRA;0,;2,78;
1222509P08;RET HST VAL ADM ESCAP EMB 800 PCS GM CORSA  VECTRA;0,;2,78;
1250173P08;RET HST VAL ADM ESCAP EMB 800 PCS RENAULT CLIO KAN;0,;4,93;
1212544P08;RET HST VAL ADM ESCAP EMB 800 PCS VW 1.5 1.6 2.0 F;0,;2,20;
1240079P09;RET HST VAL ADM ESCAP EMB 900 PCS FIAT PALIO SIENA;0,;3,55;
1212544P09;RET HST VAL ADM ESCAP EMB 900 PCS VW 1.5 1.6 2.0 F;0,;2,19;
1269236;RET HST VAL ADM ESCAP ESCAP M BENS OM 314 OM352 OM;0,;5,84;
1240087;RET HST VAL ADM ESCAP FIAT DOBLO GRAND SIENA IDEA;32,;8,72;RET-5_C.3
1250193;RET HST VAL ADM ESCAP FIAT DUCATO MULTIJET JTD IVE;80,;12,94;RET-6_L.1
1240079;RET HST VAL ADM ESCAP FIAT PALIO SIENA PUNTO IDEA;64,;3,58;RET-6_J.4
1230092;RET HST VAL ADM ESCAP FORD ECOESPORT FIESTA KA+ MT;84,;10,45;RET-3_B.4
1230049;RET HST VAL ADM ESCAP FORD ESC MON ZETEC 1.8 RANGE;48,;8,68;RET-6_G.5
1230089;RET HST VAL ADM ESCAP FORD ESC MON ZETEC 1.8 RANGE;48,;10,71;RET-3_E.8
1230043;RET HST VAL ADM ESCAP FORD FIESTA KA COURIER ZETEC;464,;8,68;RET-6_H.2
1230045VT;RET HST VAL ADM ESCAP FORD FIESTA KA ECOSPORT COUR;0,;6,00;
1230017;RET HST VAL ADM ESCAP FORD MAVERICK F100 F75 JEEP;0,;7,18;
1221815;RET HST VAL ADM ESCAP GM C10 D10 M BENS 1519 1520;0,;4,30;
12200162;RET HST VAL ADM ESCAP GM CAPTIVA 2.4 16V 09/...;0,;26,32;
12200161;RET HST VAL ADM ESCAP GM CAPTIVA OMEGA TRAILBLAZER;24,;10,38;SEL-2_D.7.B
1222400;RET HST VAL ADM ESCAP GM CHEVETTE MARAJO ALC GAS 1;1,;4,53;
12200170;RET HST VAL ADM ESCAP GM CRUZE 16/...TRACKER 17/..;0,;11,53;
1222509;RET HST VAL ADM ESCAP GM MONZA 1.8 2.0 86/... KADE;168,;2,78;RET-6_J.1
1222509VT;RET HST VAL ADM ESCAP GM MONZA 1.8 2.0 86/... KADE;0,;3,60;
1222396;RET HST VAL ADM ESCAP GM MONZA ALC GAS 1.6 1.8 82/;72,;4,20;RET-6_J.8
12200121;RET HST VAL ADM ESCAP GM OMEGA A CIH 6C 3.0 12V;0,;17,45;RET-6_J.6
12200173;RET HST VAL ADM ESCAP GM ONIX 2G 20/... TRACKER MT;62,;89,62;SEL-2_C.6
12200167;RET HST VAL ADM ESCAP GM S10 MTR LCV ECOTEC SIDI D;0,;14,32;
1250098;RET HST VAL ADM ESCAP HASTE 6MM GUIA 10MM PEUGEOT;112,;6,49;RET-6_L.9
1250198;RET HST VAL ADM ESCAP HASTE 6MM GUIA 9MM PEUGE 306;0,;15,64;
1250227;RET HST VAL ADM ESCAP HONDA ACCORD 2 3 16VAL VTEC;0,;28,16;
1250112VT;RET HST VAL ADM ESCAP HONDA CIVIC D16Z7 D16Z9 1.6;0,;3,69;
1250112;RET HST VAL ADM ESCAP HONDA CIVIC D16Z7 D16Z9 1.6;88,;5,95;RET-2_E.6
125008007;RET HST VAL ADM ESCAP HYUNDAI COUPE SANTA FE SONAT;0,;8,08;
1250011;RET HST VAL ADM ESCAP HYUNDAI H100 L200 L300 MISTS;88,;6,34;RET-6_J.5
125005605;RET HST VAL ADM ESCAP HYUNDAI HR 13/... KIA SORENT;32,;10,28;SEL-2_G.8
125003407;RET HST VAL ADM ESCAP JEEP LIBERTY CHEROKEE EKG 3.;0,;5,00;
1250021;RET HST VAL ADM ESCAP KIA BESTA 2.2;56,;5,50;SEL-2_D.6
1250025;RET HST VAL ADM ESCAP KIA BESTA 2.7;0,;15,98;
1250023;RET HST VAL ADM ESCAP KIA BESTA 2.7 GS 3.0 16 LUGA;48,;12,72;RET-6_J.3
1250035;RET HST VAL ADM ESCAP M BENS 120D 130D 140D 150D 1;0,;11,44;
1260044;RET HST VAL ADM ESCAP M BENS OM 457 OM 457LA;0,;5,60;
1261815;RET HST VAL ADM ESCAP M BENS OM311 1111 352 1113 1;0,;9,23;
1269235;RET HST VAL ADM ESCAP M BENS OM314 OM352 OM364 OM3;0,;6,59;
1260028;RET HST VAL ADM ESCAP M BENS SPRINTER CDI MB611.96;32,;11,99;SEL-2_H.2
1260031;RET HST VAL ADM ESCAP M BENZ MOTOR OM 904 4.3L 4CI;0,;4,72;
129001101;RET HST VAL ADM ESCAP MAN VW CONSTELLATION D0834 4;0,;5,60;
125003707;RET HST VAL ADM ESCAP MTR LAND ROVER VOLVO MOTOR-B;0,;5,12;
1282927;RET HST VAL ADM ESCAP MWM D229 X10 4.10 4.12 4CIL;0,;5,98;
1250058;RET HST VAL ADM ESCAP MWM MICRO ONIBUS VOLARE MWM;30,;6,09;RET-6_G.8
125006005;RET HST VAL ADM ESCAP NISSAN KICKS LIVINA MARCH VE;96,;7,07;RET-6_H.6
1250060;RET HST VAL ADM ESCAP NISSAN SENTRA TIIDA VERSA LI;64,;7,20;RET-6_L.3
127000101;RET HST VAL ADM ESCAP PERKINS 1103 1104 1106 B-C-D;0,;23,25;
1272590;RET HST VAL ADM ESCAP PERKINS 4236 6358;8,;12,08;RET-6_C.2
125009605;RET HST VAL ADM ESCAP PEUGEOT CITROEN 208 C3 PURET;0,;11,00;RET-3_I.5
125009608;RET HST VAL ADM ESCAP PEUGEOT EXPERT CITROEN JUMPY;0,;11,40;
1250086VT;RET HST VAL ADM ESCAP RENAULT CLIO D7D 1.0 8V;0,;9,90;
1250086;RET HST VAL ADM ESCAP RENAULT CLIO D7D 1.0 8V;24,;8,68;RET-6_L.5
1250173;RET HST VAL ADM ESCAP RENAULT CLIO KANGOO LOGAN TW;48,;5,30;RET-6_L.7
1250087;RET HST VAL ADM ESCAP RENAULT CLIO PEUGEOT 206 1.0;64,;8,68;RET-6_G.3
1250087VT;RET HST VAL ADM ESCAP RENAULT CLIO PEUGEOT 206 1.0;0,;9,90;
1250108;RET HST VAL ADM ESCAP RENAULT MEGANE SCENIC LAGUNA;40,;7,62;RET-6_L.2
129001205;RET HST VAL ADM ESCAP SCANIA MOTOR D9 XPI D13 XPI;0,;6,91;
1259027;RET HST VAL ADM ESCAP SUZUKI SWIFT JIMMY VITARA 16;0,;33,89;
1250104;RET HST VAL ADM ESCAP SUZUKI VITARA ALTO G10B G13A;0,;6,92;
1250050VT;RET HST VAL ADM ESCAP TOYOTA HILUX 2L 3L 5L 2 5 2;0,;3,69;
1250050;RET HST VAL ADM ESCAP TOYOTA HILUX 2L 3L 5L 2 5 2;80,;8,32;RET-6_L.8
125005012;RET HST VAL ADM ESCAP TOYOTA HILUX SW4 SRV 2016/..;112,;11,74;RET-7_B.1
125005002;RET HST VAL ADM ESCAP TOYOTA LANDCRUISER COASTER D;0,;6,39;
1250222;RET HST VAL ADM ESCAP TOYOTA LANDCRUISER COASTER D;0,;19,58;
1270001;RET HST VAL ADM ESCAP VAL 7.00MM COPINHO PERKINS T;0,;3,96;
1270001BN;RET HST VAL ADM ESCAP VAL 8.00MM COPINHO PERKINS T;0,;2,38;
129001302;RET HST VAL ADM ESCAP VOLVO FH 12 13  FM;0,;9,73;
1212544;RET HST VAL ADM ESCAP VW 1.5 1.6 2.0 FIAT 1050 130;192,;2,23;RET-5_E.4
1219203;RET HST VAL ADM ESCAP VW GOL 1.0 GM VECTA 16V CORS;312,;2,57;RET-6_G.6
1213044;RET HST VAL ADM ESCAP VW GOL 1.0 MI 8V 97/... FIAT;248,;2,04;RET-5_C.1
1212919;RET HST VAL ADM ESCAP VW GOL AE 1.0 1.6 91/ FORD E;80,;4,72;RET-6_H.3
12100118;RET HST VAL ADM ESCAP VW UP FOX BLUEMOTION MTR 1.0;36,;7,72;RET-6_H.4
12400102A;RET HST VAL ADM FIAT FASTBACK PULSE ABARTH TORO JE;0,;10,32;
12200173A;RET HST VAL ADM GM ONIX 2G 20/... TRACKER MTR ECOT;0,;8,10;
1250196;RET HST VAL ADM MITSUBISHI MONTERO III PAJERO TD T;80,;6,51;RET-6_I.2
1250072;RET HST VAL C3G CLIO EXPRESS R11 R19 R9 TWINGO 1.3;0,;5,84;
125005403;RET HST VAL CRYSLER STEALT MITSUBISHI OUTLANDER 30;0,;5,43;
129001004;RET HST VAL CUMMINS SERIE B 4B BTA 3.9L 8V SERIE B;0,;10,59;
1290006;RET HST VAL CUMMINS SERIE B MTR 4B BTA 3.9L 8V 6B;0,;7,26;
129001007;RET HST VAL CUMMINS SERIE C ISC 6 C;0,;19,36;
1290010;RET HST VAL CUMMINS SERIE C ISC 6C;0,;15,41;
129001011;RET HST VAL CUMMINS SERIE C ISC 6C 8.3 24 VAL;0,;14,57;
129001008;RET HST VAL CUMMINS SERIE ISB4;0,;14,71;
1290010042;RET HST VAL CUMMINS SERIE ISB4 MEC;0,;16,01;
125003311;RET HST VAL ESC AMD BMW 125I 320I 328CI 528 X1 MTR;0,;151,77;
1251146;RET HST VAL ESCAP 5.5 MM TOYOTA COROLLA VVTI FILDE;64,;8,32;RET-6_H.1
12400102E;RET HST VAL ESCAP FIAT FASTBACK PULSE ABARTH TORO ;0,;8,97;
12200173E;RET HST VAL ESCAP GM ONIX 2G 20/... TRACKER MTR EC;48,;6,98;RET-5_B.1
1235518;RET HST VAL F 100 FALCON 12V;0,;44,22;
1240092;RET HST VAL FIAT ARGO CRO MOBI UNO FIREFLY 3 CIL;46,;9,56;RET-6_G.4
1240093;RET HST VAL FIAT ARGO CRONOS MOBI UNO MTR FIREFLY;80,;8,78;SEL-2_G.7
1240094;RET HST VAL FIAT TORO JEEP RENEGADE COMPASS  MOTOR;80,;11,53;RET-6_A.2
1230090;RET HST VAL FORD KA KA+ NEW FIESTA ECOBOOST TIVCT;60,;8,10;RET-6_G.7
1230086;RET HST VAL FORD RANGER 13/... TROLLER - T4 MTR DU;60,;10,43;RET-5_D.3
12200164;RET HST VAL GM CRUZE TRACKER 1.8 4CIL 16V F18 D4 D;448,;7,04;RET-6_H.5
125008004;RET HST VAL HYUNDAI AZERA SANTA FE VERA CRUZ KIA C;72,;12,91;RET-2_D.5
125008001;RET HST VAL HYUNDAI COUPE SANTA FE SONATA TIBURON;144,;11,65;RET-6_G.1
12500186;RET HST VAL HYUNDAI HB20 KIA PICANTO KAPPA V3 1.0;60,;6,18;RET-6_I.1
125009602;RET HST VAL MINI COOPER MTR N12B N14B N16B N18B PE;0,;15,31;
1230083;RET HST VAL MTR DURATORQ PUMA TDCI (22DDOP) 2.2 2.;16,;10,43;RET-6_H.7
125006003;RET HST VAL NISSAN FRONTIER PATHFINDER MTR YD25DDT;132,;8,11;RET-6_J.7
1256003;RET HST VAL NISSAN FRONTIER PATHFINDER MTR YD25DDT;0,;0,00;
125008601;RET HST VAL RENAULT LOGAN SANDERO KWID 1.0 3 CIL 1;108,;9,11;RET-6_G.2
125008101;RET HST VAL SMART FORTWO MTR 132.910 1.0 12V 3CIL;0,;9,91;
14560109;RET LATERAL CAMBIO AUTOMATICO LD DUSTER 15/19 FLUE;5,;128,26;SEL-2_A.6
1440492;RET LATERAL CAMBIO SEMI-EIXO LADO DIREITO ASPIRADA;0,;68,72;
1440144;RET LATERAL COROA DUCATO;0,;108,65;
1160144;RET M BENS OM 457 OM 457LA 1160144;0,;122,74;
139000101;RET MOTOR CG 125CC HONDA CG 125 1986 A 2008;0,;2,60;
1442103;RET MUD SAIDA FIAT FORD VW CAMBIO CLARK 240F 280V;0,;122,03;
1450304;RET MUD SAIDA HYUNDAI H100;0,;46,22;
1450470;RET MUD SAIDA KIA BESTA 2.7 CERES BONGO KIA TOPIC;0,;76,72;
1442942BN;RET ORING ANEL TUBO PESCADOR BBA ÓLEO RET FIAT TOR;0,;101,18;
11501180BP;RET POL RENAULT MASTER III 2.3 16V DCI/M9T POWERTR;5,;134,21;RET-2_G.4
1112456;RET POL VW GOL FORD CHT COM MITSU L200 HYD TUCSON;4,;26,87;RET-3_I.1
1171050;RET POLIA AGRALE 1800D;0,;76,86;RET-6_C.4
1140192;RET POLIA ARGO MOBI UNO CRONOS 1.0 12V 1.3 16V FIR;4,;50,43;RET-3_C.1
1150107;RET POLIA ASIA TOPIC 2.7 MAZDA 3.0 KIA BONGO ASIA;0,;12,41;
1150108;RET POLIA ASIA TOWNER 3CIL BESTA 2.2 HYD HB20 1.0;16,;29,81;RET-2_C.4
11201162;RET POLIA CHEVROLET CAPTIVA 2.4 16V ECOTEC;0,;108,50;
11201163;RET POLIA CHEVROLET TRACKER SUZUKI AERIO ESTEEM GR;2,;89,19;RET-5_A.3
115019602;RET POLIA DIANT CITROEN C4 LOUGE C5 DS3 DS4 DS5 PG;0,;28,75;RET-4_E.5
1122794;RET POLIA DOHC X20XER X20XEV ASTRA OMEGA VECTRA 2.;5,;28,20;RET-3_G.7
1142005;RET POLIA FIAT 147 PANORAMA CL .../80 OGGI CS 83/8;8,;35,32;RET-3_D.5
1151193;RET POLIA FIAT DUCATO MULTIJET JTD IVECO 2.3 16 VA;6,;136,67;RET-2_J.3
1140087;RET POLIA FIAT E-TORQ 178D20.11 178D22.11 SOHC 1.6;5,;35,00;RET-3_D.4
115114001;RET POLIA FIAT IVECO 3.0 16V 2008/... F30DT - DUCA;0,;127,11;
115014001;RET POLIA FIAT IVECO 3.0 16V 2008/... F30DT - DUCA;6,;35,60;RET-3_A.6
1140057;RET POLIA FIAT MAREA 1.8 16V 2.0 2.4 20V ALFA 145;5,;54,23;RET-3_C.5
1145074;RET POLIA FIAT PALIO 1.6 16V;3,;30,84;RET-3_D.6
1140049;RET POLIA FIAT UNO SMART PALIO SIENA FIRE 1.0 1.3;9,;29,00;RET-3_C.4
1150142;RET POLIA FLANGE FIAT DUCATO 2.5 2.8 TURBO;4,;123,46;RET-2_A.1
1130045;RET POLIA FORD COURIER FIESTA KA ZETEC ROCAM 1.0 1;16,;61,80;RET-3_F.3
1130073;RET POLIA FORD ECOSPORT FOCUS FUSION MONDEO RANGER;3,;51,67;RET-3_E.3
1170013;RET POLIA FORD F100 350 600 700 750 GM AC10 CD 60;0,;126,07;
1135167;RET POLIA FORD FIESTA KA COURIER 1.0 1.3 ENDURA 8V;0,;57,87;
1130143;RET POLIA FORD FIESTA SIGMA FUSION RANGER 16V;13,;36,12;RET-3_E.2
1122656;RET POLIA FORD KA KA+ FIESTA GM ASTRA S10 2.8 CTDI;5,;119,33;RET-3_H.3
1152191;RET POLIA FORD MAX FALCON F100 F1000 FAIRLANE 1969;0,;96,52;
1130183;RET POLIA FORD MONDEO TRANSIT MTR ABFA D3FA D5BA D;0,;300,39;
1130053;RET POLIA FORD RANGER EXPLORE V6 12V;0,;18,35;
1130183BP;RET POLIA FORD RANGER MONDEO TRANSIT MTR ABFA D3FA;0,;159,06;RET-3_E.1
1120105;RET POLIA GM BLAZER S10 VORTEC 4.3 6CIL OPALA CARA;3,;60,52;RET-5_C.5
1122525;RET POLIA GM CORSA GSI 1.0 1.4 1.6 1.8 94/...;10,;38,46;RET-3_G.5
1181917;RET POLIA GM FORD MWM AGRALE CASE CBT FIAT ALLIS V;7,;65,30;RET-6_B.4
1122317;RET POLIA GM KADETT OMEGA MONZA 1.6 1.8 2.0 .../82;6,;31,98;RET-3_G.4
11201161;RET POLIA GM MTR DOHC 3.0 24V 6V;0,;105,75;
1121911;RET POLIA GM OMEGA 3.0 CHEVETTE MARAJO 1.4 1.6 ALC;13,;25,44;RET-3_G.3
1150109;RET POLIA GM S10 BLAZER M BENS SPRINTER ROVER HS 3;4,;87,25;RET-2_D.6
1151112;RET POLIA HONDA CIVIC D15Z1 D16Z6 D16Z7 D16Z9 1.5;7,;42,82;RET-2_I.6
1150171;RET POLIA HONDA CIVIC NEW CIVIC FIT D17A8 D17Z2 D1;5,;44,10;RET-2_I.1
1150170;RET POLIA HONDA FIT JAZZ VTEC L15A1 L15A6 1.6 CIVI;8,;92,13;RET-2_G.6
1151231;RET POLIA HYUNDAI ACCENT GL GS GSI ELANTRA SCOUPE;0,;49,83;
115018002;RET POLIA HYUNDAI ACCENT GL GS GSI ELANTRA SCOUPE;0,;86,61;
115018001;RET POLIA HYUNDAI COUPE SANTA FE SONATA TIBURON TR;5,;137,55;RET-2_A.2
1150111;RET POLIA HYUNDAI H100 L200 L300;20,;25,33;RET-2_H.6
1151187;RET POLIA HYUNDAI HB20 I30 VELOSTER KIA SOUL CERAT;3,;41,70;RET-2_H.8
115015605;RET POLIA HYUNDAI HR 13/... KIA SORENTO 02/... BON;2,;45,61;SEL-2_D.1.B
1150173;RET POLIA HYUNDAI KIA PICANTO ATOS G4HE G4HG 1.0 1;5,;65,08;RET-2_B.3
1151177;RET POLIA HYUNDAI TUCSON I30 2.0 G4GC 16V;6,;50,71;RET-2_H.1
1150240;RET POLIA IVECO 2.5 TURBINADA 1996 70X90X10;0,;38,42;
1150023;RET POLIA KIA BESTA 2.7 GS 3.0 16 LUGARES K2700 BO;0,;20,00;
1150035;RET POLIA M BENS 120D 130D 140D 150D 170D 180D MOT;0,;97,20;
1161810;RET POLIA M BENS OM326 352 364 366 371 1113 1316 1;0,;34,23;RET-3_I.5
1160028;RET POLIA M BENS SPRINTER CDI MB611.960 MB611.961;3,;81,86;RET-5_A.6
1150054;RET POLIA MISTSUBISHI PAJERO MONTERO TD TDI 4M40T;0,;69,57;
1150194;RET POLIA MITSUBISHI CARISMA EXPO LANCER PAJERO TR;3,;43,94;RET-2_F.3
1180688;RET POLIA MWM D222;0,;120,24;
1150058;RET POLIA MWM SPRINTER;0,;134,37;
115016003;RET POLIA NISSAN FRONTIER PARTHIFINDER 2.5 16V;4,;43,97;RET-2_B.6
1150060;RET POLIA NISSAN GRAN LIVINA LIVINA TIDA MR18DE 1.;4,;40,57;RET-2_J.4
115016005;RET POLIA NISSAN SYLP LIV MAR RENAULT KWID LOG SAN;15,;65,04;RET-2_C.6
1170586;RET POLIA PERKINS 6357-2 FORD F600 700 CBT CASE CL;0,;175,71;RET-6_B.1
1150098;RET POLIA PEUGEOT 106 206 306 CITROEN SAXO XSARA T;9,;32,10;RET-2_F.5
1150124;RET POLIA PEUGEOT 205 305 306 309 405 XUD7T 1.6 1.;0,;73,99;
1151100;RET POLIA PEUGEOT 205 405 406 XU7JP 1.6 8V;20,;83,10;RET-2_F.6
1150048;RET POLIA PEUGEOT PICK UP XD2 SXD3 504 1.3 TON;0,;54,63;
1150110;RET POLIA RENAULT 19 CLIO MEGANE KANGOO LAGUNA SCE;1,;45,48;RET-2_G.5
1150186;RET POLIA RENAULT CLIO KANG TWINGO SANDERO D4D D4F;11,;29,13;RET-2_I.4
1150002;RET POLIA RENAULT CLIO SCENIC MEGANE (COMANDO) TRA;7,;39,14;RET-2_I.8
1150175;RET POLIA RENAULT MASTER TRAFIC 16V G9U 720 724 73;13,;56,35;RET-2_H.2
1151175;RET POLIA RENAULT MASTER TRAFIC G9U 720 724 730 75;14,;56,35;RET-2_D.3
1150172;RET POLIA RENAULT R9 11 19 CLIO TWINGO EXPRESS C1E;20,;58,06;RET-2_H.3
1150102;RET POLIA RENAULT TRAFIC CLIO MEGANE SCENIC LAGUNA;0,;64,77;
1151104;RET POLIA SUZUKI G10A G10B G13BA G13K G13BB G13A 8;0,;32,84;
115015013;RET POLIA TOYOTA ETIOS MTR 2NR-FE DUAL VVTI 1.3 1.;4,;40,70;RET-2_C.7
115015607;RET POLIA TOYOTA ETIOS MTR 2NR-FE DUAL VVTI 1.3 1.;0,;0,00;
1150150;RET POLIA TOYOTA HILUX 2L 3L 5L 2.5 2.8 3.0;3,;48,74;RET-2_D.7
1151222;RET POLIA TOYOTA LANDCRUISER COASTER DELTA DYNA TO;0,;39,56;
115015002;RET POLIA TOYOTA LANDCRUISER COASTER DYNA 200 DAIH;0,;61,88;
11201173ML;RET POLIA VIR DIANT FLA METAL GM 3CIL ASP 55509157;17,;190,82;RET-1_F.1
115013707;RET POLIA VIRA DIANT BB ÓLEO LAND ROVER FREELANDER;0,;117,53;
115013301;RET POLIA VIRA DIANT BMW 118I 120I 520I 318I 320I;0,;201,27;
115013311;RET POLIA VIRA DIANT BMW 125I 320I 328CI 528 X1 MT;0,;117,53;
115008301;RET POLIA VIRA DIANT CHERY QQ MTR SQR472F 1.1 16V;0,;106,95;
115008302;RET POLIA VIRA DIANT CHERY RELY FACE S18 LINK MTR;0,;140,08;
119011019;RET POLIA VIRA DIANT CUMMINS FORD F350 F4000 MTR I;0,;185,17;
11401102;RET POLIA VIRA DIANT FIAT FASTBACK PULSE MTR GSE T;5,;75,45;RET-4_E.6
11201173BP;RET POLIA VIRA DIANT FLANGE MTR L4G LIG  1.0 1.2 1;0,;214,18;RET-1_F.1
1172511;RET POLIA VIRA DIANT FORD CARGO FASE II FTO 6.6 7.;0,;143,72;
1172448;RET POLIA VIRA DIANT FORD MICRO ONIBUS FB400 F2000;0,;119,09;
1130192;RET POLIA VIRA DIANT FORD MTR-DRAGON 1.5 12V 3 CIL;9,;48,19;RET-4_A.4
115015008;RET POLIA VIRA DIANT HILUX HILUX SW4 SRV 2009/...;5,;143,74;RET-2_B.7
115018004;RET POLIA VIRA DIANT HYUNDAI AZERA SANTA FE VERA C;5,;206,66;RET-2_B.8
115018007;RET POLIA VIRA DIANT HYUNDAI COUPE SANTA FE SONATA;0,;87,53;
115018008;RET POLIA VIRA DIANT HYUNDAI I30 IX35 ELANTRA CRET;5,;113,59;SEL-2_G.2
1160131;RET POLIA VIRA DIANT M BENS MOTOR OM 904 4.3L 4CIL;0,;52,26;
115013501;RET POLIA VIRA DIANT MERCEDES A200 A250 B200 CLA20;0,;85,20;
115016804;RET POLIA VIRA DIANT SUZUKI JIMNY 98/03 IGNIS SCRO;0,;74,55;
115015014;RET POLIA VIRA DIANT TOYOTA COROLLA COROLLA CROSS ;0,;131,59;
1150164;RET POLIA VIRA DIANT TOYOTA HILUX MTR TD 16V 1KZTE;5,;48,08;RET-2_D.2
119011101;RET POLIA VIRA DIANT VW MAN CONSTELLATION 17.260 1;0,;87,58;
1131943;RET POLIA VW FUSCA BR 1300 1500 1600 FORD F100 MAV;0,;33,08;RET-3_F.1
1115159;RET POLIA VW GOL PARATI BAH BJA 8V COMANDO GOL POW;79,;20,38;RET-3_I.3
1110179;RET POLIA VW GOLF AJH AGU ARY AGU ARZ 1.8 20V TURB;3,;54,31;RET-3_J.5
1450189;RET RODA DIANTEIRA FRONTIER 4X4 2003/... LISO NACI;0,;169,45;
1456548;RET RODA DIANTEIRA MITSUBISHI L200 2.5 PAJERO 2.5;2,;39,46;RET-7_A.1
1450070;RET RODA DIANTEIRO EXTERNO L200 LISO IMPORTADO 57;0,;20,00;
14211166;RET RODA DIANTEIRO EXTERNO S10/TRAILBLAZER 12/...;2,;52,87;RET-6_C.8
14511155;RET RODA DIANTEIRO EXTERNO TOYOTA HILUX 05/...;7,;53,94;RET-7_C.4
14570154;RET RODA DIANTEIRO INTERNO CUBO COROLLA .../2002;0,;47,28;
14210166;RET RODA DIANTEIRO INTERNO GM S10 TRAILBLAZER 12/.;8,;52,37;RET-6_D.7
1450170;RET RODA DIANTEIRO INTERNO L-200 LISO IMPORTADO 54;2,;22,35;RET-5_B.2
1461022;RET RODA DIANTEIRO INTERNO MBB 812 912 914 OM364 L;0,;30,71;
14510050;RET RODA DIANTEIRO TOYOTA HILUX HIACE DYNA 00/04;0,;198,44;
1457822;RET RODA EXTERNO DIANTEIRO DUCATO - 69X85X10;0,;23,42;CAM-2_H.1
1456030;RET RODA FRONTIER 4X4 DIANTEIRA 2003/... 3.2 8V;0,;104,92;
1457823;RET RODA INTERNO DIANTEIRO DUCATO - 63X80X12;0,;31,24;
142700163;RET RODA INTERNO SUZUKI VITARA GM TRACKER;0,;111,30;
14972687;RET RODA PINHAO DIFERENCIAL EIXO MERITOR ROCKWELL;0,;179,86;
14571551;RET RODA TRASEIRO HOMOCINETICA HILUX 3.0 05/...;0,;52,49;
14220166;RET RODA TRASEIRO PINHÃO EIXO SAIDA CAIXA REDUCAO;5,;78,06;SEL-2_C.4
1412391;RET S EIXO TUL FD KA 3CIL FIESTA KA 1.5 1.6 SIGMA;1,;19,48;RET-6_B.8
145101461;RET SA DIF LD COROLLA VVTI RAV4 LIFAN ETIOS MANUAL;15,;55,38;RET-6_E.5
14430095;RET SAI TRANS TULIPA LE FIAT 500 10/.. DOBLO 02/09;5,;71,60;SEL-1_E.3
1420049;RET SAIDA DANA FORD DODGE D100 69 GM OPALA 3 VELOC;0,;16,00;
146710030;RET SAIDA PINHAO MERCERDES 311 CDI 313 413 415 416;0,;196,57;
145030019;RET SAIDA TAM TRAS CHANA BS10;0,;83,88;
1451019;RET SAIDA TRANSMISSAO ASIA HAFEI TOWNER JUNIOR EFF;0,;63,10;
1421877;RET SAIDA TRANSMISSAO GM OPALA 69 CHEVETTE A10 C10;18,;16,00;RET-6_A.1
142200167;RET SAIDA TRAS CAMBIO GM S10 TRAILBLAZER MTR 2.5 2;0,;61,32;
14270166;RET SEMI EIXO TRAS CUBO RODA S10 12/...;4,;83,88;RET-6_A.8
14510146;RET SEMI EIXO TULIPA COROLLA ETIOS 1ZZ 7A-FE 4A-FE;5,;92,34;RET-2_A.8
1120222;RET TAMP DE DISTRIBUIÇÃO GM 230 CAMINHÃO ÁLCOOL CA;3,;58,92;RET-3_H.1
1150132;RET TAMP FRONTAL INFERIOR PGT 106 206 306 93 TU5JP;0,;11,74;
1150032;RET TAMP FRONTAL SUP GURGEL BR 800 SUPER MINI;0,;25,31;
1430888;RET TORRE CLARK FORD F350 600 700 750 4000 11000 F;0,;13,72;
115028601;RET TRAS LOGAN SAND KWID SCE B4D FLEX 1.0 12V 3CIL;24,;80,61;RET-2_D.1
115026804;RET TRAS VOLANTE SUZUKI JIMNY 98/03 IGNIS SCROSS M;0,;74,55;
1450276;RET TUL LD SAIDA DIF RENAULT CLIO SANDERO ../2014;9,;67,69;RET-6_F.4
125005008;RET VAL  TOYOTA HILUX 2.7L 16V 2TRFE;0,;11,67;
15171091BN;RET VALVULA COMANDO VARIÁVEL DO ÓLEO POLIA SOLENOI;0,;82,73;
15171091;RET VALVULA OLEO POLIA CAPTUR DUSTER FLUENCE SCEN;2,;74,07;RET-6_A.9
115018601;RET VIR DIANT LOGAN SANDERO KWID 1.0 3 CIL;0,;88,29;RET-3_E.7
1155352;RET VIR DIANT POLIA GM S10 BLAZER MB SPRINTER ROVE;2,;47,60;
11201170;RET VIRABREQUIM DIANTEIRO GM MTR-LE2 LEX TURBO 1.4;2,;149,59;RET-7_B.7
1152163;RET VIRABREQUIM TRASEIRO CHEVROLET TRACKER SUZUKI;0,;52,58;
115023301;RET VOL BMW 118I 120I 520I 318I 320I  320I CABRIO;0,;166,93;
115029602;RET VOL CITROEN C4 LOUGE C5 DS3 DS4 DS5 PGT 308 40;0,;141,94;
119021019;RET VOL CUMMINS FORD F350 F4000 MTR IFS 2.8 16V;0,;260,15;
119021004;RET VOL CUMMINS ISB4;0,;123,18;
1140292;RET VOL FIAT ARGO CRONOS MOBI UNO MTR FIREFLY 1.0;5,;60,68;RET-3_D.3
1140187;RET VOL FIAT DOBLO GRAND SIENA MITSU TRITON 3.5 V6;4,;78,86;RET-3_D.7
1140071;RET VOL FLANGE FIAT MAREA 1.8 16V 2.0 2.4 20V TORO;0,;219,18;RET-1_B.1
1140153;RET VOL FLANGE FIAT PALIO SIENA DOBLO 1.0 1.3 1.4;5,;83,84;RET-1_C.4
1110053;RET VOL FLANGE VW GOL PARATI 1.0 MI 8 16V;2,;327,91;RET-3_B.2
1110081;RET VOL FLANGE VW GOLF BORA AUDI A3 A4 AEH AKL AHL;2,;419,18;RET-3_J.3
1110079;RET VOL FLANGE VW POLO GOLF AUDI A3 AGN AGU AJP AP;1,;342,27;RET-1_C.3
1172115;RET VOL FORD MICRO ONIBUS FB400 F2000 F4000 FTO 46;0,;107,01;
115028002;RET VOL HYUNDAI ACCENT GL GS GSI ELANTRA SCOUPE VE;0,;63,00;
1152231;RET VOL HYUNDAI ACCENT GL GS GSI ELANTRA SCOUPE VE;0,;46,51;
115028004;RET VOL HYUNDAI HYUNDAI AZIRA COUPE SANTA FE SONAT;0,;141,77;
1150273;RET VOL HYUNDAI KIA PICANTO ATOS G4HE G4HG 1.0 12V;4,;90,20;RET-3_A.7
115028008;RET VOL HYUNDAY MOTOR G4NB F4NA MPI 1.8 2.0 16V;2,;149,78;RET-7_B.5
1160244;RET VOL M BENS OM 457 OM 457LA 1160244;0,;118,06;
1151194;RET VOL MITSUB PAJERO 98/ TR4 FIAT COMPAS FREE 2.0;5,;97,41;RET-2_G.7
115025408;RET VOL MITSUBISHI OUTLANDER AIRTREK LANCER 4G63 4;0,;177,33;
1182872;RET VOL MWM X10 X10T X10TCA EURO I II III VOLARE A;0,;173,98;
1156003;RET VOL NISSAN FRONTIER PARTHIFINDER 2.5 16V;0,;0,00;
115026003;RET VOL NISSAN FRONTIER PARTHIFINDER 2.5 16V;3,;73,04;RET-3_A.8
115025013;RET VOL TOYOTA ETIOS MTR 2NR-FE DUAL VVTI 1.3 1.5;6,;59,37;RET-2_F.4
115025607;RET VOL TOYOTA ETIOS MTR 2NR-FE DUAL VVTI 1.3 1.5;0,;83,62;
115025008;RET VOL TOYOTA HILUX SW4 SRV 2009/... 2TR-FE 2.7 1;2,;162,13;RET-5_C.4
115024001;RET VOL TOYOTA IVECO 35S14 3.0 16V 2008/... F30DT;3,;51,77;RET-3_A.5
1151108;RET VOL TRA RENAULT F3R F4R HILUX LN147 152 167 17;5,;91,09;RET-2_E.2
115025415;RET VOL TRASEIRO MITSUBISHI L200 TRITON 2017/... P;6,;149,41;RET-3_A.4
115028302;RET VOL TRAZ CHERY MTR SQR473 1.3 16V L4 FACES S-1;0,;171,52;
119021008;RET VOL VIRA TRAS CUMMINS SERIE ISB4 3.9 5.9 16V;0,;269,34;
1181972;RET VOL VW CAMINHAO 6.80 7.90 GM D10 20 60 70 FORD;0,;299,41;
1111927;RET VOL VW SEDAN BRASILIA KOMBI FUSCA 1.3 1.5 1.6;0,;79,28;
1171972;RET VOLANTE 4236 4248 D20 D40 D60 D70;0,;74,00;
1150225;RET VOLANTE ASIA TOPIC 2.7 KIA BESTA 2.7 MAZDA 3.0;0,;113,02;
1150207;RET VOLANTE ASIA TOPIC 2.7 KIA BONGO MAZDA 3.0 DIE;0,;155,68;
1150208;RET VOLANTE ASIA TOWNER GAS 3 CIL;0,;19,74;
1111135BR;RET VOLANTE AZUL VW BRASILIA KOMBI FUSCA GOL 1.3 1;0,;34,85;
1152118;RET VOLANTE EFFA TOWNER SUZUKI SJ410 JIMNY SAMURAI;0,;70,27;
1142269;RET VOLANTE FIAT 147 1.3 77/... 1.5 1.6 80/...;7,;56,38;RET-3_D.1
1142004;RET VOLANTE FIAT 147 PANORAMA CORCEL CL 80/... OGG;0,;18,35;
1152193;RET VOLANTE FIAT DUCATO MULTIJET JTD IVECO 2.3 16V;6,;157,72;RET-2_F.8
1145075;RET VOLANTE FIAT TEMPRA 2.0 2.2 IE 8V E 16V;9,;83,63;RET-3_C.8
1110057T;RET VOLANTE FLANGE 2 FUROS USA FERRAMENTA VW GOL T;0,;476,70;
1150042;RET VOLANTE FLANGE FIAT DUCATO 2.5 2.8 TURBO;5,;189,64;RET-1_A.4
1140033;RET VOLANTE FLANGE FIAT PALIO SIENA BRAVA 1.6 16V;5,;217,07;RET-1_C.2
1140153VT;RET VOLANTE FLANGE FIAT PALIO SIENA DOBLO 1.0 1.3;0,;54,43;
1140294;RET VOLANTE FLANGE FIAT TORO JEEP COMPASS RENEGADE;3,;245,22;RET-1_B.1
1140149VT;RET VOLANTE FLANGE FIAT UNO SMART PALIO SIENA FIRE;0,;93,98;RET-04
1140149;RET VOLANTE FLANGE FIAT UNO SMART PALIO SIENA FIRE;0,;153,26;
1130292;RET VOLANTE FLANGE FORD ECOSPORT 17/... KA KA+ 18/;7,;279,46;RET-1-E.5
1130273;RET VOLANTE FLANGE FORD ECOSPORT FOCUS FUSION MOND;2,;221,27;RET-3_F.2
1130243;RET VOLANTE FLANGE FORD FIESTA COURIER ZETEC 1.4 1;6,;152,46;RET-1_B.3
1130290BP;RET VOLANTE FLANGE FORD KA KA+ NEW FIESTA ECOBOOST;10,;185,00;RET-1_D.2
1130283;RET VOLANTE FLANGE FORD TRANSIT;3,;204,52;RET-1_D.3
11202161;RET VOLANTE FLANGE GM CAPITIVA MOTOR 10HM 3.6 24V;0,;582,96;
11202164;RET VOLANTE FLANGE GM CRUZ TRACHER F18D4 1.8 16V 2;0,;168,81;RET-3_H.6
11202173BP;RET VOLANTE FLANGE GM ONIX 2G 20/... TRACKER MTR E;2,;192,50;RET-1_F.2
1150309;RET VOLANTE FLANGE GM S10 BLAZER M BENS SPRINTER R;2,;409,73;RET-1_A.3
11102116;RET VOLANTE FLANGE GOLF GSI;0,;213,28;
1160228;RET VOLANTE FLANGE M BENS SPRINTER CDI 2.2 16V MB6;0,;454,87;
1160214;RET VOLANTE FLANGE MERCEDES CLASSE A 140 160 97/..;0,;190,15;
115023501;RET VOLANTE FLANGE MTR MERCEDES A200 A250 B200 CLA;0,;435,59;
115029605;RET VOLANTE FLANGE MTR PEUGEOT CITROEN 208 C3 PURE;1,;370,71;RET-1_C.5
11202164BP;RET VOLANTE FLANGE NYLON BORR GM SONIC 1.6 CRUZE T;5,;147,85;RET-3_H.6
11102105BP;RET VOLANTE FLANGE NYLON BORR MOLA GOL POWER 1.0 8;4,;227,00;RET-1_E.2
11102118BP;RET VOLANTE FLANGE NYLON BORR VW UP FOX VOYAGE GOL;2,;183,44;RET-5_C.6
1130245BP;RET VOLANTE FLANGE PLAS BOR FORD FIESTA KA ZETEC R;6,;200,29;RET-1_D.1
11102117BP;RET VOLANTE FLANGE PLAS BOR VW AMAROK 2.0 4 CIL 16;2,;251,70;RET-1_E.3
1140249;RET VOLANTE FLANGE PLAS FIAT UNO SMART PALIO SIENA;15,;118,67;RET-1_B.2
1150209BP;RET VOLANTE FLANGE PLAS GM S10 BLAZER M BENS SPRIN;1,;258,09;RET-1_A.2
11100103;RET VOLANTE FLANGE REDONDO VW KOMBI 1.4 GOL POWER;2,;223,65;RET-1_C.1
11502180;RET VOLANTE FLANGE RENAULT MASTER III DCI M9T 2 3;3,;214,44;RET-1_A.1
11100105;RET VOLANTE FLANGE TRAZ QUADRADO VW GOL PWR 1.0 8;0,;465,45;RET-1_E.2
11102117;RET VOLANTE FLANGE VW AMAROK 2.0 4 CIL 16V MTR CNF;1,;277,26;RET-1_E.3
11102118;RET VOLANTE FLANGE VW UP FOX MTR 1.0 12 VAL 3 CIL;3,;290,66;RET-1_D.4
1130249;RET VOLANTE FORD FIESTA ESCORT FOCUS MONDEO ZETEC;3,;111,87;RET-3_E.5
1135166;RET VOLANTE FORD FIESTA KA COURIER 1.0 1.3 ENDURA;1,;32,67;RET-3_F.5
1150191;RET VOLANTE FORD MAX FALCON F100 F1000 FAIRLANE 69;0,;113,34;
1130153;RET VOLANTE FORD RANGER EXPLORE V6 12V;0,;140,08;
1130059;RET VOLANTE FORD RANGER SOHC GAS 2.3 2.5 8V;0,;229,31;
1121856;RET VOLANTE GM CHEVETTE MARAJO 1.4 1.6 JUNIOR 1.0;0,;54,96;
1122524;RET VOLANTE GM CORSA GSI 1.0 1.4 1.6 94/... HONDA;19,;51,57;RET-3_G.6
11202170;RET VOLANTE GM CRUZE 16/...TRACKER 17/... MTR LE2;6,;53,92;RET-7_C.1
11202163;RET VOLANTE GM GRAND VITARA TRACKER MTR 121.7 CID;2,;95,31;RET-3_H.4
1122264;RET VOLANTE GM MONZA 82/86;0,;83,13;
1122600;RET VOLANTE GM MONZA KADETT 1.8 2.0;3,;65,63;RET-3_G.1
1180803;RET VOLANTE GM OMEGA 4.1 6 CIL MWM D225 D226 D229;1,;76,98;RET-2_B.2
1122345;RET VOLANTE GM OMEGA A CIH 6CC 3.0 12V;0,;202,16;
1121115;RET VOLANTE GM OPALA DIPLOMATA 4 6CIL OMEGA SILVER;0,;123,60;
1121105;RET VOLANTE GM S10 BLAZER VORTEC GAS 4.3 V6;7,;147,89;RET-3_H.7
1152187;RET VOLANTE HB20 I30 VELOSTER KIA SOUL CERATO 1.6;6,;158,29;RET-2_E.8
1152186;RET VOLANTE HB20 KIA PICANTO 1.0 12V KAPPA V3;4,;95,51;RET-2_C.5
1152112;RET VOLANTE HONDA CIVIC;5,;61,72;RET-2_C.1
115026210;RET VOLANTE HONDA CIVIC CRV 2017/... HRV 2019/...;0,;212,31;
1150000;RET VOLANTE HYUNDAI EXCEL 1.5 8V ACCENT 1.4 16V;0,;83,66;
115025611;RET VOLANTE HYUNDAI EXCEL MTR 1.5 8V ACCENT MTR 1.;0,;93,45;
1150211;RET VOLANTE HYUNDAI H100 L200 L300 TUCSON I30 G4GC;8,;50,66;RET-2_E.7
115025605;RET VOLANTE HYUNDAI HR 13/... KIA SORENTO 02/... B;0,;78,90;
1150177;RET VOLANTE HYUNDAI TUCSON I30 KIA SPORTEGECERATO;3,;50,39;RET-2_G.3
115214001;RET VOLANTE IVECO 3.0 16V 2008/... F30DT - DUCATO;0,;184,79;
115023707;RET VOLANTE LAND ROVER FREELANDER 2 MTR 3.2 B6324S;0,;267,55;
1160230;RET VOLANTE MB SPRINTER CDI LA DIESEL BI TURBO EUR;7,;67,28;RET-4_A.2
1150154;RET VOLANTE MITSUBISHI ECLIPSE PAJERO MONTERO 4M40;6,;130,57;RET-2_B.5
1152196;RET VOLANTE MITSUBISHI MONTERO III PAJERO TD TRITO;6,;261,90;RET-2_J.2
1150158;RET VOLANTE MWM MICRO ONIBUS VOLARE MWM SPRINT 4/6;0,;126,12;
1150260;RET VOLANTE NISSAN SENTRA TIIDA VERSA LIVINA RENAU;7,;53,52;RET-2_D.9
1150298;RET VOLANTE PEUG 205 206 305 306 309 405 806 8/16V;1,;140,02;RET-2_E.5
1150296;RET VOLANTE PEUGEOT 205 305 306 309 405 PARTNER BO;0,;77,87;
1110253BP;RET VOLANTE PLAS BOR MOLA FLANGE VW GOL PARATI MI;2,;117,54;RET-3_B.2
11102103BP;RET VOLANTE PLAS BOR MOLA FLANGE VW KOMBI 1.4 GOL;2,;202,43;RET-1_C.1
1111135;RET VOLANTE PRETO VW BRASILIA KOMBI FUSCA GOL 1.3;3,;24,31;RET-3_J.2
1152114;RET VOLANTE RENAULT 19 EXPRESS MEGANE SCENIC CLIO;1,;87,84;RET-2_D.8
1150272;RET VOLANTE RENAULT CLIO R9 R11 R19 1.3 1.4 1.6;0,;83,52;
1152175;RET VOLANTE RENAULT MASTER TRAFIC 16V G9U 720 724;0,;60,18;
1150202;RET VOLANTE RENAULT TRAFIC;0,;77,20;
1150286;RET VOLANTE RENAULT TWINGO CLIO II KANGOO SANDERO;7,;60,59;RET-2_F.7
1151110;RET VOLANTE SCENIC MEGANE LAGUNA ESPACE F3R 742 76;5,;58,52;RET-2_F.2
1152104;RET VOLANTE SUZUKI G10A G10B G13BA G13K G13BB G13A;0,;100,36;
1152106;RET VOLANTE TOYOTA COROLLA 4AFE 7AFE 1.6 1.8 16V;6,;96,19;RET-2_J.1
1152154;RET VOLANTE TOYOTA COROLLA PRIUS 07/... 2ZR-FE 1.8;21,;41,73;RET-2_G.8
1152146;RET VOLANTE TOYOTA COROLLA VVTI FILDER VVTI RAV4 1;5,;66,13;RET-2_J.6
1150264;RET VOLANTE TOYOTA HILUX TD LANDCRUISER 90TD 3.0 1;12,;97,84;RET-2_E.4
11202166;RET VOLANTE TRASEIRO CTDI LTZ 2.8 4 CILS 16V DIESE;3,;51,11;RET-3_G.2
1111135BRGS;RET VOLANTE VERM VW BRASILIA KOMBI FUSCA GOL 1.3 1;0,;36,77;
1181972BRGS;RET VOLANTE VW CAMINHAO 6.80 7.90 GM D10 20 60 70;0,;299,41;
1111945;RET VOLANTE VW GOL PASSAT FORD CORCEL II PAMPA ESC;0,;33,85;
119021101;RET VOLANTE VW MAN D0834 D0836 CONSTELLATION 17.26;0,;175,88;
1112283;RET VOLANTE VW SANTANA 85 VOYAGE GOL GT PARATI PAS;4,;65,84;RET-3_J.1
1150298VT;RET.TRAS.GIRAB.90 X 110 X 7 PEUGEOT 306 / 405 / 40;0,;68,55;
1431330;RETENTOR CUBO RODA TRASEIRO BRASEIXOS DUPLA;0,;16,58;
3594;RETENTOR DA POLIA ARVORE DE MANIVELA, P/PICK UP RA;2,;71,33;
3595;RETENTOR DO DIFERENCIAL P/ PICK UP RANGER;1,;147,42;
1427395;RETENTOR DO SEMI EIXO TRASEIRO CHEVROLET S10/BLAZE;3,;34,48;RET-2_A.5
145100501;RETENTOR VEDADOR PÓ RODA DIANTEIRA HILUX 88/10 SW4;0,;232,94;
255421;RETROREF TRAS FIAT DUCATO RUBI TODOS;0,;55,20;
255422;RETROREF TRAS FIAT DUCATO RUBI TODOS;0,;32,98;
255022;RETROREF TRAS FIAT PALIO FIRE 03/... WEEK ADV 08/.;0,;31,40;
255121;RETROREF TRAS FIAT PALIO FIRE 03/... WEEK ADV 08/.;0,;69,00;
255122;RETROREF TRAS FIAT PALIO FIRE 03/... WEEKEND ADV 0;0,;31,40;
254422;RETROREF TRAS FIAT SIENA 01/... WEEKEND 08/... LD;0,;37,38;
254522;RETROREF TRAS FIAT SIENA 01/... WEEKEND 08/... LE;0,;37,38;
254622;RETROREF TRAS FIAT STRADA 04/... LD RUBI;0,;18,58;
254721;RETROREF TRAS FIAT STRADA 04/... LE;0,;40,02;
254722;RETROREF TRAS FIAT STRADA 04/... LE RUBI;0,;18,58;
254822;RETROREF TRAS FIAT UNO 2010/... LD RUBI;0,;8,47;
254922;RETROREF TRAS FIAT UNO 2010/... LD RUBI;0,;8,47;
254921;RETROREF TRAS FIAT UNO 2010/... LE RUBI;0,;22,08;
155322;RETROREF TRAS GM MERIVA TODAS LE RUBI;0,;24,14;
400022;RETROREF TRAS PEUGEOT BOXER RUBI TODOS;0,;32,98;
300222;RETROREF TRAS PEUGEOT BOXER RUBI TODOS;0,;32,98;
350022;RETROREF TRAS TOYOTA COROLLA 09/11;0,;44,54;
3597;ROLAMENTO DA ARVORE DE MANIVELAS, P/PICK UP RANGE;1,;156,93;
ZBA407625;ROLAMENTO DIANT GOL ANTIGO BAHB311315;30,;93,90;
401296016;RPDFV WEBER 228 DFV FORD CORCEL II BELINA DEL REY;0,;9,35;
401296017;RPDFV WEBER 228 DFV FORD CORCEL II BELINA DEL REY;0,;7,66;
401296018;RPDFV WEBER 228 DFV FORD CORCEL II BELINA DEL REY ;0,;7,66;
401296020;RPDFV WEBER 228 DFV FORD CORCEL II BELINA DEL REY;0,;8,51;
401296023;RPDFV WEBER 228 DFV FORD CORCEL II BELINA DEL REY;0,;7,66;
401296100;RPDFV WEBER 228 DFV FORD CORCEL II BELINA DEL REY;0,;7,66;
401296115;RPDFV WEBER 228 DFV FORD CORCEL II BELINA DEL REY;0,;8,51;
401296120;RPDFV WEBER 228 DFV FORD CORCEL II BELINA DEL REY;0,;8,51;
401217100;RPML WEBER 460 FORD CHT;0,;14,16;
401217150;RPML WEBER 460 FORD CHT 150;0,;14,10;
401218080;RPMP WEBER 190 495 450 M PROG FORD ESCORT VERSAILL;0,;7,51;
401218090;RPMP WEBER 190 495 450 M PROG FORD ESCORT VERSAILL;0,;7,51;
401218105;RPMP WEBER 190 495 450 M PROG FORD ESCORT VERSAILL;0,;7,51;
401218110;RPMP WEBER 190 495 450 M PROG FORD ESCORT VERSAILL;0,;7,51;
401218115;RPMP WEBER 190 495 450 M PROG FORD ESCORT VERSAILL;0,;7,51;
401218120;RPMP WEBER 190 495 450 M PROG FORD ESCORT VERSAILL;0,;7,51;
401218125;RPMP WEBER 190 495 450 M PROG FORD ESCORT VERSAILL;0,;7,51;
401218130;RPMP WEBER 190 495 450 M PROG FORD ESCORT VERSAILL;0,;7,51;
401218135;RPMP WEBER 190 495 450 M PROG FORD ESCORT VERSAILL;0,;7,51;
401218140;RPMP WEBER 190 495 450 M PROG FORD ESCORT VERSAILL;0,;7,51;
401218145;RPMP WEBER 190 495 450 M PROG FORD ESCORT VERSAILL;0,;7,51;
401218150;RPMP WEBER 190 495 450 M PROG FORD ESCORT VERSAILL;0,;7,51;
401218160;RPMP WEBER 190 495 450 M PROG FORD ESCORT VERSAILL;0,;7,51;
401218165;RPMP WEBER 190 495 450 M PROG FORD ESCORT VERSAILL;0,;7,51;
401218170;RPMP WEBER 190 495 450 M PROG FORD ESCORT VERSAILL;0,;7,51;
401218175;RPMP WEBER 190 495 450 M PROG FORD ESCORT VERSAILL;0,;7,51;
401218180;RPMP WEBER 190 495 450 M PROG FORD ESCORT VERSAILL;0,;7,51;
401218185;RPMP WEBER 190 495 450 M PROG FORD ESCORT VERSAILL;0,;7,51;
401218190;RPMP WEBER 190 495 450 M PROG FORD ESCORT VERSAILL;0,;7,51;
401218195;RPMP WEBER 190 495 450 M PROG FORD ESCORT VERSAILL;0,;7,51;
401218200;RPMP WEBER 190 495 450 M PROG FORD ESCORT VERSAILL;0,;7,51;
401218205;RPMP WEBER 190 495 450 M PROG FORD ESCORT VERSAILL;0,;7,51;
401218085;RPMP WEBER 190 495 450 M PROG FORD ESCORT VERSAILL;0,;7,51;
4012109;SACADOR CORRETOR AR CARB SOLEX 2E 3E FORD GM VW;0,;345,40;
SACOLA BASTOS;SACOLAS PARA DIVULGACAO EM FEIRAS E EVENTOS;0,;7,00;
GR-015;SAPATA APARA ALINHAMENTO 58 MM PAR;25,;50,00;
GR-013;SAPATA ELEVADOR 120MM SEM ENCAIXE;9,;83,33;
GR-014;SAPATA ELEVADOR ENCAIXE COPO 114MM PAR;82,;42,86;
GR-012;SAPATA ELEVADOR PAR 120MM COM ENCAIXE;17,;71,43;
GR-011;SAPATA ELEVADOR QUADRADA 104MM;21,;83,33;
GR-010;SAPATA PARA ELEVADOR GRANDE 155MM;16,;83,33;
14400100;SELO 10 0 MM VIRABREQUIM FIAT;0,;2,39;
14000105;SELO 10 5 MM MEDIDA ESPECIAL;0,;1,21;
14000110;SELO 11 0 MM MEDIDA ESPECIAL;0,;1,21;
14400120;SELO 12 0 MM CABECOTE PEQUENO FIAT;0,;0,88;
14900125;SELO 12 5 MM BLOCO MOTOR VOLVO;0,;1,37;
14200127;SELO 12 7 MM CABECOTE CHEVETTE GM;0,;2,15;
14100130;SELO 13 0 MM COLETOR PASSAT MODELO NOVO;0,;0,88;
14100140;SELO 14 0 MM COLETOR ADM VW FIAT CARC CAMBIO;0,;3,15;
14900145;SELO 14 5 MM BLOCOMOTOR VOLVO N10 12;0,;1,41;
14200147;SELO 14 7 MM BLOCO MOTOR CAVALETE CHEVETTE NOR 537;0,;1,29;
14200152;SELO 15 2 MM OLEO LUBRIF CHEVETTE;0,;1,71;
14100162;SELO 16 2 MM COLETOR ADM VW;0,;3,01;
14700177;SELO 17 7 MM BLOCO MOTOR PERKINS;0,;2,92;
14200180;SELO 18 0 MM COLETOR ADM VW GM CABECOTE;0,;2,92;
14800182;SELO 18 2 MM BLOCO DO MOTOR MWM;0,;3,16;
14000182;SELO 18 2 MM MEDIDA ESPECIAL;0,;18,86;
10173;SELO 19 0 MM BLOCO MOTOR PASSAT ALEMAO IMPORTADO;0,;1,70;
14100190;SELO 19 0 MM BLOCO MOTOR PASSAT ALEMAO IMPORTADO;0,;2,71;
14800191;SELO 19 1 MM CABECOTE MWM;0,;3,20;
14000193;SELO 19 3 MM MEDIDA ESPECIAL;0,;2,57;
14100201;SELO 20 1 MM COLETOR FIAT PASSAT ESCORT;0,;2,78;
14900211;SELO 21 1 MM BLOCO MOTOR BAIXO SCANIA;0,;4,09;
14300211;SELO 21 1 MM BLOCO MOTOR FORD 6600;0,;4,67;
14700222;SELO 22 2 MM BLOCO MOTOR PERKINS;0,;4,17;
14800225;SELO 22 5 MM BLOCO MOTOR VED D AGUA MWM;0,;5,17;
14000225;SELO 22 5 MM MEDIDA ESPECIAL;0,;19,43;
14000228;SELO 22 8 MM MEDIDA ESPECIAL;0,;4,19;
14100231;SELO 23 1 MM D AGUA CABECOTE;0,;4,30;
14200238;SELO 23 8 MM COLETOR AGUA LINHA GM;0,;4,19;
14200240;SELO 24 0 MM CABECOTE GM ALTO;0,;5,11;
14100243;SELO 24 3 MM CABECOTE VW GM;0,;5,55;
14100250;SELO 25 0 MM VW 85 EM DIANTE;0,;5,55;
14500252;SELO 25 2 MM BLOCO MOTOR BAIXO SCANIA L94 P93 R114;0,;5,55;
14700252;SELO 25 2 MM BLOCO MOTOR PERKINS;0,;6,71;
14700254;SELO 25 4 MM BLOCO MOTOR PERKINS;0,;5,53;
14000254;SELO 25 4 MM MEDIDA ESPECIAL;0,;20,18;
14000258;SELO 25 8 MM MEDIDA ESPECIAL;0,;5,07;
14200263;SELO 26 3 MM COLETOR CHEVETTE MONZA KADETT GM;0,;5,22;
14500271;SELO 27 1 MM BLOCO MOTOR PEUGEOT 1 6 8V 16V;0,;5,11;
14400282;SELO 28 2 MM CABECOTE GRANDE FIAT;0,;2,60;
14400284;SELO 28 4 MM BLOCO MOTOR FIAT DUCATO;0,;7,13;
14400288;SELO 28 8 MM VIRABREQUIM FIAT;0,;5,22;
14000293;SELO 29 3 MM MEDIDA ESPECIAL;0,;6,49;
14200300;SELO 30 0 M CABECOTE CHEVETTE APOS 73 GM;0,;4,32;
14200302;SELO 30 2 MM CABECOTE GM;30,;7,06;SAI_C.8
14900306;SELO 30 6 MM BLOCO MOTOR CUMMINS;0,;7,56;
14400304;SELO 30.4 MM BLOCO MOTOR FIAT 1 6 8V 16V 92;50,;4,97;SEL-1_A.6
14800312;SELO 31 2 MM BLOCO MOTOR D AGUA MWM;0,;8,79;
14000318;SELO 31 8 MM MEDIDA ESPECIAL;0,;7,90;
14700320;SELO 32 0 MM BLOCO MOTOR PERKINS;0,;9,26;
14000333;SELO 33 3 MM MEDIDA ESPECIAL;0,;8,10;
14200340;SELO 34 0 MM BLOCO MOTOR GM IMPORTADO;157,;8,79;SEL-1_D.1
14200344;SELO 34.4 MM BLOCO GM CORSA CELTA CHEVETTE;200,;5,80;SEL-2_C.2
14000350;SELO 35 0 MM SELO ESPECIAL;0,;9,63;
14700353;SELO 35 3 MM BLOCO MOTOR PERKINS;20,;11,39;RET-7_E.1
14100368;SELO 36 8 MM BLOCO MOTOR VW;0,;8,32;
14200362;SELO 36,2 MM BLOCO MOTOR FIAT EVO MONZA 88/..;30,;4,68;RET-7_C.3
14300380;SELO 38 0 MM FORD 66 MAVERICK;0,;16,14;
14700384;SELO 38 4 MM TAMPA LATERAL DO MOTOR PERKINS;0,;14,04;
14300396;SELO 39 6 MM BLOCO MOTOR FORD;0,;10,90;
14400402B;SELO 40 2 MM BLOCO MOTOR BAIXO TEMPRA TIPO;0,;12,49;
14400402;SELO 40 2 MM BLOCO MOTOR TEMPRA TIPO;0,;15,81;
14200405;SELO 40 5 MM BLOCO MOTOR GRANDE CHEVETTE;0,;16,93;
14400407;SELO 40 7 MM BLOCO MOTOR FIAT DUCATO;0,;14,63;
14500410;SELO 41 0 MM BLOCO MOTOR BESTA TOPIC L200;0,;16,37;
14200415;SELO 41 5 MM BLOCO MOTOR OPALA;0,;15,06;
14300416;SELO 41 6 MM BLOCO MOTOR KA FIESTA COURRIER 96 99;0,;15,06;
14000418;SELO 41 8 MM MEDIDA ESPECIAL;0,;14,87;
14000424;SELO 42 4 MM MEDIDA ESPECIAL;0,;15,05;
14700441;SELO 44 1 MM BLOCO MOTOR TRATOR 6600;0,;16,37;
14500444;SELO 44 4 MM BLOCO MOTOR NISSAN;0,;18,78;
14300448;SELO 44 8 MM BLOCO MOTOR AGUA F100 F600;0,;18,94;
14600452;SELO 45 2 MM CABECOTE MERC BENZ 326 331 335;0,;19,87;
14300461;SELO 46 1 MM BLOCO MOTOR FORD 6600;0,;18,94;
14600464;SELO 46 4 MM BLOCO MOTOR SPRINTER 2 8;0,;18,94;
14500400;SELO 46X6MM BLOCO MOTOR DIESEL BESTA BONGO KIA;0,;52,60;
14700470;SELO 47 0 MM BLOCO MOTOR PERKINS;0,;21,25;
14000483;SELO 48 3 MM MEDIDA ESPECIAL;0,;19,55;
14500498;SELO 49 8 MM BLOCO MOTOR KIA;0,;14,17;
14800500;SELO 50 0 MM BLOCO MOTOR AGUA MWM;0,;22,18;
14700502;SELO 50 2 MM BLOCO DO MOTOR PERKINS;0,;15,76;
14500502;SELO 50 2 MM CABECOTE MITSUBISHI;0,;15,76;
14200508;SELO 50 8 MM BLOCO MOTOR GM C10;0,;17,13;
14200512;SELO 51 2 MM BLOCO MOTOR TRASEIRA OPALA;0,;16,60;
14300524;SELO 52 4 MM  COMANDO TRASEIRO F100 F600;0,;19,94;
14600527;SELO 52 7 MM TAMPA VED SPRINTER MB;0,;21,69;
14200533;SELO 53 3 MM BLOCO MOTOR OPALA CAMINH APOS 69 A10;0,;21,69;
14000535;SELO 53 5 MM MEDIDA ESPECIAL;0,;19,89;
14000550;SELO 55 0 MM MEDIDA ESPECIAL;0,;19,89;
14600572;SELO 57 2 MM BLOCO MOTOR MB;0,;19,94;
14000581;SELO 58 1 MM MEDIDA ESPECIAL;0,;25,02;
14600586;SELO 58 6 MM BLOCO MOTOR MERC BENZ 335;0,;17,28;
14600593;SELO 59 3 MM BLOCO MOTOR OM355;0,;18,39;
14600602;SELO 60 2 MM BLOCO MOTOR MB;0,;20,96;
14600605;SELO 60 5 MM BLOCO DO MOTOR MERC BENZ TODOS;0,;19,94;
14000623;SELO 62 3 MM MEDIDA ESPECIAL;0,;22,93;
14200635;SELO 63 5 MM BLOCO MOTOR GM OPALA C10 D10;0,;21,61;
1440049;SELO 65.30 MM FIAT UNO SMART PALIO SIEN IDEIA PUNT;200,;10,60;SEL-2_A.1
14000096;SELO 9 6 MM MEDIDA ESPECIAL;0,;0,88;
1440049P01;SELO BLOCO MOTOR 100 PCS FIAT UNO SMART PALIO SIEN;0,;10,35;
1440049P05;SELO BLOCO MOTOR 500 PCS FIAT UNO SMART PALIO SIEN;0,;5,20;
1440049D;SELO BLOCO MOTOR DOURADO FIAT UNO SMART PALIO SIEN;0,;10,60;SEL-1_A.1
14110300;SELO CAMBIO 40 X6MM FORD VERONA VW APOLLO POINTER;32,;22,84;SEL-1_A.3
14110409;SELO COMANDO 27.5 X 7 S ABA VW 1300 1500 1600 GOL;1,;14,22;SEL-1_B.7
14110412;SELO COMANDO 28 30 X 7 SOB  MEDIDA C ABA  VW SEDAN;19,;14,22;SEL-2_E.1
14110411;SELO COMANDO 28 X7 S ABA VW SEDAN BRASILIA KOMBI 1;10,;14,22;SEL-1_B.4
1450187;SELO COMANDO 47X7 RENAULT CLIO KANGOO TWINGO 2001;4,;70,91;SEL-1_B.2
1450175;SELO CORREIA 43.2 X 9 RENAULT MASTER TRAFIC G9U 72;4,;57,33;RET-6_E.6
1451134;SELO CORREIA PQ 42.5X38.5X8.8 RENAULT 1.6 K4M 2.0;-1,;12,82;SEL-1_A.4
1450169;SELO DO BLOCO MTR HONDA;9,;30,60;SEL-1_B.6
14200166;SELO EMBORR 43.0X7.0MM GM S10 TRAILBLAZER DURAMAX;2,;18,61;SEL-2_D.3
145103707;SELO EMBORR BLOCO 110X8.0MM LAND ROVER FREELANDER ;0,;98,56;
141101173;SELO EMBORR CAMBIO 67X13.0MM VW AMAROK 6 MACHAS;0,;28,30;
1451037071;SELO EMBORR COMANDO 35X7.0MM LAND ROVER FREELANDER;0,;84,38;
141101171;SELO EMBORR TP CABE 32.0X8.5MM VW AMAROK MTR CDCA;0,;48,82;
1440087BP;SELO FLANGE BOR PLAS BLOCO MOTOR FIAT DOBLO GRAND;5,;31,42;SEL-1_A.5
1450134;SELO FRON DIST GD 57X10.5 RENAULT 1.6 K4M 2.0 F4R;6,;13,53;SEL-1_B.3
14100287;SELO METAL 28,7MM COMANDO VW AR 1.3 1.5 1.6;0,;5,34;
1450186;SELO MOTOR 40.2 RENAULT CLIO 1.0 D7D 8 VAL.;0,;13,35;
1450021;SELO MOTOR 46 X 6 KIA BESTA BONGO 2.2 DIESEL;0,;30,37;
1440057;SELO MOTOR 50.3 X 9 MM FIAT MAREA 1.8 4 CIL 16 VAL;0,;87,02;
1450116;SELO MOTOR VW JETTA PASSAT TIGUAN AUDI Q3 A3 A3 A4;0,;84,28;
1450169BP;SELO NYLON ANEL ORING TAMPA DIST CABE HONDA ACCORD;5,;22,51;RET-5_B.5
1440033;SELO TAMPAO BUJAO CARCACA VALVULA TERMOSTATICA FIA;0,;28,47;
14110415;SELO TRAMBULADOR CAMBIO VW PASSAT GOL VOYAGE PARAT;6,;35,81;SEL-1_B.8
1452134;SELO TV PEUGEOT RENAULT CLIO SCENIC 1.6 16V 63.2X6;5,;47,93;SEL-1_B.5
46824133;SENS TEMP C/FLANGE FIAT PALIO FIRE 1.0/1.3 8/16V 0;0,;60,26;
6Q0972804B;SENSOR ABS DIANT DIR VW GOL VOY UP POLO;25,;116,98;
6Q0972803B;SENSOR ABS DIANT ESQ VW GOL VOY UP POLO;25,;116,98;
10071162343;SENSOR ABS TRAS DIR VW GOL VOY UP POLO;25,;65,80;
10071162333;SENSOR ABS TRAS ESQ VW GOL VOY UP POLO;25,;57,90;
8892VP;SENSOR DE NÍVEL DE COMBUSTÍVEL CITROËN C3 1.4 8V F;1,;50,85;
8096VP;SENSOR DE NÍVEL DE COMBUSTÍVEL CITROËN C3 12/2005;0,;58,33;
8067VP;SENSOR DE NÍVEL DE COMBUSTÍVEL CROSSFOX TODOS 09/2;0,;58,33;
8781VP;SENSOR DE NÍVEL DE COMBUSTÍVEL FIAT DOBLO ADVENTUR;2,;51,37;
8082VP;SENSOR DE NÍVEL DE COMBUSTÍVEL FIAT DOBLO TODOS 02;2,;58,33;
8086VP;SENSOR DE NÍVEL DE COMBUSTÍVEL FIAT FIORINO 1.5 MP;2,;57,98;
8128VP;SENSOR DE NÍVEL DE COMBUSTÍVEL FIAT IDEA 1.8 8V 20;3,;47,91;
8688VP;SENSOR DE NÍVEL DE COMBUSTÍVEL FIAT IDEA ADVENTURE;0,;51,37;
8059VP;SENSOR DE NÍVEL DE COMBUSTÍVEL FIAT IDEA FLEX 2006;4,;66,02;
8778VP;SENSOR DE NÍVEL DE COMBUSTÍVEL FIAT PALIO WEEKEND;0,;53,56;
8068VP;SENSOR DE NÍVEL DE COMBUSTÍVEL FIAT PALIO WEEKEND;5,;63,74;
8689VP;SENSOR DE NÍVEL DE COMBUSTÍVEL FIAT STRADA ADVENTU;0,;55,23;
8779VP;SENSOR DE NÍVEL DE COMBUSTÍVEL FIAT UNO FIRE 1.3 8;3,;65,61;
8074VP;SENSOR DE NÍVEL DE COMBUSTÍVEL FURGONETA 2006 > 04;4,;66,28;
8023VP;SENSOR DE NÍVEL DE COMBUSTÍVEL TUBULAR FIAT UNO, P;1,;83,94;
8077VP;SENSOR DE NÍVEL DE COMBUSTÍVEL VW KOMBI 1.4/1.6 8V;5,;66,41;
312701;SEPARADOR VAPOR DESBORBULHADOR SAIDA MESMO LADO VW;13,;28,03;INJ-C1_E
322701;SEPARADOR VAPOR DESBORBULHADOR SAIDA UMA OPOSTOS D;14,;28,03;CARB-C1_D
196450;SILIC ALT TEMP INTERFIX 50G 850;0,;16,67;
999901;SOB ENCOMENDA JUNTAS PEQUENAS DIVERSAS;0,;164,88;
4156111;SUP REG DE PRESSAO VW KOMBI 1 4 8V TOTAL FLEX;0,;152,68;
V5050;SUP SUSP GM CORSA CELTA 98/... LD;70,;55,56;
V5051;SUP SUSP GM CORSA CELTA LE;70,;55,56;
NMD0701;SUPORTE DA BARRA GM CORSA 94...98/ CORSA PICK UP 9;36,;49,74;
NME0702;SUPORTE DA BARRA GM CORSA 94...98/ CORSA PICK UP 9;36,;49,74;
NMD0703;SUPORTE DA BARRA GM CORSA 98.. /CORSA SEDAN 98.../;29,;49,74;
NME0704;SUPORTE DA BARRA GM CORSA 98../ CORSA SEDAN 98../;24,;49,74;
NPN0264;SUPORTE DA BARRA VW FUSCA SUP ESQ/DIR;8,;36,79;
93309134;SUPORTE DA SUSP GM CORSA/CELTA 98/... L/D;129,;90,36;MEC-1_E.2(DIR)
93309133;SUPORTE DA SUSP GM CORSA/CELTA 98/... L/E;26,;90,36;MEC-1_E.2(ESQ)
02.024.0;SUPORTE DIANT BARRA TENSORA AGILE LD;10,;0,01;
02.006.0;SUPORTE DIANT BARRA TENSORA CORSA 98 LD;100,;63,15;
02.007.0;SUPORTE DIANT BARRA TENSORA CORSA 98 LE;100,;63,15;
02.025.0;SUPORTE DIANTEIRO BARRA TENSORA AGILE LE;10,;0,01;
7904VP;SUPORTE NYLON C PLUG ELET FIAT IDEA MPI FIRE PALIO;0,;69,67;
7908VP;SUPORTE NYLON C ROSCA ADAPTACAO FIAT IDEA PALIO WE;5,;60,64;
01.12.MEC02;SUPORTE PARA MOTOR VALOR APROX. TRIB. R$42,24 FEDE;1,;746,77;
1900;T CONEXAO CARB SOLEX 1300/1500 6MM;0,;39,32;
191710095BN;TAMPA BALANCEIROS LATERAL CUMMINS ISB6;0,;218,85;
19171011SL;TAMPA BALANCEIROS LATERAL CUMMINS ISC 6C;0,;188,95;
144187;TAMPA BOR FIAT 1.8 16V DOBLO GRAND SIENA IDEA PALI;21,;44,45;DIV-3_F.4
120101;TAMPA DO OLEO DO MTR CHEVETTE OPALA;0,;11,27;
1155471;TAMPA FLANGE AGUA MTR AP VW PASSAT GOL SANTANA SAV;0,;25,08;
193710073;TAMPA RESFRIADOR (MAQ. AGRICOLA) CUMMINS 6C;0,;49,98;
194210047;TAMPA RESFRIADOR CUMMINS 4B;0,;91,92;
19421004R;TAMPA RESFRIADOR CUMMINS 4B;0,;102,13;
194210083;TAMPA RESFRIADOR CUMMINS ISB4;0,;89,99;
311713;TAMPA VAL MAXIMA SOLEX 2E 3E FORD ESCORT VERSAILLE;0,;13,94;
311712;TAMPA VAL MAXIMA SOLEX 34 SEIE40 EIS 35 ALFA1 30 3;0,;22,69;
15173315TV;TAMPA VALVULA  C TAMPA OLEO BMW 116I 118I 120I 316;0,;1.645,13;
15173316TV;TAMPA VALVULA  C TAMPA OLEO MINI COOPER N12B14A BM;0,;925,91;
15179602TV;TAMPA VALVULA  C TAMPA OLEO PEUGEOT THP 1.6 16V TU;0,;1.631,90;
1117121TV;TAMPA VALVULA AUDI A1 A3 A5 A6 TT Q3 VW GOLF JETTA;0,;1.377,80;
15173301TV;TAMPA VALVULA BMW 118I 120I 318I 320I X3I Z4I MTR;0,;1.467,55;
15173307TV;TAMPA VALVULA BMW 135I 335I 535I Z4 X6 SERIE 1 3 7;0,;2.337,24;
15173311TV;TAMPA VALVULA BMW 228I 320I 428I 528I X1 X2 X3 X4;0,;1.433,80;
15173309TV;TAMPA VALVULA BMW 323I 325I 523I  Z4I X1 X3 X5 Z4;0,;1.953,83;
151733041TV;TAMPA VALVULA BMW 323I 325I 523I Z3 328I E39 E46 E;0,;1.267,04;
15173304TV;TAMPA VALVULA BMW 323I 325I 523I Z3 328I E39 E46 E;0,;1.053,35;
151733012TV;TAMPA VALVULA BMW X1 X3 Z4 SERIE 1 3 5 MTR N46 2.0;0,;1.711,61;
15173318TV;TAMPA VALVULA BMW X3 X4 X5 X6 GT 135I 335I XDRIVE;0,;2.337,24;
15173317TV;TAMPA VALVULA C TAMPA OLEO BMW 120I 125I 135I 330E;0,;3.214,70;
131783TV;TAMPA VALVULA C TAMPA OLEO FORD TRANSIT 2.0 TDCI 2;0,;1.246,18;
131785TV;TAMPA VALVULA C TAMPA OLEO FORD TRANSIT 2.4 16V 4C;0,;1.035,92;
1517134DTV;TAMPA VALVULA C TAMPA OLEO LD PEUGEOT 206 307 PART;0,;926,16;
15179609TV;TAMPA VALVULA C TAMPA OLEO PEUGEOT THP 1.6 16V TUR;0,;1.067,35;
1217164TV;TAMPA VALVULA CHEVROLET CRUZE 2013 A 2016 SONIC 1.;0,;708,79;JOG-1_CIMA
131773TV;TAMPA VALVULA FORD ECOSPORT FOCUS FUSION MONDEO RA;1,;507,19;EM CIMA JOG-11
121708TV;TAMPA VALVULA GM CORSA CELTA PRISMA 04-98/... MPFI;0,;130,23;
1517187TV;TAMPA VALVULA HYUNDAI HB20 HB20S I30 VELOSTER CRET;0,;1.240,02;
15175605TV;TAMPA VALVULA HYUNDAI HR 13/... KIA SORENTO EX 2.5;0,;896,67;
15178008TV;TAMPA VALVULA HYUNDAI I30 IX35 ELANTRA CRETA CERAT;0,;1.005,63;
151756TV;TAMPA VALVULA KIA BESTA 2.7 GS 3.0 16 LUGARES K270;0,;747,91;
131774TV;TAMPA VALVULA LAND ROVER 2 FREELANDER 2 EVOQUE MTR;0,;871,70;
15173701DTV;TAMPA VALVULA LD C TAMPA OLEO LAND ROVER RANGE ROV;0,;1.336,27;
15173708DTV;TAMPA VALVULA LD LAND ROVER DISCOVERY 4 5 RANGE RO;0,;2.337,24;
15173708ETV;TAMPA VALVULA LE LAND ROVER DISCOVERY 4 5 RANGE RO;0,;2.050,20;
15173701ETV;TAMPA VALVULA LE LAND ROVER RANGE ROVER SPORT DICO;0,;1.235,87;
1517134ETV;TAMPA VALVULA LE PEUGEOT 206 307 PARTNER CITROEN C;0,;926,16;
161734TV;TAMPA VALVULA MERCEDES SLK200 CLK200 C200 CLC180 E;0,;1.510,51;
39170104BN;TAMPA VALVULA MOTOCICLETA HONDA MOTOR - CG TITAN F;0,;5,26;
151760037TV;TAMPA VALVULA NISSAN FRONTIER 07/...PATHIFINDER MT;1,;966,83;EM CIMA JOG-12
15176004TV;TAMPA VALVULA NISSAN FRONTIER D 2012/... MTR YO25D;0,;1.684,28;
145501;TAMPA VALVULA TERMOSTATICA FIAT 147 OGGI UNO PREMI;0,;48,79;
135513;TAMPA VALVULA TERMOSTATICA FORD ESCORT CORCEL DEL;0,;49,12;
135529;TAMPA VALVULA TERMOSTATICA FORD FIESTA KA COURIER;0,;30,07;
1355132;TAMPA VALVULA TERMOSTATICA RETORNO FORD ESCORT COR;0,;81,50;
1517155TV;TAMPA VALVULA TOYOTA HILUX PITBULL 16V 2005/... 1K;1,;907,33;JOG-1_CIMA
1517157TV;TAMPA VALVULA TOYOTA HILUX SW4 2012 2015 MTR 16V 1;0,;707,73;
15175012TV;TAMPA VALVULA TOYOTA HILUX SW4 SRV 2016/... MTR 2.;0,;1.181,12;
151796021TV;TAMPA VALVULA TUBO 26.0MM C TAMPA OLEO MINI COOPER;0,;1.442,50;
1117117TV;TAMPA VALVULA VW AMAROK MTR 2.0 16V 4CIL CNFA CNFA;1,;602,00;JOG-1_CIMA
1117122TV;TAMPA VALVULA VW JETTA BORA MTR 2.5 20V BGB BRC BW;0,;1.098,50;
445633;TAMPAO DA CARCACA DE VALVULA TERMOSTATICA PALO BRA;0,;22,26;
01T;TAPETE BASTOS JUNTAS;0,;78,91;
800.05;TAPETE UNIVERSAL MOD A FIAT BRAVA DOBLO ELBA FIORI;0,;48,89;
800.06;TAPETE UNIVERSAL MOD B FIAT 500 BRAVO LINEA FORD C;0,;48,89;
800.07;TAPETE UNIVERSAL MOD C FIAT BRAVA DOBLO ELBA FIORI;0,;48,89;
800.08;TAPETE UNIVERSAL MOD D;0,;48,89;
1170572;TAQUIMETRO D4 203 D60 D70 F11000 F13000 F600 F700;0,;12,33;
55226056;TENS COR DENT AUTOM PALIO STRADA FIRE 1.4 8V 09>;432,;102,24;
VTO8220R;TENS COR DENT Ø EXT 55,5 / Ø EXT 1 MM (OD1) 55,5 /;1,;71,09;
VTO7062R;TENS COR DENT Ø EXT 57 / Ø EXT 1 MM (OD1) 57 / LAR;0,;48,86;
VTO8127R;TENS COR DENT Ø EXT 59/59,2 MM LARG 22 MM Ø FURO 8;0,;71,09;
VTO7074R;TENS COR DENT Ø EXT59/59,2 MM LARG 21.96/22 MM Ø F;0,;71,09;
VTO7078R;TENS COR DENT SKF: VKM 11106 L  VW GOL PAR 97... 1;0,;84,42;
820010306P;TENSOR CORR DENT RENAULT CLIO KANGOO TWINGO PEUGEO;18,;174,35;
03L109243BF;TENSOR CORREIA VW AMAROK 2.0 16V;60,;132,75;
030109243P;TENSOR CORREIA VW FOX POLO KOMBI GOL 03/..;249,;98,60;FOR-6_C
04C109479J;TENSOR DENT VW UP JETTA GOLF FOX 14/..;18,;156,50;
46736886;TENSOR FIAT FIRE 1.0;406,;69,23;
CM5G6K245EB;TENSOR FORD KA 1.0 3CC;22,;253,68;
9202478;TENSOR GM 1.0 S/REGULADOR;60,;150,00;
93353848;TENSOR GM 1.8 C/ REGULAGEM;670,;105,04;FOR-6_E
8000103069;TENSOR PEUGEOT RENAULT 1.0 16V;0,;0,01;
8200103069;TENSOR PEUGEOT RENAULT 1.0 16V;36,;99,98;
030109243Q;TENSOR VW CORREIA GOL POWER 1.0 8V;105,;108,24;
NTN0151;TERM DIR UNO 92/09 ELBA 91/96 PREMIO DH/M ESQ. DIR;0,;39,00;
NTD0117;TERMINAL DH DIR. VW GOL 08.../ FOX 03.../ SAVEIRO;28,;36,79;
NTD0153;TERMINAL DH/M DIR. FIAT PALIO 96..11/ PALIO WEEK.;16,;37,98;
NTD0102;TERMINAL DIR. VW BRASILIA/FUSCA 1300/1500/1600/ KO;0,;0,00;
436145;TERMINAL ENGATE DA FLAUTA DA INJECAO FORD FIESTA E;0,;84,05;
NTE0154;TERMINAL FIAT PALIO 96..11/ PALIO WEEK. 96..11/ SI;17,;37,98;
NTN0152;TERMINAL FIAT UNO 92...09/ ELBA 92...96/PREMIO92..;83,;37,98;
NTE0127;TERMINAL FORD KA 08...11/ FIESTA 02...11/ ECO SPOR;0,;36,79;
NTD0128;TERMINAL FORD KA 08..11/ FIESTA 02..11/ ECOSPORT 0;9,;36,79;
NTN0126;TERMINAL FORD KA 96...07/ FIESTA 94..95/ COURIER 9;25,;36,64;
NTN0143;TERMINAL GM CORSA 02...11/MONTANA 04...05 DHM ESQ/;0,;36,79;
NTN0148;TERMINAL GM CORSA M 14X 1,5 /94 / CELTA 01... PRIS;0,;36,79;
NTN0142;TERMINAL GM MERIVA 02..11/ MONTANA 05..11/ DH/E ES;20,;36,79;
NTE0101;TERMINAL VW BRASÍLIA/ FUSCA/ KOMBI 1300/1500 /1600;5,;36,79;
NTE0116;TERMINAL VW GOL 08.../ FOX 03.../ SAVEIRO 09...VOY;5,;36,79;
NTN0106;TERMINAL VW GOL 80...05/ VOYAGE 81...95/ PARATI 83;19,;36,79;
NTN0105;TERMINAL VW GOL 80...05/VOYAGE 81...95/ PARATI 83.;7,;36,79;
NTN0115;TERMINAL VW SANTANA 83..06/ QUANTUM 85..03/ ROYALE;0,;36,64;
7001WS;TP OLEO E VAL ANTI-CHAMA ACOPLADA FORD KA FIESTA T;0,;21,11;
20010;TRAF BORRACHA PORTA TRIBULBO COM ABA UNIVERSAL;21,;58,33;
1535;TRAFILADO DE BORRACHA KOMBI KLIPPER COMPLETA C/ 14;5,;81,86;
1534;TRAFILADO DE BORRACHA KOMBI KLIPPER PORTAS DIANTEI;6,;40,32;
1533;TRAFILADO DE BORRACHA KOMBI TAMPA TRASEIRA;5,;9,86;
20005;TRAFILADO DE BORRACHA PORTA ATEGO/AXOR COM 4,3 MET;2,;60,05;
20007;TRAFILADO DE BORRACHA PORTA CAMINHAO CONSTELLATION;2,;65,03;
20001;TRAFILADO DE BORRACHA PORTA CENTRAL SPRINTER COM 5;2,;78,19;
1644;TRAFILADO DE BORRACHA PORTA DA KOMBI 98....CARATI;5,;31,59;
20002;TRAFILADO DE BORRACHA PORTA DA SPRINTER DIANTEIRA;2,;64,22;
20069;TRAFILADO DE BORRACHA PORTA DIANTEIRA CIVIC C/ 3,7;2,;90,43;
20008;TRAFILADO DE BORRACHA PORTA FOX/CROSSFOX/AGILE/SPA;4,;57,78;
20013;TRAFILADO DE BORRACHA PORTA FOX/CROSSFOX/AGILE/SPA;4,;55,62;
20075;TRAFILADO DE BORRACHA PORTA HILUX/FIT/CITY C/ 3,70;2,;58,35;
1642;TRAFILADO DE BORRACHA PORTA KOMBI CARAT 98....;5,;63,24;
1643;TRAFILADO DE BORRACHA PORTA KOMBI CARAT ESQ. 98...;5,;31,59;
20034;TRAFILADO DE BORRACHA PORTA MALA ECOSPORT COM 3,60;2,;47,92;
20032;TRAFILADO DE BORRACHA PORTA MONZA TRIBULBO SEM ABA;4,;50,81;
20019;TRAFILADO DE BORRACHA PORTA PALIO/SIENA/WEEKEND CO;2,;57,43;
20042;TRAFILADO DE BORRACHA PORTA S10 COM ABA;2,;58,92;
20068;TRAFILADO DE BORRACHA PORTA TRASEIRA CIVIC C/ 3,4;2,;90,43;
20065;TRAFILADO DE BORRACHA PORTA UNO VIVACE 2 PORTAS C/;2,;54,92;
20071;TRAFILADO DE BORRACHA PORTA UNO VIVACE 4 PORTAS C/;2,;50,57;
451398;TRAVA BB COMB INJ ELET CITROEN XSARA PICASSO BERLI;0,;55,57;
441365;TRAVA BB COMB INJ ELET FIAT BRAVA MAREA TIPO;0,;61,10;
4413117;TRAVA BB COMB INJ ELET FIAT DOBLO PUNTO 1.8;0,;65,32;
431345;TRAVA BB COMB INJ ELET FORD COURIER ECOSPORT NOVO;0,;57,19;
431339;TRAVA BB COMB INJ ELET FORD ESCORT VERONA 88/92 TA;0,;41,85;
431353;TRAVA BB COMB INJ ELET FORD RANGER 97/;0,;63,18;
4513186;TRAVA BB COMB INJ ELET HB20 HB20 S;0,;75,28;
4513171;TRAVA BB COMB INJ ELET HONDA FIT CIVIC 01/08;0,;75,28;
451360;TRAVA BB COMB INJ ELET LIVINA TIIDA;0,;67,94;
451387;TRAVA BB COMB INJ ELET PEUGEOT 206 306 406 98/01 P;0,;52,17;
451374;TRAVA BB COMB INJ ELET RENAULT TODOS;0,;56,05;
4213124;TRAVA BB COMB INJ ELET SPIN ONIX COBALT;0,;52,15;
411365;TRAVA BB COMB INJ ELET VW GOL PARATI 97/;0,;50,17;
411361;TRAVA BB COMB INJ ELET VW LOGUS POINTER FORD ESCOR;0,;51,44;
211304;TRAVA FLANGE PILOTO CAMBIO VW FUSCA BRASILIA KOMBI;5,;1,85;
155222;TRETROREF TRAS GM MERIVA TODAS LD RUBI;0,;24,14;
7009WS;TUBO BBA AGUA VW GOL PARATI 1.0 8/16V 97/... FOX 0;0,;15,90;
87105;TUBO BOMBA D'AGUA GOL/PARATI/SAVEIRO 8V;0,;24,71;
7016WS;TUBO CIRCULAÇÃO AGUA GM CELTA PRISMA 1.0 1.4 MPFI;140,;15,83;
7020WS;TUBO CIRCULAÇÃO AGUA GM CELTA PRISMA 1.0 VHC FLEX;0,;18,22;
7018WS;TUBO CIRCULAÇÃO AGUA GM CORSA CLASSIC 1.0 1.4 8V E;114,;15,83;
7019WS;TUBO CIRCULAÇÃO AGUA GM CORSA CLASSIC 1.0 16V MPFI;63,;20,64;
401113060;TUBO INJ CARB 32 DIS 1.3 32 DIS 2 GAS ALC CAL 60;0,;45,69;
401104062;TUBO INJ CARB WEBER 495 TLDF GASOLINA CAL 62;0,;46,86;
401115100;TUBO INJ OPALA CARAVAN VERANEIO;0,;15,03;
176/050;TUBO INJ. CARB. FIAT 147 050 G;0,;15,17;
173/055;TUBO INJ. CARB. GOL 1600 055 A;0,;5,15;
401105035;TUBO INJETOR CARB.WEBER 450 MINI-PROGRESSIVO GASOL;9,;7,00;
401105070;TUBO INJETOR CARB.WEBER 450 MINI-PROGRESSIVO GASOL;10,;48,14;
401283;TUBO MISTURADOR BLFA SOLEX 30 34 FORD CORCEL BELIN;0,;129,73;
401285;TUBO MISTURADOR BLFA SOLEX 30 34 FORD ESCORT 83 A;0,;129,73;
401284;TUBO MISTURADOR BLFA SOLEX 30 34 FORD VERONA ESCOR;0,;129,73;
401290;TUBO MISTURADOR BLFA SOLEX 30 34 GM MONZA 85/86 1º;0,;129,73;
401289;TUBO MISTURADOR BLFA SOLEX 30 34 GM MONZA 85/86 GP;0,;129,73;
401291;TUBO MISTURADOR BLFA SOLEX 30 34 VW GOL PARATI SAV;0,;129,73;
401292;TUBO MISTURADOR BLFA SOLEX 30 34 VW GOL PARATI SAV;0,;129,73;
401288;TUBO MISTURADOR BLFA SOLEX 30 34 VW VOYAGE PARATI;0,;129,73;
401286;TUBO MISTURADOR BLFA SOLEX 30 34 VW VOYAGE PARATI;0,;142,32;
401287;TUBO MISTURADOR BLFA SOLEX 30 34 VW VOYAGE SAVEIRO;0,;129,73;
401214F30;TUBO MISTURADOR CHT WEBER 460 DUPLO FIAT UNO FORD;0,;26,41;
401214F28;TUBO MISTURADOR CHT WEBER 460 DUPLO FORD CORCEL BE;0,;36,10;
401214F22;TUBO MISTURADOR CHT WEBER 460 DUPLO FORD CORCEL II;0,;23,77;
401214F39;TUBO MISTURADOR CHT WEBER 460 DUPLO FORD CORCEL II;0,;29,18;
401214F24L;TUBO MISTURADOR CHT WEBER 460 DUPLO GM CHEVETTE 1;0,;29,18;
401214F43;TUBO MISTURADOR CHT WEBER 460 DUPLO GM CHEVETTE 1;0,;35,23;
401214F25L;TUBO MISTURADOR CHT WEBER 460 DUPLO GM CHEVETTE 1.;0,;26,41;
401214F36;TUBO MISTURADOR CHT WEBER 460 DUPLO GM CHEVETTE FO;0,;26,41;
401214F44;TUBO MISTURADOR CHT WEBER 460 FIAT 1.5 PREMIO ELBA;0,;38,12;
401214F42;TUBO MISTURADOR CHT WEBER 460 FIAT 1.5 UTILITARIOS;0,;38,12;
401214B15;TUBO MISTURADOR CHT WEBER 460 FIAT TEMPRA 2.0 UNO;0,;29,18;
401214B16;TUBO MISTURADOR CHT WEBER 460 FIAT TEMPRA 2.0 UNO;0,;26,26;
401214B13;TUBO MISTURADOR CHT WEBER 460 FIAT UNO SX 1300 84/;0,;26,41;
401214B26;TUBO MISTURADOR CHT WEBER 460 VW GOL 1000 92/... G;0,;37,32;
401214B20;TUBO MISTURADOR CHT WEBER 460 VW LOGUS 1.6 93/...;0,;36,10;
401214B17;TUBO MISTURADOR CHT WEBER 460 VW LOGUS ESCORT VERO;0,;26,41;
401214F300;TUBO MISTURADOR DFV WEBER 228 DFV FORD CORCEL BELI;0,;29,18;
401214F25C;TUBO MISTURADOR TLDF WEBER 495 DUPLO FIAT UNO 1.6;0,;23,53;
401214F74;TUBO MISTURADOR TLDF WEBER 495 DUPLO FIAT UNO 1.6;0,;36,10;
401214F50;TUBO MISTURADOR TLDF WEBER 495 FIAT UNO 1.6 PREMIO;0,;23,53;
401214B3;TUBO MISTURADOR WEBER 190 450 495 VW PASSAT VOYAGE;0,;23,53;
401214B2;TUBO MISTURADOR WEBER 190 450 M PROG GM CHEVETTE 1;0,;23,53;
401214F2;TUBO MISTURADOR WEBER 190 FIAT 147 1050 77 A 82 GA;0,;23,53;
401214F73;TUBO MISTURADOR WEBER 190 FIAT OGGI 1300 83/... GA;0,;25,71;
401214F86;TUBO MISTURADOR WEBER 190 FIAT UNO SX 1300 85/...;0,;25,71;
401214B10;TUBO MISTURADOR WEBER 190 GM MONZA 1.6 83/... ALC;0,;23,53;
401214B8;TUBO MISTURADOR WEBER 190 GM MONZA 1.6 83/... GAS;0,;16,07;
4012113;TUBO MISTURADOR WEBER 446 GM OPALA CARAVAN PICK UP;0,;38,69;
4012114;TUBO MISTURADOR WEBER 446 GM OPALA CARAVAN PICK UP;0,;34,82;
4012112;TUBO MISTURADOR WEBER 446 GM OPALA CARAVAN PICK-UP;0,;38,69;
401214B5;TUBO MISTURADOR WEBER 450 495 VW PASSAT TS 77 SANT;0,;23,53;
401214B4;TUBO MISTURADOR WEBER 450 495 VW PASSAT VOYAGE PAR;0,;23,53;
401214B11;TUBO MISTURADOR WEBER 450 M PROG DUPLO VW PASSAT V;0,;23,53;
401214B12;TUBO MISTURADOR WEBER 450 M PROG DUPLO VW PASSAT V;0,;23,53;
401214B6;TUBO MISTURADOR WEBER 450 M PROG DUPLO VW PASSAT V;0,;32,38;
401214B24;TUBO MISTURADOR WEBER 495 TLDZ FIAT UNO MILLE 93/.;0,;23,53;
401214F24C;TUBO MISTURADOR WEBER 495 TLDZ VW ESCORT 1.8 83 GO;0,;23,53;
401214F66;TUBO MISTURADOR WEBER 495 TLDZ VW GOL VOYAGE PARAT;0,;25,82;
401214B1;TUBO MISTURADOR WEBER 495 TLDZ VW PASSAT VOYAGE PA;0,;33,53;
4012117;TUBO PARTIDA FRIO CARB 450 460 VW GOL VOYAGE PARAT;0,;11,81;
11052;TUCHO CONICO CHT FORD/VW ROSCA VELA M-14;0,;13,73;
976;TUCHO CONICO OPALA/GOL/PASSAT C/VELA GRANDE M-14;0,;15,17;
349039;TUCHO CONICO ZETEC ROCAM FIESTA KA ROSCA VELA M14;0,;14,93;
030109423B;TUCHO HIDRAULICO MOTOR POWER;104,;31,40;
349038;TUCHO PARALELO ZETEC ROCAM FIESTA KA VELA M14;0,;14,79;
391501011;TV BOR CABEÇOTE HONDA / SUNDOWN MOTOR - CG 125CC;0,;1,80;
39170101;TV BOR CABEÇOTE HONDA / SUNDOWN MOTOR - CG 125CC;0,;1,86;
7002WS;VAL ANTI-CHAMA FIAT PALIO SIENA STRADA TDS;0,;6,57;
401299;VAL MAX 30 34 BLFA FORD ESCORT CORCEL DEL REY BELI;0,;37,30;
401298;VAL MAX 35 ALFA 1 FIAT UNO 147 FURGAO FIORINO PREM;0,;37,30;
401297;VAL MAX CHT TLDZ FORD CORCEL II DEL REY ESCORT GM;0,;37,30;
138;VALV ACELERAÇÃO CARB 2E/3E;0,;2,80;
544280401;VALVULA ADMISSAO CELTA/CORSA 10 L 8V FCI 5C2F02E0-;0,;32,44;
544300401;VALVULA ADMISSAO CELTA/CORSA 14 L 8V FCI DBD64D0E-;4,;31,98;
544980701;VALVULA ADMISSAO FIAT 14 8V MPI FIRE EVO (N) FCI 7;4,;43,38;
544620701;VALVULA ADMISSAO FIAT FIRE 14 8V EVO ECONOMY (N) F;4,;38,44;
545520301;VALVULA ADMISSAO FORD KA 1.0 12V 3 CIL. FCI 00533C;6,;28,24;
546400401;VALVULA ADMISSAO GM 1.0 12V 3 CIL ASP/TURB;0,;32,29;
544630701;VALVULA ADMISSAO PALIO 16/18 16V ETORQ (N) FCI 215;8,;39,84;
544860311;VALVULA ADMISSAO SANDERO 16 L 8V K7M (N) FCI CF71E;4,;44,89;
545440101;VALVULA ADMISSAO VW 1.0 12V /1.6 16V MSI EA211 FCI;6,;37,13;
541030301;VALVULA ADMISSAO ZETEC ROCAM 10 L 8V FCI D780939A-;4,;26,62;
1217164VT;VALVULA ANTI-CHAMA TAMPA VALVULA CHEVROLET CHEVROL;0,;136,26;
544290401;VALVULA ESCAPE CELTA/CORSA 10 L 8V (N);0,;42,13;
544310401;VALVULA ESCAPE CELTA/CORSA 14 L 8V (N) FCI E795291;4,;40,18;
544990701;VALVULA ESCAPE FIAT 14 8V MPI FIRE EVO (N) FCI 363;4,;53,84;
545530301;VALVULA ESCAPE FORD KA 1.0 12V 3 CIL.;6,;37,89;
546390401;VALVULA ESCAPE GM 1.0 12V 3 CILINDROS;6,;38,11;
540710701;VALVULA ESCAPE PALIO 10 L 8V FIRE (N) FCI 060387A3;4,;25,56;
544230701;VALVULA ESCAPE PALIO 14 L 8V FIRE(45G) (N);4,;39,07;
544640701;VALVULA ESCAPE PALIO 16/18 16V ETORQ (N) FCI 3FBDE;8,;41,78;
544870311;VALVULA ESCAPE SANDERO 16 L 8V K7M (N);4,;55,40;
545450101;VALVULA ESCAPE VW 1.0 12V/1.6 16V MSI EA211 FCI 71;0,;46,44;
541040301;VALVULA ESCAPE ZETEC ROCAM 10 L 8V FCI F3D02200-B8;4,;39,96;
7920VP;VÁLVULA SOLENÓIDE 2 VIAS CONECTOR ELETRÔNICO CITRO;3,;25,02;
93363296;VELA DE IGNICAO GM;150,;68,36;
46778915;VIRABREQ ARVORE MANIVELA-NV UNO/PALIO/SIENA/MOBI;5,;666,68;
46778917;VIRABREQUIM ARVORE MANIVELA FIAT FIRE 1.0;1,;666,68;
55273260;VIRABREQUIM ARVORE MANIVELA FIAT FIRE 1.4 DIVERSOS;-1,;941,17;
V5414;VIRABREQUIM GM 1.0;0,;1.571,43;
V5413;VIRABREQUIM GM 1.4;0,;1.659,84;
V400;VIRABREQUIM GM 1.8;1,;2.105,26;
032105101AC;VIRABREQUIM VW 1.6;10,;1.329,80;
V1112;VIRABREQUIM VW POWER 1.0;3,;2.142,86;
1223 9;ZINCADO RD. FERRO KOMBI CLIPER CH19 M14X1,5 (5 PCS;0,;42,56;
